OBJECTID;LAND;BEZ;LOR_ab_2021;UJAHR;UMONAT;USTUNDE;UWOCHENTAG;UKATEGORIE;UART;UTYP1;ULICHTVERH;IstRad;IstPKW;IstFuss;IstKrad;IstGkfz;IstSonstig;USTRZUSTAND;LINREFX;LINREFY;XGCSWGS84;YGCSWGS84
114364;11;3;3400830;2018;7;15;2;3;2;6;0;0;1;0;0;0;1;0;800063,0316;5833722,265;13,42854029;52,57060472
114365;11;2;2100101;2018;7;16;3;3;5;3;0;1;1;0;0;0;0;0;797886,1161;5825493,067;13,3891393;52,49803631
114366;11;4;4200310;2018;5;14;3;2;2;6;0;0;1;0;0;0;0;0;789155,173;5826158,542;13,26146539;52,50869877
114367;11;4;4300621;2018;2;14;7;3;6;7;0;0;1;1;0;0;0;0;791990,151;5826637,438;13,30353898;52,51148197
114368;11;5;5200528;2018;11;10;2;3;0;6;0;0;0;0;0;0;1;1;782200,8376;5825001,51;13,15829103;52,50196642
114369;11;11;11401032;2018;8;15;5;3;2;6;0;0;1;0;0;0;0;0;806269,4963;5827346,995;13,51395697;52,51001195
114370;11;2;3701659;2018;3;12;2;3;5;3;0;1;1;0;0;0;0;0;799862,1347;5828781,209;13,42112339;52,52642718
114372;11;9;9200613;2018;10;6;6;2;5;2;2;0;1;0;0;0;0;0;805386,943;5822357,728;13,49642143;52,46579047
114373;11;9;9100202;2018;8;13;3;2;5;2;0;1;0;0;0;0;1;0;803126,0581;5824537,774;13,46522447;52,48658905
114374;11;3;3601142;2018;4;15;2;3;0;1;0;1;0;0;0;0;0;0;799184,6027;5831150,298;13,41329912;52,54803466
114375;11;4;4200311;2018;4;13;4;3;5;2;0;0;1;0;0;0;0;0;790519,246;5826375,536;13,28169716;52,50991941
114376;11;3;3701657;2018;5;16;3;3;5;2;0;1;1;0;0;0;0;0;799971,0722;5830201,888;13,42400643;52,53910128
114377;11;3;3400721;2018;11;9;6;3;1;5;0;0;1;0;1;0;0;0;798155,9158;5833518,273;13,4003009;52,5698242
114378;11;1;1100102;2018;12;10;2;3;2;2;0;1;1;0;0;0;0;1;796420,9362;5826330,177;13,36836442;52,506338
114379;11;3;3601141;2018;9;17;5;3;5;2;0;1;0;0;0;0;1;0;799196,197;5831434,082;13,41372528;52,55057197
114380;11;4;4400830;2018;8;13;6;2;3;6;0;0;1;0;0;0;1;0;792422,279;5823069,107;13,30675603;52,47926121
114381;11;9;9200613;2018;6;6;6;3;3;6;0;1;0;0;0;0;1;0;806375,7735;5821375,387;13,51003015;52,4564328
114382;11;1;1400940;2018;7;14;4;3;5;3;0;0;1;0;1;0;0;0;795878,0973;5832062,424;13,36549219;52,55801691
114383;11;2;2500728;2018;5;8;4;2;5;3;0;1;1;0;0;0;0;0;803093,0802;5827650,614;13,46757327;52,51450732
114384;11;4;4300622;2018;2;12;7;3;2;6;0;0;1;0;0;0;0;0;793426,9793;5826879,435;13,32486386;52,51288035
114385;11;1;1300836;2018;11;22;2;3;5;3;2;0;1;0;0;0;0;0;796185,6817;5830195,838;13,36835116;52,54111769
114386;11;3;3601141;2018;6;14;1;3;2;6;0;0;1;0;0;0;0;0;799199,3994;5831496,843;13,41382892;52,55113277
114387;11;7;7200411;2018;12;20;5;2;6;2;2;0;1;1;0;0;0;0;795796,0669;5824129,259;13,35723023;52,48694773
114388;11;4;4300622;2018;10;13;7;3;3;6;0;0;1;0;1;0;0;0;793021,3483;5826811,28;13,31884366;52,51248743
114389;11;4;4300622;2018;2;11;7;3;5;7;0;0;1;0;0;0;1;0;793443,7259;5826865,452;13,3250976;52,51274599
114390;11;10;10400940;2018;8;16;4;3;5;3;0;1;1;0;0;0;0;0;812566,7895;5827181,035;13,60629127;52,50495334
114391;11;2;2500833;2018;4;22;4;3;6;4;2;1;0;1;0;0;0;0;802062,0003;5827300,352;13,45210723;52,51193991
114392;11;2;2500728;2018;3;15;6;2;6;4;0;0;1;1;0;0;0;0;802734,8578;5827671,337;13,46232936;52,51489201
114393;11;1;1100311;2018;5;20;4;3;5;3;0;1;1;0;0;0;0;0;800002,0919;5828076,13;13,42254422;52,52003031
114394;11;2;2200208;2018;10;9;4;3;2;2;0;1;1;0;0;0;0;0;797898,4872;5825431,844;13,38926624;52,49748077
114395;11;3;3400826;2018;2;12;7;2;5;2;0;1;1;0;0;0;0;0;798793,3216;5832828,26;13,40905624;52,5632898
114396;11;11;11401032;2018;11;5;3;3;2;6;2;0;1;0;0;0;0;0;806096,5111;5827373,781;13,51144065;52,5103491
114397;11;4;4200206;2018;9;17;7;3;1;5;0;1;1;0;0;0;0;0;787869,6435;5825953,017;13,24239853;52,50753603
114398;11;3;3601449;2018;8;14;6;3;3;6;0;0;1;0;0;0;1;0;801300,3016;5830961,404;13,44423493;52,54517559
114399;11;3;3601451;2018;6;23;1;3;6;2;2;0;1;1;0;0;0;0;800918,663;5829714,529;13,43749481;52,53421058
114400;11;4;4300622;2018;7;13;1;3;2;6;0;1;1;0;0;0;0;0;793122,6771;5826807,464;13,32032918;52,51239878
114401;11;3;3701657;2018;6;20;3;3;6;4;0;1;0;1;0;0;0;0;800070,6435;5830538,54;13,4257742;52,54206397
114402;11;3;3400620;2018;8;20;4;2;0;1;0;0;0;0;1;0;0;0;798014,9706;5833641,658;13,39833831;52,57100736
114403;11;7;7200410;2018;5;15;5;3;3;6;0;1;0;0;0;0;1;0;795784,752;5824104,839;13,35704241;52,48673495
114404;11;2;2500729;2018;4;10;5;3;0;1;0;0;0;0;1;0;0;0;803540,8439;5827588,058;13,47409437;52,51369765
114405;11;6;6300527;2018;12;16;2;3;6;4;2;0;1;1;0;0;0;0;790449,8817;5818459,552;13,27378434;52,43898821
114406;11;1;1100104;2018;9;11;7;3;5;7;0;1;1;0;0;0;0;0;796349,339;5826136,498;13,36714022;52,50464075
114407;11;6;6400737;2018;9;11;7;3;2;2;0;0;1;0;0;0;0;0;785263,0836;5816291,104;13,19583825;52,4222758
114408;11;3;3601142;2018;7;18;6;3;0;1;0;1;1;0;0;0;0;0;799163,4288;5830571,461;13,41246644;52,54285791
114409;11;1;1100207;2018;3;21;3;3;3;6;2;1;1;0;0;0;0;1;797703,5182;5826841,386;13,38766298;52,51022204
114410;11;2;2400522;2018;7;22;6;3;1;5;2;1;1;0;0;0;0;0;801882,8554;5827775,058;13,44990611;52,51629389
114411;11;3;3601347;2018;3;9;4;3;0;1;0;0;0;0;1;0;0;1;799186,561;5830368,697;13,41262392;52,54102775
114412;11;2;2500727;2018;5;15;6;3;3;6;0;0;1;0;1;0;0;0;802146,7508;5827745,195;13,45375618;52,5158801
114413;11;3;3701660;2018;10;17;5;3;1;5;0;1;0;0;0;0;1;0;800473,2;5829681,542;13,43091734;52,53416067
114414;11;3;3601449;2018;2;5;7;3;5;3;2;0;1;0;0;0;1;2;801341,8612;5830997,418;13,44487861;52,5454754
114415;11;1;1100104;2018;11;23;6;3;2;6;2;0;1;0;0;0;0;0;796175,3283;5825767,071;13,36425541;52,50142365
114416;11;4;4300414;2018;9;9;2;3;0;2;0;1;1;0;0;0;0;0;791021,9995;5826457,547;13,28915596;52,51038665
114417;11;3;3400723;2018;8;14;7;3;2;6;0;1;1;0;0;0;1;0;798401,4422;5833432,991;13,40383611;52,56892524
114418;11;7;7501133;2018;3;15;1;3;6;7;0;0;1;1;0;0;0;0;797542,4084;5818270,173;13,37765096;52,43347813
114419;11;1;1100310;2018;10;16;3;3;5;2;0;0;1;0;1;0;1;0;799229,2056;5827873,061;13,41100463;52,51863475
114420;11;9;9200613;2018;8;21;5;3;8;1;2;0;1;0;0;0;0;0;806594,5939;5821141,56;13,51302578;52,45421446
114421;11;4;4300622;2018;4;17;7;3;3;6;0;0;1;0;1;0;0;0;793672,9179;5826920,96;13,3285142;52,51312024
114422;11;1;1100310;2018;4;7;7;3;5;7;0;0;1;0;0;0;0;0;799698,6594;5828473,117;13,41844327;52,52375551
114423;11;4;4400830;2018;6;15;6;3;3;6;0;0;1;0;0;0;0;0;792390,2505;5823506,181;13,30666908;52,48319664
114424;11;1;1100104;2018;12;17;6;3;2;6;2;0;1;0;0;0;0;1;796189,9736;5825799,411;13,3644993;52,5017056
114425;11;2;2500729;2018;9;7;2;2;5;3;0;1;0;0;1;0;0;0;803308,6414;5827628,703;13,47072015;52,51419111
114426;11;1;1100205;2018;9;8;3;3;2;6;0;1;1;0;0;0;0;0;797315,6179;5826777,616;13,38190718;52,50986198
114427;11;11;11100101;2018;6;17;3;3;5;3;0;0;1;0;1;0;0;0;803673,798;5835112,243;13,4829273;52,58106016
114428;11;4;4100101;2018;7;11;7;3;8;1;0;0;1;0;0;0;0;0;792239,019;5829354,206;13,30958302;52,53570378
114429;11;3;3701657;2018;5;19;1;3;2;2;0;1;0;0;0;0;0;0;800391,0857;5830003,013;13,43000094;52,53708736
114430;11;7;7300619;2018;2;16;6;3;2;6;0;0;1;0;0;0;0;0;795695,3261;5823158,448;13,35488984;52,47829972
114431;11;12;12200310;2018;11;21;6;3;2;6;2;0;1;0;0;0;0;0;791725,5724;5833271,936;13,30547724;52,57110028
114433;11;3;3701657;2018;10;10;4;3;2;6;0;0;1;0;0;0;0;0;800233,881;5830079,569;13,42775927;52,53786018
114434;11;2;2500727;2018;8;8;2;3;5;2;0;0;1;0;0;0;0;0;802582,9506;5827686,57;13,46011146;52,51511283
114435;11;7;7400927;2018;4;21;1;3;8;1;2;0;1;0;0;0;0;0;799064,3607;5821745,458;13,40308275;52,4637997
114436;11;12;12100103;2018;4;20;2;3;5;2;2;0;1;0;0;0;0;0;795337,3903;5833744,548;13,35903702;52,57338911
114437;11;4;4300414;2018;5;15;2;3;0;1;0;1;0;0;0;0;0;0;790984,1939;5826470,001;13,28861135;52,51051846
114438;11;2;2500830;2018;10;17;3;3;5;3;1;1;0;0;0;0;0;1;802151,1522;5827578,603;13,45366957;52,5143845
114439;11;7;7300619;2018;2;14;6;3;2;6;0;0;1;0;0;0;0;0;795811,6803;5822635,173;13,35613395;52,47354595
114440;11;3;3701657;2018;12;12;7;3;5;2;0;1;1;0;0;0;0;0;799993,3696;5830194,546;13,42432758;52,5390232
114441;11;4;4200310;2018;9;14;4;3;2;6;0;0;1;0;0;0;0;0;789219,5507;5826168,989;13,26242039;52,5087583
114442;11;3;3500936;2018;8;19;5;3;0;1;2;0;0;0;1;0;0;1;802289,2107;5831572,211;13,45932954;52,55010241
114443;11;1;1100311;2018;6;8;5;3;3;6;0;0;1;0;1;0;0;0;799896,8594;5828150,061;13,42106459;52,52075087
114444;11;3;3601142;2018;6;16;5;3;5;2;0;1;0;0;0;0;1;0;799138,236;5830604,496;13,4121258;52,54316786
114445;11;2;2400520;2018;8;12;6;3;0;6;0;0;0;0;1;1;0;0;799901,4579;5828783,816;13,42170364;52,52642892
114446;11;1;1100310;2018;3;12;2;3;5;3;0;1;1;0;0;0;0;1;799319,0588;5827969,789;13,41241194;52,51945246
114447;11;6;6300526;2018;4;17;2;3;1;7;0;0;1;0;0;0;0;0;789203,8535;5817998,912;13,25510629;52,4355187
114448;11;2;2200209;2018;4;15;1;3;0;7;0;1;0;0;0;0;0;0;797738,5453;5824433,445;13,38602493;52,48861856
114449;11;1;1100102;2018;6;19;6;3;2;6;1;0;1;0;0;0;0;1;795570,514;5827243,44;13,35668218;52,51498604
114450;11;7;7400824;2018;12;20;1;3;2;6;2;0;1;0;0;0;0;1;797850,9933;5821996,635;13,38549964;52,46671398
114451;11;1;1400940;2018;9;16;2;3;5;3;0;0;1;0;0;0;0;0;795878,0973;5832062,424;13,36549219;52,55801691
114452;11;4;4100101;2018;9;11;3;2;2;6;0;0;1;0;0;0;0;0;791285,1515;5829951,633;13,29608333;52,54157028
114453;11;1;1100102;2018;6;12;4;3;5;3;0;0;1;0;0;0;0;0;796449,195;5826441,205;13,36887843;52,50731791
114454;11;3;3701659;2018;7;7;2;3;5;2;0;1;1;0;0;0;0;0;800008,4531;5828978,782;13,42345197;52,52811761
114455;11;2;2500729;2018;5;8;2;2;3;6;0;1;0;0;0;0;0;0;803330,2025;5827626,444;13,47103485;52,51415888
114456;11;4;4200311;2018;2;13;6;3;3;6;0;0;1;0;0;0;0;0;790692,7074;5826330,259;13,28420635;52,50942109
114457;11;8;8200622;2018;11;2;1;3;2;6;2;0;1;0;0;0;0;0;802297,0042;5821930,239;13,45068877;52,46367715
114459;11;4;4400727;2018;10;20;4;2;2;6;2;0;1;0;0;0;0;0;791569,971;5824363,707;13,29537418;52,49132295
114460;11;12;12400619;2018;8;22;2;3;0;6;2;0;1;0;1;0;0;0;787889,0259;5837523,083;13,25272039;52,6112559
114461;11;1;1100102;2018;4;17;1;3;0;6;0;0;1;0;1;0;0;0;796574,1898;5827397,273;13,37156667;52,51582017
114462;11;7;7400927;2018;4;9;3;2;2;6;0;0;1;0;0;0;0;1;799455,588;5821513,785;13,40861638;52,4615088
114463;11;9;9100409;2018;5;8;2;3;2;6;0;0;1;0;0;0;0;0;805750,1536;5818798,566;13,49849355;52,43368826
114464;11;4;4300622;2018;10;8;4;3;5;3;0;0;1;0;0;0;0;0;793713,9456;5826927,887;13,32912315;52,51316025
114465;11;5;5200528;2018;2;9;6;3;6;4;0;0;1;1;0;0;0;0;783324,415;5826483,454;13,17606094;52,51467171
114466;11;7;7601341;2018;12;8;2;3;2;6;0;0;1;0;0;0;0;1;796378,7331;5815290,17;13,3579444;52,40739628
114467;11;3;3601245;2018;9;17;4;3;0;2;0;1;1;0;0;0;0;0;800219,41;5831110,197;13,42847793;52,54710595
114468;11;3;3501037;2018;8;11;5;3;2;6;0;0;1;0;0;1;1;1;802863,3197;5833053,837;13,46912259;52,56306298
114469;11;4;4501153;2018;6;15;5;3;2;6;0;0;1;0;0;0;0;0;793890,3113;5823008,437;13,32825669;52,47792928
114470;11;1;1100102;2018;7;12;4;3;3;6;0;0;1;0;1;0;0;0;796605,418;5826802,971;13,37149582;52,51047586
114471;11;10;10400837;2018;2;13;6;3;2;6;0;0;1;0;0;0;0;0;811520,9099;5827129,5;13,59088379;52,50508964
114472;11;2;2500729;2018;11;3;1;1;6;4;2;0;1;1;0;0;0;0;803314,7001;5827611,831;13,47079378;52,51403653
114473;11;7;7601442;2018;6;13;6;3;6;4;0;0;0;1;0;0;1;0;799366,0264;5815999,087;13,40236332;52,41212573
114474;11;7;7400927;2018;5;9;3;3;2;6;0;0;1;0;0;0;0;0;798516,1416;5822086,933;13,39534268;52,46716038
114475;11;3;3601449;2018;12;18;3;2;5;2;2;0;1;0;0;0;0;1;801344,29;5830999,574;13,44491627;52,54549338
114476;11;2;2400625;2018;10;20;5;3;6;4;2;1;0;1;0;0;0;0;801871,4046;5826517,026;13,44859688;52,50502442
114477;11;6;6300526;2018;2;16;6;3;6;4;0;0;1;1;0;0;0;0;789576,585;5817961,86;13,26054181;52,4349893
114478;11;3;3601141;2018;7;16;2;3;6;4;0;1;0;1;0;0;0;0;799214,0426;5831306,642;13,41387286;52,54941987
114479;11;1;1100102;2018;4;11;4;3;2;6;0;0;1;0;0;0;0;0;794430,0666;5827034,35;13,33973958;52,51372853
114480;11;1;1100102;2018;7;21;1;2;5;3;2;0;1;0;0;0;0;0;796672,2589;5826217,936;13,37195644;52,50519526
114481;11;2;2200209;2018;3;17;5;3;6;7;2;1;0;1;0;0;0;1;797754,3193;5824624,881;13,38642761;52,49032596
114482;11;2;2500728;2018;5;16;4;3;3;6;0;1;1;0;0;0;0;0;802646,2833;5827680,219;13,46103614;52,51502077
114483;11;7;7501133;2018;10;14;3;3;5;2;0;0;1;0;0;0;1;1;797491,9697;5818043,162;13,37670924;52,43147062
114484;11;12;12400723;2018;2;8;5;3;6;2;0;0;1;1;0;0;0;1;792161,2123;5838425,515;13,31643315;52,61706615
114485;11;4;4200206;2018;11;22;1;3;5;2;2;0;1;0;0;0;1;0;787146,9995;5825836,514;13,23167987;52,50687235
114486;11;2;2500727;2018;9;17;6;3;5;2;0;1;1;0;0;0;0;0;802177,644;5827745,738;13,45421055;52,51586785
114487;11;1;1300836;2018;8;21;5;3;5;2;2;1;1;0;0;0;0;0;796195,046;5830185,826;13,36847991;52,54102285
114488;11;2;2500727;2018;6;10;7;3;5;2;0;1;1;0;0;0;0;0;802177,644;5827745,738;13,45421055;52,51586785
114489;11;7;7200411;2018;6;16;7;3;2;6;0;0;1;0;0;0;0;0;795935,0916;5824418,414;13,35952847;52,48946442
114490;11;3;3601449;2018;6;15;2;3;2;6;0;0;0;0;1;1;0;0;801291,3975;5830986,625;13,4441269;52,54540657
114491;11;2;2400625;2018;8;15;4;3;2;6;0;0;1;0;0;0;1;0;801820,8468;5826375,937;13,44772636;52,50378779
114492;11;7;7501133;2018;5;9;5;2;6;6;0;1;0;1;0;0;0;0;798627,5198;5817773,586;13,39312153;52,42843549
114493;11;11;11300725;2018;4;17;4;3;3;6;0;1;1;0;0;0;0;0;804979,9159;5827441,052;13,49510035;52,51157741
114494;11;10;10300733;2018;12;20;6;3;2;6;2;0;1;0;0;0;0;0;808878,3338;5827412,24;13,55233659;52,50912584
114495;11;12;12100204;2018;9;8;6;3;5;2;0;1;1;0;0;0;0;0;795559,6196;5833204,293;13,36182522;52,56842561
114496;11;4;4200311;2018;9;19;6;3;6;7;1;1;0;1;0;0;0;0;790301,4983;5826357,903;13,27848233;52,50987725
114497;11;12;12400619;2018;7;14;5;3;2;6;0;0;1;0;1;0;0;0;789301,9262;5836731,935;13,27283725;52,60341302
114498;11;4;4200308;2018;3;15;2;3;2;6;0;0;1;0;0;0;0;0;790556,7567;5827377,035;13,28312285;52,51887791
114499;11;1;1100207;2018;7;16;5;3;2;6;0;0;1;0;0;0;0;1;798812,1881;5827209,407;13,40428103;52,51291468
114500;11;4;4200311;2018;3;17;2;3;2;6;0;0;1;0;0;0;0;0;790460,0497;5825435,582;13,28000728;52,50152416
114501;11;4;4100101;2018;5;14;5;3;3;6;0;0;1;0;1;0;0;0;790859,2215;5828945,872;13,28894022;52,53278123
114502;11;12;12400619;2018;2;8;5;3;2;6;0;0;1;0;0;0;0;0;788114,988;5837395,578;13,25593727;52,60999305
114503;11;8;9100306;2018;11;21;4;2;2;6;2;0;1;0;0;1;0;0;802939,9971;5821204,888;13,45946613;52,45681974
114504;11;3;3601451;2018;9;9;1;3;5;3;0;1;1;0;0;0;0;0;800844,5183;5830326,69;13,43695919;52,53973842
114505;11;1;1100310;2018;8;10;7;3;9;1;0;0;0;0;1;0;0;1;799790,6118;5828610,011;13,41991794;52,524932
114507;11;3;3100101;2018;10;16;2;3;2;6;0;0;1;0;0;0;0;0;800921,977;5838661,237;13,44566279;52,61439859
114508;11;2;2400625;2018;8;3;5;3;6;6;2;1;0;1;0;0;0;0;801855,9962;5826471,537;13,44832931;52,50462522
114509;11;1;1100311;2018;4;10;6;3;3;6;0;0;1;0;1;0;0;0;799786,3142;5828197,842;13,41948327;52,52123993
114510;11;7;7400824;2018;4;15;6;2;8;1;0;0;1;0;0;0;0;0;797577,0687;5822327,712;13,38177452;52,46983099
114511;11;1;1100310;2018;5;17;5;3;3;6;0;0;1;0;0;1;0;0;799231,3454;5828414,676;13,41152331;52,52348834
114512;11;2;2200207;2018;12;19;5;3;2;6;2;0;1;0;0;0;0;1;796862,533;5825938,161;13,37450212;52,50258388
114513;11;9;9100203;2018;9;3;1;3;9;1;2;0;1;0;0;0;0;1;803711,5274;5824016,397;13,47334524;52,48159069
114514;11;3;3400723;2018;9;16;3;3;3;6;0;0;0;0;1;0;1;0;798398,6137;5833438,064;13,40379907;52,56897226
114515;11;10;10300733;2018;6;10;2;2;3;6;0;0;1;0;1;0;0;0;809554,4957;5827388,801;13,56224597;52,50853255
114516;11;1;1100310;2018;7;16;6;3;5;2;0;1;1;0;0;0;0;0;799571,012;5828269,929;13,41638443;52,5220044
114517;11;1;1100205;2018;5;13;7;3;1;5;0;1;1;0;0;0;1;0;797301,5961;5826775,264;13,38169908;52,50984853
114518;11;3;3501037;2018;2;15;5;3;2;6;0;0;1;0;0;0;0;0;802774,2448;5832798,266;13,46757933;52,5608219
114519;11;2;2500729;2018;11;15;6;3;2;6;0;0;1;0;0;0;0;0;803267,8891;5827632,916;13,47012529;52,51425153
114521;11;7;7200411;2018;10;15;3;3;1;5;0;0;1;0;1;0;0;0;795805,3312;5824182,291;13,35741334;52,4874181
114522;11;4;4400726;2018;8;13;1;3;2;6;0;0;1;0;0;0;0;0;790760,633;5824872,301;13,28393125;52,49631424
114523;11;4;4300414;2018;4;19;7;3;3;6;0;0;1;0;0;0;0;0;790799,8739;5826477,901;13,28590995;52,51068758
114524;11;3;3200206;2018;3;17;7;3;0;1;0;0;1;0;0;0;0;1;797966,269;5834631,456;13,39851134;52,57990615
114525;11;9;9100101;2018;5;3;1;2;5;3;2;1;1;0;0;0;0;0;802580,269;5825073,445;13,4576975;52,491693
114526;11;1;1300836;2018;10;11;3;3;6;7;0;0;1;1;0;0;0;0;796270,2136;5830362,029;13,36974216;52,54256147
114527;11;4;4300622;2018;2;15;5;3;3;2;0;0;1;0;0;0;0;0;793142,6318;5826842,202;13,32065298;52,51269946
114528;11;10;10400940;2018;11;19;6;3;2;6;2;0;1;0;0;0;0;1;812809,8414;5827178,937;13,60985856;52,50479525
114529;11;2;2200208;2018;9;18;3;3;3;6;1;0;1;0;1;0;0;0;797895,0762;5825129,566;13,38894582;52,49477307
114530;11;12;12100205;2018;8;8;4;3;5;2;0;0;1;0;0;0;0;0;794372,2524;5834512,631;13,34551867;52,58079722
114531;11;11;11300722;2018;6;15;4;2;0;1;0;0;0;0;1;0;0;0;804143,4215;5827527,967;13,48289174;52,51282342
114532;11;6;6400737;2018;7;13;3;3;2;2;0;0;1;0;0;0;0;0;785240,7079;5816187,65;13,19542188;52,42135987
114533;11;1;1100311;2018;6;0;4;3;5;3;2;1;1;0;0;0;0;0;799999,9857;5828077,04;13,42251409;52,52003963
114534;11;12;12200411;2018;5;11;2;2;0;6;0;0;1;0;1;0;0;0;792250,7596;5832574,279;13,31258976;52,56456433
114535;11;4;4200311;2018;4;15;7;3;3;6;0;0;1;0;0;1;0;0;790465,4412;5825331,734;13,2799959;52,50059029
114536;11;3;3601142;2018;12;18;7;3;5;2;2;1;0;0;0;0;1;1;799141,926;5830367,385;13,41196655;52,54104049
114537;11;7;7400824;2018;10;6;3;3;2;6;2;0;1;0;0;0;0;0;797846,1507;5822370,06;13,38576192;52,47006396
114538;11;6;6400737;2018;2;5;4;3;0;7;2;0;1;0;0;1;0;0;785006,9056;5817649,481;13,19323884;52,4345888
114539;11;4;4300620;2018;7;8;2;3;3;6;0;1;1;0;0;0;0;0;793963,9415;5826951,772;13,33281756;52,51323968
114540;11;4;4400727;2018;4;12;3;3;2;6;0;0;1;0;0;0;0;0;791502,6084;5824421,034;13,29443498;52,49187286
114541;11;1;1401044;2018;7;14;5;2;6;4;0;1;0;1;0;0;0;0;796193,7458;5831014,162;13,36919944;52,54844875
114542;11;9;9100306;2018;3;9;3;3;2;6;0;0;1;0;0;0;1;1;803092,2608;5820916,366;13,46143828;52,4541493
114543;11;4;4100102;2018;5;8;3;3;3;6;0;0;1;0;0;1;0;0;791731,8903;5829187,113;13,30198076;52,53447752
114544;11;7;7400825;2018;10;6;2;3;2;6;2;0;1;0;0;0;0;0;797863,6978;5820463,326;13,38431797;52,45296261
114545;11;4;4200310;2018;2;19;4;2;6;4;2;0;0;1;1;0;0;0;789218,9204;5826168,886;13,26241104;52,50875772
114546;11;1;1100310;2018;11;19;4;3;6;4;2;1;0;1;0;0;0;1;799094,5443;5827618,902;13,40879746;52,51643045
114547;11;3;3601142;2018;9;19;5;3;3;6;2;1;0;0;0;0;0;1;799187,0853;5830934,489;13,41314121;52,54609891
114548;11;3;3601347;2018;8;16;3;3;5;3;0;1;0;0;0;0;0;0;799324,8119;5830348,681;13,41463833;52,54077241
114549;11;12;12500930;2018;6;11;6;3;5;2;0;0;1;0;0;0;0;0;794097,9932;5835017,312;13,34193057;52,58546962
114550;11;3;3701657;2018;6;6;7;3;1;5;0;0;1;0;1;0;1;0;800121,9058;5830163,208;13,42618879;52,53867154
114551;11;12;12200310;2018;8;17;2;3;2;6;0;0;1;0;0;0;0;0;792099,0837;5832634,544;13,31041151;52,56518598
114552;11;7;7601442;2018;5;12;4;3;6;4;0;1;0;1;0;0;0;0;799139,7557;5816600,771;13,39958427;52,41764279
114553;11;9;9200613;2018;4;15;3;2;2;6;0;0;1;0;0;0;0;0;805385,423;5822335,482;13,49637877;52,46559194
114554;11;2;2100101;2018;7;18;3;3;6;2;0;0;1;1;0;0;0;0;797030,721;5825876,304;13,37691747;52,50193787
114555;11;3;3601451;2018;2;11;4;3;2;6;0;0;1;0;0;0;0;0;800607,911;5829898,62;13,43309373;52,53603211
114556;11;7;7200411;2018;11;9;7;3;1;5;0;1;0;0;0;0;1;0;795948,0646;5824445,538;13,35974306;52,48970053
114557;11;3;3500933;2018;6;13;5;3;0;6;0;0;1;0;1;0;0;1;802801,0353;5831938,215;13,46718876;52,55309857
114558;11;11;11401032;2018;5;16;3;3;2;6;0;0;1;0;0;0;0;0;805603,119;5827379,345;13,50419827;52,51067559
114559;11;12;12100101;2018;12;13;1;3;2;6;0;0;1;0;0;0;0;1;795838,8102;5832196,91;13,36503424;52,55924379
114560;11;2;2500830;2018;10;5;4;3;0;1;2;0;0;0;1;0;0;1;802141,5988;5827682,012;13,45362311;52,51531665
114561;11;7;7501030;2018;2;16;4;3;2;6;0;0;1;0;0;0;0;0;797951,9778;5819967,858;13,38517126;52,44847315
114562;11;3;3701660;2018;7;20;2;3;3;6;0;1;0;0;0;0;0;0;800379,2383;5829577,239;13,42944198;52,53327756
114563;11;1;1100310;2018;4;5;3;3;5;2;0;0;1;0;1;0;0;0;799100,0577;5827681,931;13,40893513;52,5169924
114564;11;10;10300733;2018;7;13;6;3;3;6;0;0;1;0;0;1;0;0;809585,6772;5827356,846;13,56267422;52,50822849
114565;11;1;1100207;2018;3;15;4;3;0;6;0;0;1;0;0;0;1;0;798530,766;5826999,338;13,39995793;52,5111858
114566;11;1;1100102;2018;5;15;3;3;2;6;0;0;1;0;0;0;0;0;796767,0215;5826691,228;13,37377043;52,50938631
114567;11;1;1100102;2018;10;17;2;3;2;6;1;0;1;0;0;0;1;1;796427,883;5826353,63;13,36848736;52,50654446
114568;11;9;9100202;2018;2;14;4;2;9;1;0;0;1;0;0;0;0;0;803104,6808;5824558,304;13,46492928;52,48678492
114569;11;2;2400625;2018;11;18;6;2;3;6;2;1;0;0;0;0;0;0;801803,8277;5826336,724;13,44744084;52,50344574
114570;11;12;12500930;2018;9;15;6;3;0;3;0;1;0;0;0;0;0;0;794065,5399;5835077,796;13,34150662;52,58602936
114571;11;11;11401032;2018;8;11;4;2;5;2;0;1;1;0;0;0;0;0;805656,9675;5827375,724;13,50498594;52,51061296
114572;11;1;1100310;2018;6;4;7;3;3;6;0;1;0;0;0;0;0;0;799074,1288;5827637,288;13,40851402;52,51660646
114573;11;2;2500727;2018;6;17;1;3;0;7;0;1;0;0;0;0;1;0;802140,6829;5827876,701;13,45378645;52,51706215
114574;11;7;7601236;2018;8;6;3;3;5;2;0;1;1;0;0;0;0;0;796608,2271;5815999,176;13,36193641;52,41362773
114575;11;4;4300415;2018;5;14;5;3;2;6;0;0;1;0;0;0;0;0;790766,9119;5826367,36;13,28532905;52,50971415
114576;11;10;10400940;2018;4;6;3;2;5;2;1;0;1;0;1;0;0;0;813054,7227;5827191,132;13,61346612;52,5047641
114577;11;4;4400726;2018;12;17;5;3;2;6;1;0;1;0;0;0;1;1;790772,9528;5824849,312;13,28409214;52,49610157
114578;11;1;2400520;2018;9;14;5;3;6;4;0;0;0;1;1;0;0;0;799796,4284;5828684,429;13,42007051;52,52559584