OBJECTID;LAND;BEZ;LOR_ab_2021;UJAHR;UMONAT;USTUNDE;UWOCHENTAG;UKATEGORIE;UART;UTYP1;ULICHTVERH;IstRad;IstPKW;IstFuss;IstKrad;IstGkfz;IstSonstig;USTRZUSTAND;LINREFX;LINREFY;XGCSWGS84;YGCSWGS84
115009;11;7;7100206;2018;6;16;7;3;2;6;0;0;1;0;0;0;1;0;796008,556;5824749,889;13,36090176;52,49239598
115010;11;3;3400723;2018;8;2;1;3;1;5;2;1;1;0;0;0;0;0;798555,5115;5833147,836;13,40584593;52,56628478
115011;11;2;2500728;2018;5;8;4;3;5;2;0;1;1;0;0;0;0;0;803093,7398;5827650,548;13,4675829;52,51450637
115012;11;7;7400825;2018;4;12;3;3;3;6;0;0;1;0;0;0;0;0;797821,3148;5820716,189;13,38392162;52,45525235
115013;11;3;3200206;2018;12;16;3;3;5;7;2;0;1;0;0;0;1;1;797954,9187;5834595,74;13,39831222;52,57959223
115014;11;6;6300629;2018;9;13;3;2;6;7;0;1;0;1;0;0;0;0;791688,7847;5819254,677;13,29265264;52,44545716
115015;11;4;4501146;2018;9;9;5;3;2;6;0;0;1;0;0;0;0;0;792465,4963;5823899,177;13,30811881;52,48667947
115016;11;10;10100312;2018;7;8;3;3;5;3;0;0;1;0;0;0;0;0;807669,0694;5829981,716;13,53695149;52,53283675
115017;11;7;7501133;2018;7;12;3;2;1;6;0;0;1;0;1;0;0;0;798236,4921;5818742,079;13,38825131;52,43733027
115018;11;2;2100101;2018;5;13;4;2;3;6;0;1;1;0;0;0;0;0;797370,6096;5825589,451;13,38165388;52,49918143
115019;11;2;2200208;2018;2;8;3;3;0;2;0;1;1;0;0;0;0;2;797920,461;5825329,43;13,38949737;52,49655076
115020;11;11;11300722;2018;11;12;2;2;5;3;0;1;0;0;0;0;0;0;804243,754;5827532,386;13,4843697;52,51280708
115021;11;7;7100205;2018;8;20;5;3;2;2;0;0;1;0;1;0;0;0;796022,0563;5825219,944;13,3615177;52,49660231
115023;11;4;4200311;2018;10;8;7;2;2;6;0;0;0;0;1;0;1;0;790540,6099;5825806,794;13,28151467;52,50480922
115024;11;8;8200622;2018;8;7;4;3;3;6;0;0;0;0;1;0;1;0;801732,6142;5821821,535;13,44230819;52,46301476
115025;11;12;12100204;2018;4;11;4;3;6;7;0;0;1;1;0;0;0;0;795699,2144;5832840,644;13,36355469;52,56509005
115026;11;7;7300619;2018;4;11;5;2;2;6;0;0;1;0;1;0;0;0;796253,6557;5822700,035;13,36267962;52,47388785
115027;11;11;11300722;2018;5;9;4;3;6;7;0;1;0;1;0;0;0;0;803695,4957;5827588,564;13,47636679;52,5136161
115028;11;12;12500930;2018;11;16;6;3;5;3;0;0;0;0;1;0;1;0;793996,5917;5835202,506;13,34060252;52,58718455
115029;11;3;3701660;2018;12;17;4;3;5;3;2;1;1;0;0;0;0;1;800151,6143;5829165,879;13,42572486;52,52971581
115030;11;2;2400522;2018;9;11;5;3;5;2;0;1;0;0;0;0;0;0;801413,262;5827806,94;13,44303558;52,51683937
115031;11;4;4300621;2018;8;15;6;3;5;2;0;1;1;0;0;0;0;0;792170,9851;5826668,106;13,30622298;52,51166007
115032;11;1;1100205;2018;6;18;6;3;3;6;0;1;1;0;0;0;0;0;797566,5934;5826819,274;13,38563159;52,51009854
115033;11;3;3400723;2018;7;18;5;3;3;6;0;1;1;0;0;0;0;0;798406,2194;5833424,423;13,40389868;52,56884582
115034;11;4;4300414;2018;5;10;4;3;6;4;0;0;1;1;0;0;0;0;790985,6297;5826451,626;13,28861638;52,51035297
115035;11;1;1401044;2018;2;7;3;3;2;2;0;1;1;0;0;0;0;0;796047,0041;5831366,764;13,36735603;52,55168924
115036;11;3;3601449;2018;11;12;3;3;2;6;0;0;1;0;0;1;0;0;800958,9909;5830511,586;13,43880944;52,54133246
115037;11;3;3500936;2018;6;16;2;3;3;6;0;0;1;0;1;0;0;0;802080,4916;5831476,177;13,45617331;52,54935745
115038;11;3;3200206;2018;12;16;7;3;6;3;2;0;1;1;0;0;0;0;798256,2689;5834745,799;13,4028814;52,58077219
115039;11;4;4400727;2018;10;14;1;3;2;6;0;0;0;0;0;0;1;0;791593,9089;5824342,817;13,29570747;52,49112289
115040;11;8;8100521;2018;8;20;6;3;0;7;1;0;1;0;0;0;0;0;802656,172;5821727,345;13,45577542;52,46165979
115041;11;4;4501153;2018;4;18;5;3;2;6;0;0;1;0;0;0;0;0;793930,1574;5823010,776;13,32884377;52,4779288
115042;11;4;4100101;2018;3;21;2;3;9;1;2;0;1;0;0;0;0;0;791501,4487;5830528,946;13,29977032;52,5466301
115043;11;7;7200308;2018;5;16;5;3;2;6;0;0;1;0;1;0;0;0;795450,0531;5823392,657;13,3514964;52,48053198
115044;11;7;7501133;2018;10;15;6;2;6;7;0;0;1;1;0;0;0;0;798341,7572;5818458,238;13,38954193;52,43472855
115045;11;3;3200204;2018;2;6;3;3;0;1;0;0;1;0;0;0;0;1;796725,0893;5839715,75;13,38480526;52,62615861
115046;11;7;7300619;2018;11;15;5;3;9;7;0;0;0;0;0;0;1;0;795459,288;5822579,652;13,35091169;52,47323897
115047;11;1;1100310;2018;9;13;2;1;5;2;0;1;0;0;0;1;0;0;799816,3329;5828650,909;13,4203328;52,52528445
115048;11;1;1100310;2018;8;14;7;3;0;7;0;0;0;0;1;0;0;1;799727,2487;5828566,481;13,41894754;52,52457666
115049;11;7;7501133;2018;6;17;2;3;2;6;0;0;1;0;1;0;0;0;798017,1474;5818868,087;13,38514649;52,43857937
115050;11;3;3701657;2018;7;18;2;3;5;2;0;0;1;0;0;0;0;0;799982,7433;5830224,298;13,42419823;52,53929573
115051;11;1;1401044;2018;6;15;3;3;5;5;0;1;0;0;0;0;1;0;796200,4677;5830883,356;13,36918161;52,54727255
115052;11;4;4400726;2018;5;9;7;2;8;1;0;0;0;0;1;0;0;0;790986,5958;5824646,416;13,28705304;52,49416874
115053;11;7;7601236;2018;4;16;5;3;0;6;0;0;1;0;0;0;1;0;796604,1064;5815959,722;13,36184104;52,41327629
115054;11;7;7300619;2018;12;17;4;3;3;6;1;0;1;0;0;0;0;0;795426,0014;5822639,255;13,35047583;52,47379128
115055;11;3;3501037;2018;9;13;7;3;8;1;0;0;0;0;1;0;0;0;802975,2489;5833361,464;13,47104969;52,56575789
115056;11;8;8100521;2018;7;12;7;2;2;6;0;0;1;0;0;0;0;0;802634,0325;5821737,239;13,45545952;52,46176073
115057;11;7;7601442;2018;4;13;1;2;2;6;0;0;1;0;0;0;1;0;799325,1945;5816150,375;13,40190007;52,41350417
115058;11;10;10400940;2018;7;12;2;3;2;6;0;0;1;0;0;0;0;0;813024,7533;5827189,64;13,61302461;52,50476792
115059;11;7;6100209;2018;3;10;5;3;3;3;0;0;1;0;0;0;1;0;794456,1165;5821636,941;13,33535306;52,46532976
115060;11;10;10400941;2018;5;13;7;2;5;3;0;1;1;0;0;0;0;0;813350,8071;5827197,599;13,61782019;52,5046521
115061;11;11;11300722;2018;10;12;6;3;2;6;0;0;1;0;0;0;0;0;803657,3112;5827591,729;13,47580872;52,51366573
115062;11;3;3701657;2018;2;22;2;3;0;7;2;1;0;0;0;0;0;0;800489,4893;5829955,321;13,4314043;52,53660564
115063;11;7;7400824;2018;11;9;7;3;5;2;0;0;1;0;0;0;0;0;797848,6052;5822306,369;13,38574108;52,4694917
115064;11;2;2400522;2018;9;15;3;3;3;6;0;1;1;0;0;0;0;0;801334,612;5827815,024;13,44188733;52,5169553
115065;11;4;4400726;2018;8;10;1;3;2;6;0;0;1;0;0;0;0;0;790923,9896;5824685,784;13,28616786;52,49455505
115066;11;2;2400521;2018;3;10;6;3;3;6;0;0;1;0;0;0;0;0;800391,7396;5827977,865;13,42818093;52,51893504
115067;11;3;3601141;2018;6;12;4;3;0;7;0;1;0;0;0;0;0;0;799215,7905;5831345,276;13,41393337;52,5497652
115068;11;2;2500728;2018;10;11;4;3;2;2;0;0;1;0;1;0;0;0;803086,7926;5827634,359;13,46746609;52,51436513
115069;11;3;3400620;2018;6;19;5;3;0;1;0;1;0;0;0;0;0;0;798052,303;5833907,244;13,39912622;52,57336752
115070;11;2;2500729;2018;8;14;6;3;6;4;0;0;1;1;0;0;0;0;803273,4501;5827615,898;13,47019148;52,51409592
115071;11;12;12400723;2018;4;11;2;3;5;3;0;1;1;0;0;0;0;0;791815,1786;5839292,673;13,31210183;52,62502577
115072;11;1;1100310;2018;4;15;1;3;5;2;0;1;1;0;0;0;0;0;799781,125;5828660,425;13,41982397;52,5253891
115073;11;10;10300733;2018;12;18;1;3;2;6;2;0;1;0;0;0;0;1;809246,5126;5827393,21;13,55772659;52,50874673
115074;11;12;12200414;2018;9;14;2;2;0;6;0;0;1;0;1;0;0;1;791707,3339;5831040,945;13,30324767;52,55110984
115075;11;1;1100310;2018;9;14;3;3;6;4;0;0;0;1;0;0;1;0;799194,1423;5828370,307;13,41093668;52,52311105
115076;11;9;9100305;2018;6;18;4;2;4;6;0;1;0;0;0;0;0;0;805196,5898;5822544,059;13,49379851;52,46756683
115077;11;9;9100101;2018;7;13;2;3;2;6;0;0;1;0;0;1;0;0;802955,2012;5825095,25;13,46322273;52,49168049
115078;11;2;2400521;2018;5;8;2;3;2;6;0;0;1;0;1;0;0;0;800349,294;5827946,554;13,42752899;52,51867776
115079;11;7;7300619;2018;2;7;2;2;3;6;0;0;1;0;0;0;1;1;795410,3224;5822748,291;13,35034224;52,47477719
115080;11;12;12100205;2018;11;11;1;3;5;3;0;0;1;0;0;0;0;1;794559,344;5833813,313;13,34765051;52,57442717
115082;11;3;3200310;2018;10;17;5;3;2;6;0;0;1;0;0;0;0;0;799838,101;5839521,122;13,43048191;52,62270491
115083;11;3;3701657;2018;10;13;7;3;2;6;0;0;1;0;0;0;0;0;800029,6154;5830207,241;13,42487186;52,53911703
115084;11;7;7100205;2018;2;20;2;3;1;5;2;0;1;0;0;0;1;1;796062,0501;5825424,777;13,36228717;52,49841676
115085;11;1;1100102;2018;11;12;1;3;2;6;0;0;1;0;0;0;0;0;796433,0605;5826371,109;13,36857898;52,50669833
115086;11;7;7501030;2018;9;15;4;3;5;2;0;0;1;0;0;0;0;0;797882,8543;5820435,071;13,38457384;52,45269889
115087;11;7;7501133;2018;8;18;2;3;3;6;0;1;0;0;0;0;0;0;797544,2146;5818278,163;13,37768456;52,43354877
115088;11;1;1100206;2018;3;10;6;3;0;1;0;0;0;0;0;0;1;1;796914,612;5827467,169;13,37663104;52,51626149
115089;11;2;2500729;2018;6;17;5;2;0;4;0;0;0;1;1;0;0;0;803591,8864;5827582,156;13,47483884;52,51361635
115090;11;4;4400727;2018;6;15;6;3;2;6;0;0;1;0;0;0;0;0;791411,7743;5824497,963;13,29316818;52,49261103
115091;11;4;4300620;2018;8;14;7;3;0;1;0;0;0;0;1;0;0;0;794067,5591;5826969,91;13,33435609;52,51334643
115092;11;4;4501148;2018;5;15;4;2;0;1;0;0;0;0;1;0;0;0;793193,309;5823002,855;13,31801841;52,47825387
115093;11;4;4400725;2018;4;13;2;3;3;6;0;0;1;0;0;0;0;0;790560,2211;5825137,191;13,28121851;52,49879573
115094;11;4;4300414;2018;12;17;3;3;2;6;2;0;1;0;0;0;1;1;791326,2889;5826506,224;13,29366958;52,51066061
115095;11;1;1300836;2018;9;9;3;3;5;2;0;1;1;0;0;0;0;0;796321,4327;5830071,468;13,37023606;52,53992904
115096;11;10;10400837;2018;9;17;4;2;2;6;0;0;1;0;1;1;0;0;811561,3383;5827131,312;13,5914792;52,50508279
115097;11;7;7501135;2018;6;16;4;3;5;2;0;0;1;0;0;0;0;0;798860,497;5817214,362;13,39603827;52,42329549
115098;11;3;3200206;2018;7;16;2;3;3;6;0;1;1;0;0;0;0;0;797974,2778;5834392,418;13,39841432;52,57775913
115099;11;1;1100206;2018;7;16;3;3;3;6;0;1;1;0;0;0;0;0;798070,1706;5827648,49;13,39377253;52,51725649
115100;11;7;7400824;2018;5;15;3;3;3;6;0;1;1;0;0;0;0;0;797837,011;5821307,524;13,38467947;52,46054448
115101;11;12;12400723;2018;2;19;1;2;1;5;2;0;1;0;0;0;0;1;792183,4405;5838093,153;13,31646695;52,61407475
115102;11;12;12500930;2018;11;12;2;3;2;2;0;0;1;0;0;1;0;1;794234,7551;5834764,029;13,34371847;52,58312518
115103;11;12;12100101;2018;8;16;5;3;2;6;0;0;1;0;0;0;0;0;795823,129;5832371,775;13,36495947;52,5608198
115105;11;12;12500928;2018;10;16;6;3;2;6;0;0;1;0;0;0;0;0;792623,4013;5837517,002;13,32243687;52,60867317
115106;11;7;7200410;2018;8;14;3;3;0;2;0;0;1;0;0;0;1;0;795787,5143;5824111,049;13,35708848;52,48678912
115107;11;2;2200208;2018;4;14;2;3;0;2;0;1;1;0;0;0;0;0;797897,8642;5825434,747;13,38925968;52,49750714
115108;11;2;2500728;2018;4;15;4;3;5;3;0;0;1;0;1;0;0;0;803088,3147;5827651,086;13,46750369;52,5145142
115109;11;7;7200411;2018;5;18;3;3;5;5;0;1;1;0;0;0;0;0;795790,533;5824150,826;13,35716811;52,48714405
115110;11;4;4300414;2018;11;13;6;3;4;6;0;1;0;0;0;0;0;0;791455,5688;5826526,275;13,2955867;52,5107713
115111;11;7;7200410;2018;12;19;2;2;0;7;2;1;1;0;0;0;0;0;795630,0727;5823948,788;13,35463265;52,48541985
115112;11;3;3200309;2018;9;13;5;2;2;7;0;0;1;0;1;0;0;0;800750,1365;5836127,491;13,44083041;52,59178373
115113;11;1;1100102;2018;8;8;6;3;8;1;0;1;0;0;0;0;0;0;796594,0365;5827400,537;13,3718612;52,51583864
115114;11;3;3400721;2018;6;10;6;3;5;3;0;1;1;0;0;0;0;0;798338,399;5833472,778;13,40294449;52,56931643
115115;11;10;10400941;2018;7;18;4;3;2;6;0;0;1;0;0;0;1;0;813234,2089;5827203,729;13,61611372;52,50477398
115116;11;2;2200208;2018;5;7;4;2;6;4;0;0;1;1;0;0;0;0;797838,9955;5824994,766;13,38800169;52,49359535
115117;11;9;9100101;2018;2;13;1;2;8;1;0;0;1;0;0;0;0;1;803868,8548;5824712,199;13,4762891;52,48773948
115118;11;8;8100521;2018;11;13;3;3;3;6;0;0;1;0;0;0;0;0;802653,7896;5822056,617;13,45603904;52,46461239
115119;11;10;10100312;2018;6;14;1;2;1;7;0;0;0;0;0;1;1;0;807692,9291;5829622,19;13,53696937;52,52960122
115120;11;5;5200528;2018;12;15;5;3;2;2;2;0;1;0;0;0;0;0;783506,925;5826702,865;13,17893024;52,51654416
115121;11;7;7200411;2018;10;13;7;3;5;3;0;1;1;0;0;0;0;0;795777,942;5824124,054;13,35695946;52,48691088
115122;11;3;3601347;2018;8;17;5;3;0;1;0;0;1;0;1;0;0;0;799260,0472;5830356,238;13,41369303;52,54087572
115123;11;3;3701657;2018;4;7;4;3;2;6;0;0;0;0;1;0;1;0;800014,2643;5830214,565;13,42465281;52,53919113
115124;11;2;2500728;2018;3;12;7;3;2;6;0;0;1;0;0;0;0;0;802854,3129;5827658,805;13,46407292;52,51471337
115125;11;1;1100104;2018;5;17;5;3;3;6;0;1;1;0;0;1;0;0;796342,416;5826116,754;13,36702095;52,50446752
115126;11;3;3601451;2018;10;6;5;3;5;3;2;1;0;0;1;0;0;1;800851,6111;5830338,427;13,43707408;52,5398397
115127;11;4;4400726;2018;2;5;1;3;9;1;0;0;1;0;0;0;0;0;791186,4232;5824634,582;13,28997776;52,49395607
115128;11;11;11300722;2018;11;10;3;3;5;2;0;1;0;0;0;0;1;0;803717,5354;5827570,502;13,47667409;52,51344195
115129;11;7;7501133;2018;9;11;7;3;2;6;0;0;1;0;0;0;1;0;797570,4887;5818393,702;13,37817273;52,43457017
115130;11;2;2500729;2018;8;14;6;2;6;4;0;0;1;1;0;0;0;0;803614,945;5827595,098;13,4751894;52,51371951
115131;11;12;12500824;2018;6;7;2;3;3;6;0;0;1;0;0;1;0;0;790290,8301;5835668,054;13,28646571;52,59334835
115132;11;11;11300722;2018;3;10;6;3;2;2;0;0;1;0;0;0;0;0;803702,5818;5827571,864;13,47645565;52,51346248
115133;11;4;4200206;2018;7;7;2;3;6;4;0;0;1;1;0;0;0;0;788945,3066;5826126,848;13,25835423;52,50852583
115134;11;9;9100306;2018;6;9;3;3;2;6;0;0;1;0;0;0;0;0;803318,3624;5820519,619;13,46439515;52,45046786
115135;11;4;4300621;2018;8;10;4;3;6;4;0;1;0;1;0;0;0;0;792702,3224;5826735,687;13,31408954;52,51198105
115136;11;7;7501133;2018;5;17;5;3;2;6;0;0;1;0;0;0;1;0;798163,5943;5818918,582;13,38733956;52,43895218
115137;11;7;7501135;2018;4;6;5;3;5;2;0;1;0;0;0;0;1;0;798875,0481;5817237,366;13,39627217;52,42349374
115138;11;3;3200206;2018;12;5;3;3;8;1;2;0;1;0;0;0;0;1;798005,732;5834661,699;13,3991192;52,58015562
115139;11;4;4200311;2018;9;12;7;3;2;6;0;0;1;0;0;0;0;0;790580,6523;5827307,481;13,28341327;52,51824162
115140;11;6;6300629;2018;9;15;1;3;2;1;0;0;1;0;0;0;0;0;792840,197;5820017,073;13,31021387;52,45167645
115141;11;4;4200206;2018;7;20;6;3;3;6;0;0;1;0;0;0;0;0;788926,6298;5826123,598;13,25807698;52,50850658
115142;11;12;12100101;2018;7;13;6;3;2;6;0;0;1;0;0;1;0;0;795870,2845;5832108,549;13,36541839;52,55843462
115143;11;3;3500936;2018;3;17;4;3;2;6;2;1;1;0;0;0;0;0;801759,7891;5831358,551;13,45135107;52,54848092
115144;11;10;10400837;2018;5;15;6;3;2;2;0;0;1;0;0;0;0;0;810870,0873;5827087,59;13,58128683;52,50508525
115145;11;7;7501133;2018;10;12;5;3;3;6;0;0;1;0;0;1;0;0;797489,625;5818032,804;13,37666564;52,43137905
115146;11;2;2400522;2018;2;10;7;3;6;7;0;0;1;1;0;0;0;0;801904,8811;5827756,407;13,45021279;52,51611453
115147;11;7;7400824;2018;11;11;6;3;2;6;0;0;1;0;0;0;0;0;797849,5047;5822287,296;13,38573726;52,46932024
115148;11;1;1100205;2018;9;12;2;3;5;3;0;0;1;0;0;1;0;0;797012,7356;5826725,898;13,37741124;52,50956337
115149;11;1;1200624;2018;8;14;7;3;2;1;0;0;1;0;0;0;0;0;795907,659;5829619,713;13,36375056;52,53610433
115150;11;9;9100202;2018;3;17;6;2;9;7;0;0;1;0;0;0;1;0;803488,1281;5824183,495;13,4702178;52,48321256
115151;11;4;4400725;2018;10;6;3;3;2;6;1;0;1;0;0;0;1;0;790518,2084;5825243,586;13,28069417;52,49977194
115152;11;12;12100205;2018;6;12;5;3;5;2;0;0;1;0;0;1;0;0;794565,602;5833812,13;13,34774154;52,57441318
115153;11;2;2500727;2018;8;15;6;3;5;2;0;1;1;0;0;0;0;0;802042,9723;5828022,719;13,45248341;52,51842504
115154;11;3;3200204;2018;3;20;2;3;5;2;2;1;1;0;0;0;0;1;797165,0107;5838899,541;13,39055181;52,61860197
115155;11;4;4100101;2018;4;19;7;3;2;6;0;0;1;0;1;0;0;0;791356,429;5830161,198;13,29731517;52,54341089
115156;11;7;7400720;2018;4;12;7;3;2;6;0;0;1;0;0;0;0;0;797759,4045;5823868,869;13,38582687;52,4835464
115157;11;3;3500936;2018;6;12;6;3;0;1;0;0;0;0;1;0;0;1;802524,8765;5831673,748;13,4628871;52,55088165
115158;11;3;3601347;2018;12;17;6;3;6;2;2;0;1;1;0;0;0;1;799431,4843;5830329,161;13,41618894;52,54053884
115159;11;7;7501133;2018;9;12;2;2;5;3;0;1;0;0;0;1;0;0;797437,0271;5817797,382;13,37568487;52,42929731
115160;11;3;3601451;2018;9;18;3;3;3;6;0;0;0;0;1;0;0;0;800621,877;5829920,517;13,43331883;52,53622067
115161;11;2;2400625;2018;6;16;3;3;0;4;0;1;0;1;0;0;0;0;801871,6286;5826517,758;13,44860083;52,50503086
115162;11;2;2500830;2018;7;17;7;3;3;6;0;0;1;0;0;0;0;0;802131,9984;5827636,239;13,45344051;52,5149117
115163;11;7;7100206;2018;5;13;1;3;2;6;0;0;1;0;0;0;0;0;796008,1755;5824681,541;13,36083545;52,49178351
115164;11;4;4300414;2018;2;18;6;2;6;4;2;1;0;1;0;0;0;0;791614,7274;5826553,042;13,29794872;52,51092621
115165;11;11;11401034;2018;11;6;7;1;6;4;2;0;1;1;0;0;0;0;806954,1768;5827356,825;13,52402307;52,50971524
115167;11;6;6400735;2018;10;11;4;3;5;7;0;1;1;0;0;0;0;0;778765,6227;5814973,042;13,09943991;52,41380524
115168;11;7;7601238;2018;8;15;2;3;5;2;0;1;1;0;0;0;0;0;797376,6723;5817555,84;13,37458501;52,42716492
115169;11;6;6400736;2018;4;12;1;3;2;2;0;0;1;0;0;0;0;0;785325,3387;5816037,802;13,19653525;52,41997219
115170;11;5;5200634;2018;4;11;2;3;0;7;0;1;0;0;0;0;0;0;785383,6439;5826215,464;13,20609457;52,51119531
115171;11;9;9100101;2018;5;16;2;3;2;6;0;0;1;0;0;0;0;0;802589,1468;5825103,874;13,45785549;52,49196082
115172;11;4;4200206;2018;10;18;3;3;6;4;1;0;1;1;0;0;0;1;788944,3261;5826126,679;13,25833967;52,50852483
115173;11;7;7400823;2018;2;11;6;3;3;6;0;0;1;0;0;0;1;0;797280,6469;5822341,794;13,37743615;52,47011861
115174;11;4;4400726;2018;12;17;1;3;2;6;2;0;1;0;0;0;0;1;790759,4186;5824874,567;13,28391539;52,4963352
115175;11;10;10100208;2018;9;9;4;3;2;6;0;0;1;0;0;0;0;0;808320,5572;5832061,291;13,5484555;52,55110538
115176;11;3;3400620;2018;8;16;5;3;5;2;0;1;1;0;0;0;0;1;798042,3386;5833912,252;13,39898412;52,57341787
115177;11;2;2500726;2018;6;19;5;3;0;7;0;1;0;0;0;0;0;0;801703,8377;5828770,712;13,44817901;52,52531706
115178;11;1;1200624;2018;7;14;3;3;3;6;0;0;0;0;1;1;0;0;796181,4288;5829120,155;13,36732994;52,53147758
115179;11;7;7400824;2018;2;9;5;3;5;3;0;1;1;0;0;0;0;0;797832,82;5822292,153;13,3854967;52,46937288
115180;11;7;7400824;2018;11;11;7;3;0;6;0;0;1;0;0;0;1;0;797852,6076;5821973,67;13,38550284;52,46650724
115181;11;2;2500726;2018;6;16;5;3;1;7;0;0;1;0;0;0;0;0;801744,1161;5828688,205;13,44869605;52,52455526
115182;11;5;5200633;2018;5;14;3;3;3;6;0;0;1;0;1;0;0;0;784325,1801;5826498,924;13,19078214;52,51428961
115183;11;4;4400726;2018;12;17;1;3;8;1;2;0;1;0;0;0;0;1;791124,6559;5824655,487;13,28908879;52,49417644
115184;11;7;8200624;2018;10;9;5;3;2;6;0;0;1;0;0;0;0;0;800713,6939;5821599,895;13,427156;52,46158978
115185;11;4;4300621;2018;2;15;5;3;5;2;0;1;1;0;0;0;0;0;792276,1856;5826685,512;13,30778402;52,51175975
115186;11;6;6300629;2018;7;14;2;2;5;2;0;1;1;0;0;0;0;0;792409,3321;5819717,715;13,30362948;52,44922338
115187;11;9;9100101;2018;4;10;3;3;5;2;0;0;1;0;0;0;0;0;802674;5825210,95;13,45919873;52,49287349
115188;11;10;10300734;2018;7;10;7;2;5;3;0;1;1;0;0;0;0;0;810398,144;5827070,106;13,57433961;52,50519724
115189;11;4;4200310;2018;3;19;4;3;5;3;2;1;1;0;0;0;0;0;790253,0363;5826349,862;13,27776324;52,50983095
115190;11;6;6400737;2018;5;16;3;3;0;6;0;0;1;0;0;0;1;0;784948,7865;5816729,651;13,19160238;52,42637167
115191;11;1;1100310;2018;10;15;2;3;3;6;0;0;1;0;1;0;0;1;799038,0999;5827531,036;13,40788914;52,51567381
115192;11;4;4200311;2018;2;13;4;3;6;4;0;0;1;1;0;0;0;0;790522,9638;5826394,778;13,28176859;52,51008993
115193;11;7;7400824;2018;11;10;7;3;5;2;0;0;1;0;0;0;1;0;797848,7766;5822303,306;13,38574086;52,46946416
115194;11;1;1100207;2018;9;16;6;3;5;7;0;1;1;0;0;0;0;0;798649,587;5827023,607;13,40172536;52,51133829
115195;11;4;4200310;2018;8;12;4;2;2;6;0;0;1;0;0;0;0;0;789221,5169;5826169,308;13,26244956;52,50876012
115196;11;4;4200308;2018;3;7;6;3;3;6;0;0;1;0;0;1;0;1;790482,2661;5828507,652;13,28301568;52,52905362
115197;11;6;6300527;2018;8;22;2;2;5;3;2;0;1;0;0;0;0;0;790294,9635;5818368,758;13,27143284;52,43825647
115198;11;2;2500834;2018;4;11;2;3;0;7;0;1;0;0;0;0;0;0;802020,8285;5826959,85;13,45119342;52,50891077
115199;11;6;6300527;2018;4;15;3;2;5;2;0;0;1;0;1;0;0;0;790289,851;5818387,495;13,27137411;52,43842716
115200;11;4;4300620;2018;5;7;3;3;5;3;0;1;0;0;0;0;0;0;793919,0987;5826943,922;13,33215173;52,51319348
115201;11;4;4100101;2018;10;14;4;3;2;6;0;0;1;0;1;0;0;0;791154,1024;5829460,337;13,2937259;52,53723591
115202;11;1;1100205;2018;2;21;4;2;5;7;2;0;0;0;1;0;1;0;797124,468;5826745,125;13,37906991;52,50967487
115203;11;11;11401034;2018;12;18;2;3;2;6;2;0;1;0;0;0;1;0;807452,7045;5827449,319;13,53143107;52,51026344
115204;11;1;1100310;2018;9;18;4;3;5;2;0;1;1;0;0;0;0;0;799560,3725;5828276,377;13,41623389;52,52206804
115205;11;10;10100313;2018;8;13;5;3;5;7;0;0;1;0;1;0;0;1;807689,4661;5830404,509;13,53764263;52,53661428
115206;11;2;2200209;2018;6;19;5;2;5;7;0;0;1;0;1;0;0;0;797738,7284;5824250,56;13,38586423;52,4869791
115207;11;2;2400521;2018;7;7;4;3;3;6;0;1;0;0;0;0;0;0;800366,8841;5827973,747;13,427812;52,51891181
115208;11;1;1100102;2018;2;18;4;2;5;3;2;0;1;0;1;0;0;0;796449,195;5826441,205;13,36887843;52,50731791
115209;11;7;7400927;2018;11;2;2;3;2;1;2;0;1;0;0;0;1;0;799346,0629;5821539,577;13,40703225;52,46180001
115210;11;4;4200206;2018;6;18;6;3;2;6;0;0;1;0;0;0;1;0;788379,7682;5826035,618;13,24996546;52,50800717
115211;11;2;2500728;2018;5;20;3;2;5;2;0;0;1;0;1;0;0;0;803087,9918;5827651,118;13,46749897;52,51451467
115212;11;4;4200311;2018;12;15;5;3;2;6;0;0;1;0;0;0;0;1;790460,103;5825307,957;13,27989674;52,50037996
115213;11;11;11300722;2018;10;16;5;3;5;3;0;1;0;0;0;0;0;0;804132,2809;5827529,087;13,4827291;52,51283967
115214;11;12;12200414;2018;2;17;4;3;3;6;2;0;1;0;0;1;0;0;792088,1953;5832519,474;13,31015002;52,56416026
115215;11;8;8200622;2018;7;12;3;3;2;6;0;0;1;0;0;0;0;0;802081,0587;5821877,024;13,44747166;52,4633196
115216;11;4;4400726;2018;4;14;4;2;2;6;0;0;1;0;0;0;1;0;790712,0945;5824955,77;13,28329112;52,49708839
115217;11;1;1100310;2018;7;17;2;2;5;2;0;0;1;0;0;1;0;0;799775,0967;5828649,745;13,41972575;52,52529668
115218;11;12;12601032;2018;3;14;5;3;2;6;0;0;1;0;0;0;0;1;792808,7385;5837298,164;13,32497243;52,60661161
115219;11;2;2500834;2018;5;15;4;3;3;6;0;1;1;0;0;0;0;0;802010,9437;5827053,155;13,45113287;52,50975254
115220;11;1;1100102;2018;10;7;3;3;2;6;0;0;1;0;1;0;0;1;796424,8779;5826343,484;13,36843418;52,50645515
115221;11;9;9100407;2018;2;1;4;2;3;6;2;0;1;0;0;0;0;0;805369,9886;5819065,507;13,4931627;52,4362931
115222;11;4;4400725;2018;11;16;2;3;2;6;1;0;1;0;0;0;0;0;790557,7266;5825141,753;13,28118585;52,49883796