OBJECTID;LAND;BEZ;LOR_ab_2021;UJAHR;UMONAT;USTUNDE;UWOCHENTAG;UKATEGORIE;UART;UTYP1;ULICHTVERH;IstRad;IstPKW;IstFuss;IstKrad;IstGkfz;IstSonstig;USTRZUSTAND;LINREFX;LINREFY;XGCSWGS84;YGCSWGS84
115223;11;12;12100204;2018;9;12;6;3;5;2;0;0;1;0;0;0;0;0;795765,3029;5832700,901;13,36440229;52,5638015
115224;11;6;6100102;2018;8;18;5;2;2;6;0;0;1;0;1;0;0;0;793522,4638;5820412,173;13,32057223;52,45485248
115225;11;3;3400620;2018;6;10;7;3;5;2;0;1;1;0;0;0;0;0;798036,4686;5833794,563;13,39879199;52,57236616
115226;11;4;4501151;2018;3;14;6;3;2;6;0;0;1;0;0;0;1;0;793808,1234;5822990,982;13,32703464;52,47781703
115227;11;7;7200410;2018;6;18;7;2;1;5;0;0;0;0;0;1;1;0;795379,6099;5823681,064;13,35071766;52,48315545
115228;11;1;1100310;2018;6;16;2;3;3;6;0;0;1;0;0;0;0;0;799232,989;5827877,422;13,41106415;52,51867176
115229;11;7;7501029;2018;8;15;4;3;2;6;0;0;1;0;0;0;0;0;797714,8624;5818798,397;13,38065059;52,4381193
115230;11;4;4501148;2018;5;9;5;3;2;6;0;0;1;0;0;0;0;0;792714,3663;5823289,621;13,31123822;52,48108158
115231;11;10;10300733;2018;4;5;4;3;2;6;1;0;1;0;0;0;0;0;808981,336;5827441,04;13,55387619;52,50932562
115232;11;1;1100311;2018;12;21;6;3;6;4;2;1;0;1;0;0;0;0;799869,8039;5828161,756;13,42067757;52,52087057
115233;11;2;2400521;2018;9;8;6;3;3;6;0;0;1;0;0;0;0;0;800383,7453;5827976,976;13,42806266;52,51893147
115234;11;7;7601236;2018;9;20;6;3;5;3;2;0;1;0;0;0;0;0;796736,4426;5816065,435;13,36387476;52,4141522
115235;11;3;3601451;2018;7;18;5;3;0;2;0;0;1;0;0;0;1;0;800897,8872;5829698,294;13,43717474;52,53407654
115236;11;3;3601449;2018;7;8;6;2;5;2;0;1;1;0;0;0;0;0;801348,7145;5831003,317;13,44498472;52,54552449
115237;11;6;6400737;2018;3;6;3;2;6;4;0;1;0;1;0;0;0;0;786576,4199;5816955,816;13,21566853;52,42754936
115238;11;9;9100101;2018;5;14;5;3;2;6;0;0;1;0;1;0;0;0;802616,0237;5825142,21;13,45828496;52,49228952
115239;11;7;7400824;2018;2;7;4;3;2;2;0;0;1;0;0;0;1;0;797569,2368;5822352,931;13,38168206;52,47006132
115240;11;1;1100207;2018;11;19;5;3;2;6;2;0;1;0;0;0;0;0;798782,4359;5827170,877;13,40380932;52,51258561
115241;11;4;4200311;2018;9;11;1;2;5;2;0;0;1;0;0;0;0;0;790534,5582;5826378,15;13,28192443;52,50993469
115242;11;12;12100103;2018;8;8;7;3;5;2;0;0;1;0;0;0;1;0;795338,5166;5833744,142;13,35905323;52,57338485
115243;11;3;3200206;2018;3;17;5;3;0;6;0;0;0;0;0;0;1;0;797962,5076;5834549,106;13,39838197;52,57917007
115245;11;4;4300621;2018;10;11;3;3;2;6;0;0;1;0;0;0;1;0;792723,4409;5826739,247;13,31440298;52,51200163
115246;11;1;1400940;2018;8;13;5;3;5;3;0;0;1;0;1;0;0;0;795879,0131;5832057,506;13,36550127;52,55797233
115247;11;9;9100202;2018;4;11;6;3;0;7;0;1;1;0;0;0;0;0;803367,358;5824301,446;13,46855214;52,48433685
115248;11;6;6300527;2018;4;16;6;2;2;2;0;1;1;0;0;0;0;0;791050,049;5818811,216;13,28289492;52,44182185
115249;11;4;4100101;2018;5;19;5;3;2;6;0;0;1;0;0;0;0;0;791237,2536;5829720,156;13,29517614;52,53952072
115250;11;8;8200622;2018;12;8;6;3;2;1;0;0;1;0;0;0;0;1;801477,9299;5821772,25;13,43852626;52,46271358
115251;11;6;6300527;2018;9;15;1;3;5;2;0;0;1;0;0;0;0;1;791033;5818801,4;13,28263625;52,44174293
115252;11;3;3601141;2018;9;7;3;3;5;2;0;1;1;0;0;0;0;0;799197,1111;5831455,217;13,41375777;52,55076091
115253;11;7;7501133;2018;6;0;2;3;1;1;2;0;1;0;0;0;0;0;798525,6977;5818076,802;13,39189908;52,43120905
115254;11;7;7601544;2018;7;5;6;2;5;2;0;0;1;0;1;0;0;0;799806,607;5813854,206;13,40690173;52,39265849
115255;11;1;1400940;2018;5;17;7;3;5;3;0;0;1;0;0;0;0;0;795878,6713;5832059,342;13,36549788;52,55798897
115256;11;7;7200411;2018;2;14;4;3;1;5;0;1;1;0;0;0;0;0;795843,7492;5824265,368;13,35805123;52,488142
115257;11;7;7601236;2018;11;9;6;3;6;4;0;0;1;1;0;0;0;0;796918,3499;5816499,563;13,36692664;52,41794517
115259;11;4;7300619;2018;10;16;3;3;2;6;0;0;1;0;0;0;0;0;795136,456;5822984,222;13,34653056;52,4770402
115260;11;7;7200308;2018;3;14;2;3;6;4;0;1;0;1;0;0;0;1;795505,9851;5823341,22;13,35227201;52,48004062
115261;11;10;10100312;2018;8;19;1;2;0;1;0;1;0;0;0;0;0;0;807758,2923;5829321,402;13,53765147;52,52686869
115262;11;4;4200206;2018;4;10;7;2;3;6;0;1;0;0;0;0;0;0;787655,6153;5825918,765;13,23922414;52,50734184
115263;11;3;3701657;2018;4;9;1;3;5;3;0;0;1;0;0;0;0;1;799980,674;5830224,78;13,42416824;52,53930118
115264;11;1;1100310;2018;5;8;1;2;5;2;0;0;1;0;0;0;1;0;799567,629;5828271,916;13,41633651;52,52202407
115265;11;7;7400927;2018;10;13;3;3;5;3;0;0;1;0;1;0;0;0;798974,735;5821874,321;13,40188288;52,46500384
115266;11;7;7400720;2018;2;13;4;3;2;6;0;0;1;0;0;1;0;0;797824,071;5822480,084;13,38553605;52,47106224
115267;11;10;10400940;2018;11;21;6;3;2;6;2;0;1;0;0;0;0;1;813023,7108;5827189,588;13,61300926;52,50476805
115268;11;3;3601139;2018;9;17;3;3;5;2;0;1;1;0;0;0;0;0;799220,4888;5832049,474;13,41463711;52,55607464
115269;11;3;3601142;2018;8;10;4;3;1;5;0;1;1;0;0;0;1;0;799163,409;5830573,247;13,41246775;52,54287393
115270;11;12;12601032;2018;6;15;4;2;5;3;0;1;1;0;0;0;0;0;792758,417;5837385,375;13,32430861;52,60742051
115271;11;7;7300619;2018;7;17;3;2;3;6;0;0;1;0;1;0;0;0;795644,3968;5823014,891;13,35401485;52,47704041
115272;11;11;11300722;2018;6;7;5;3;2;6;0;0;1;0;0;0;0;0;804054,3735;5827536,922;13,48159177;52,51295333
115273;11;9;9100202;2018;5;21;2;2;6;4;2;0;0;1;1;0;0;0;803265,5359;5824400,847;13,4671477;52,48528433
115274;11;7;7100206;2018;4;1;1;3;1;6;2;0;1;0;0;0;0;0;796007,5752;5824802,156;13,36093379;52,49286504
115275;11;7;7200308;2018;12;18;7;2;5;7;2;0;1;0;0;0;1;1;795225,438;5823516,568;13,34830826;52,48176424
115276;11;7;7400825;2018;10;20;3;3;2;6;2;0;1;0;0;0;1;1;797806,727;5820947,764;13,38391412;52,45733612
115277;11;2;2500727;2018;2;12;4;3;5;2;0;0;1;0;0;0;0;0;802148,8915;5827734,953;13,45377833;52,51578712
115278;11;7;7200308;2018;7;10;2;3;5;2;0;1;0;0;0;0;1;0;795241,8384;5823528,185;13,34855935;52,48185951
115279;11;4;4300621;2018;4;14;3;3;2;6;0;0;1;0;0;0;0;0;792108,8196;5826657,542;13,30530028;52,51159866
115280;11;12;12100205;2018;7;6;5;3;5;2;0;1;1;0;0;0;0;0;794451,457;5834366,952;13,34655482;52,57944848
115281;11;7;7501133;2018;3;8;3;3;5;2;0;0;1;0;0;0;1;1;798181,752;5818924,81;13,38761144;52,43899811
115282;11;7;7501030;2018;5;5;3;3;5;2;0;0;1;0;0;0;0;0;797869,7051;5820429,141;13,38437562;52,4526529
115283;11;7;7400928;2018;10;14;2;3;2;6;0;0;1;0;0;0;1;0;800083,2401;5821474,304;13,41779145;52,46081062
115284;11;4;4400726;2018;2;11;4;3;2;6;0;0;0;0;0;1;0;0;790760,0069;5824873,469;13,28392307;52,49632504
115285;11;7;7400825;2018;11;11;5;3;1;5;0;1;0;0;0;0;1;0;797818,0411;5820878,455;13,38401832;52,45670867
115286;11;7;7300619;2018;9;19;5;3;0;1;2;0;0;0;1;0;0;1;795595,4523;5823261,192;13,35351463;52,4792748
115287;11;4;4100101;2018;8;17;3;3;2;6;0;0;1;0;0;0;0;0;791118,0049;5829270,551;13,29302893;52,53555379
115288;11;1;1100104;2018;3;9;5;3;6;2;0;0;1;1;0;0;0;0;796424,7858;5826274,614;13,3683715;52,50583784
115289;11;4;4200311;2018;6;16;6;3;2;6;0;0;1;0;0;0;0;0;790552,8209;5825921,704;13,28179436;52,50583289
115290;11;2;2500727;2018;6;2;7;2;2;6;2;0;1;0;0;0;0;0;802571,4604;5827703,741;13,45995827;52,51527311
115291;11;3;3601142;2018;8;15;2;3;1;6;0;0;1;0;0;0;1;0;799171,1768;5830767,812;13,41275718;52,54461364
115292;11;12;12601031;2018;5;12;4;3;5;3;0;1;1;0;0;0;0;0;793334,5631;5836563,301;13,33206386;52,59974058
115293;11;3;3500936;2018;4;16;3;3;0;4;0;0;0;1;0;0;1;0;802136,7558;5831518,408;13,45703899;52,54970476
115294;11;6;6400735;2018;12;20;3;3;0;1;2;1;0;0;0;0;0;1;783286,7554;5815963,034;13,16657505;52,42036089
115295;11;12;12200414;2018;9;15;4;2;0;1;0;0;0;0;1;0;0;0;791652,1617;5830919,628;13,30232971;52,55005181
115296;11;10;10300733;2018;9;15;5;3;3;6;0;0;1;0;0;1;0;0;809576,902;5827361,429;13,5625496;52,50827454
115297;11;12;12500928;2018;7;17;3;3;5;2;0;1;1;0;0;0;0;0;792360,0719;5837748,357;13,31876359;52,61088884
115298;11;2;2400521;2018;7;23;4;3;6;7;2;1;0;1;0;0;0;1;801121,5291;5827836,471;13,438776;52,51726522
115299;11;1;1300836;2018;5;13;4;3;2;6;0;0;1;0;0;0;0;0;796313,951;5830050,474;13,37010734;52,53974491
115300;11;12;12601032;2018;2;18;3;3;2;6;2;0;1;0;0;0;0;0;792722,246;5837431,684;13,32381694;52,60785512
115301;11;2;2500726;2018;11;7;3;3;2;6;0;0;1;0;0;0;0;1;801690,2773;5828862,724;13,44806321;52,52614928
115302;11;10;10300733;2018;8;18;5;3;5;2;0;1;1;0;0;0;0;0;808924,0106;5827407,736;13,5530033;52,50905961
115303;11;3;3601449;2018;3;12;5;2;6;4;0;0;1;1;0;0;0;1;800966,4;5830474,347;13,43888463;52,54099459
115305;11;2;2500727;2018;10;15;7;3;3;6;0;1;1;0;0;0;0;0;802577,376;5827687,13;13,46003007;52,51512094
115306;11;8;8100521;2018;8;15;4;3;2;6;0;0;1;0;0;0;0;0;802747,6453;5821545,061;13,45695237;52,45997531
115307;11;12;12400723;2018;4;10;5;3;2;6;0;0;1;0;1;0;0;0;791750,6951;5839555,282;13,31138368;52,62741457
115308;11;12;12200310;2018;4;15;5;3;3;6;0;0;1;0;0;1;0;0;791703,053;5833440,137;13,30529386;52,57262022
115309;11;7;7400927;2018;5;7;4;3;3;6;0;0;1;0;0;1;0;0;799092,9669;5821729,384;13,40348816;52,46363996
115310;11;7;7501030;2018;6;11;7;3;6;7;0;0;0;1;0;0;1;0;798058,0513;5819376,123;13,38619955;52,44311107
115311;11;3;3400725;2018;6;11;2;3;2;6;0;0;1;0;0;0;1;0;800298,5962;5835350,887;13,43348085;52,58507241
115312;11;4;4300414;2018;8;7;3;3;6;4;0;0;1;1;0;0;0;0;791646,666;5826558,384;13,29842269;52,51095702
115313;11;1;1100206;2018;5;14;5;3;6;4;0;0;0;1;0;0;1;0;797706,8324;5827611,15;13,38840033;52,51712024
115314;11;7;7400824;2018;4;17;3;3;2;6;0;0;1;0;0;0;0;0;797861,4637;5821608,954;13,3853073;52,46323314
115315;11;11;11400931;2018;12;6;6;3;1;5;2;0;1;0;0;1;0;0;806474,052;5827354,318;13,51696838;52,5099627
115316;11;2;2500728;2018;9;10;5;3;0;6;0;1;0;1;0;0;0;0;802768,0756;5827668,006;13,46281435;52,51484371
115317;11;11;11300725;2018;9;11;6;3;2;2;0;0;1;0;0;0;1;1;804851,93;5827450,494;13,49322891;52,51173357
115318;11;1;1100310;2018;7;8;4;3;0;7;0;1;1;0;0;0;0;0;799329,723;5827978,821;13,41257677;52,51952757
115319;11;3;3500934;2018;7;15;4;2;5;2;0;0;1;0;1;0;0;0;800250,6376;5831906,937;13,4296575;52,55423011
115320;11;11;11300722;2018;5;9;5;3;2;2;0;0;1;0;0;0;0;0;803737,7902;5827568,567;13,47696988;52,51341333
115321;11;4;4400727;2018;2;16;3;3;2;6;2;0;1;0;0;0;0;0;791808,1386;5824108,216;13,29864837;52,48890524
115322;11;2;3701659;2018;11;11;4;2;8;1;0;0;1;0;0;0;0;0;799873,987;5828797,213;13,42131201;52,52656412
115323;11;1;1100310;2018;8;8;6;3;5;2;0;1;1;0;0;0;0;0;798784,6193;5828000,405;13,40458632;52,52001997
115324;11;10;10400837;2018;3;9;5;2;5;3;0;0;1;0;0;0;0;1;811523,3922;5827129,611;13,59092035;52,50508922
115326;11;3;3601142;2018;10;0;2;2;0;1;2;1;0;0;0;0;0;1;799164,7046;5830456,285;13,41238147;52,54182484
115327;11;2;2200209;2018;8;9;5;3;2;6;0;0;1;0;0;0;1;0;797746,2275;5824103,518;13,38584299;52,48565695
115328;11;1;1100102;2018;4;19;5;3;1;5;1;1;0;0;0;0;1;1;794854,6441;5827124,129;13,34605763;52,51430398
115329;11;4;4300621;2018;4;1;6;3;2;6;2;0;1;0;0;0;0;0;792363,2797;5826678,656;13,30905771;52,51165161
115330;11;1;1100102;2018;5;11;5;3;5;3;0;0;1;0;0;0;1;0;796438,3703;5826319,76;13,36861126;52,50623515
115331;11;7;7501135;2018;12;16;5;3;6;2;1;0;1;1;0;0;0;1;798861,5308;5817211,875;13,3960512;52,42327263
115332;11;2;2200208;2018;9;20;6;3;0;6;2;0;1;0;0;0;0;1;797424,052;5825533,594;13,38238895;52,49865161
115333;11;6;6400736;2018;9;13;2;3;2;6;0;0;1;0;1;0;0;0;785397,199;5815564,737;13,19718561;52,41569313
115334;11;2;2500727;2018;6;16;7;3;6;7;0;1;0;1;0;0;0;0;802148,7907;5827722,962;13,45376596;52,51567969
115335;11;7;7300619;2018;7;11;5;3;2;6;0;0;1;0;0;0;0;0;795790,1476;5822629,348;13,35581269;52,47350539
115336;11;1;1100310;2018;5;17;5;3;3;6;0;0;1;0;0;0;0;0;799254,9859;5827906,651;13,41141366;52,51892169
115337;11;1;1100104;2018;2;18;3;3;2;6;2;0;1;0;0;0;0;0;796241,6705;5825913,571;13,36536023;52,50270088
115338;11;5;5400942;2018;11;17;5;3;2;6;2;0;1;0;0;0;0;0;781848,6309;5824568,195;13,15274926;52,49826312
115340;11;3;3701657;2018;10;8;3;3;5;2;0;0;1;0;0;0;0;0;799988,741;5830196,777;13,42426155;52,53904575
115341;11;2;2400522;2018;8;8;1;2;2;6;0;0;1;0;0;0;0;0;801716,2533;5827775,796;13,44745902;52,5163927
115342;11;4;4200206;2018;4;10;7;2;3;6;0;1;0;0;0;0;0;0;787689,7556;5825924,249;13,23973051;52,50737301
115343;11;12;12100204;2018;3;18;5;3;1;5;0;1;0;0;0;0;1;0;795601,4976;5833093,577;13,36234263;52,56741041
115344;11;3;3601348;2018;5;11;7;2;6;4;0;1;0;1;0;0;0;0;799800,3204;5830258,059;13,421547;52,53969873
115345;11;3;3701660;2018;10;18;2;3;5;3;1;1;0;0;0;1;0;1;800561,8475;5829824,815;13,43234989;52,53539598
115346;11;4;4300622;2018;2;19;3;3;3;2;2;0;1;0;1;0;0;0;793299,7389;5826849,666;13,32296801;52,51268192
115347;11;6;6400735;2018;11;16;6;1;6;4;2;0;1;1;0;0;0;1;782842,3468;5815847,167;13,15995946;52,41955183
115348;11;2;2500830;2018;9;12;3;3;0;6;0;1;0;0;0;0;1;0;802158,3768;5827615,226;13,45380897;52,51470875
115349;11;10;10300733;2018;8;13;3;3;3;6;0;0;1;0;0;1;0;0;809111,6974;5827397,13;13,55575013;52,50885826
115350;11;8;8200624;2018;6;10;4;3;2;6;0;0;1;0;0;0;0;0;800780,616;5821607,011;13,42814445;52,46161674
115351;11;7;7300619;2018;7;16;3;2;8;1;0;0;1;0;1;0;0;0;795201,9682;5822473,713;13,34704051;52,47242842
115352;11;7;7400928;2018;6;16;4;3;8;1;0;0;0;0;1;0;0;0;799718,3475;5821444,668;13,41241024;52,46074522
115353;11;1;1400940;2018;5;23;1;3;5;3;2;0;1;0;0;0;0;0;795879,057;5832057,27;13,36550171;52,55797019
115354;11;12;4100101;2018;4;14;6;2;2;6;0;0;1;0;1;0;0;0;791512,465;5830627,7;13,300019;52,54750952
115355;11;7;7501135;2018;12;11;6;3;2;6;0;0;1;0;0;0;0;1;798824,6708;5817300,36;13,39558979;52,42408592
115356;11;12;12100103;2018;10;15;3;3;2;6;0;0;1;0;1;0;0;1;795406,3283;5833601,445;13,35992383;52,57206891
115357;11;7;7300619;2018;2;14;3;3;2;6;0;0;1;0;0;0;0;0;796081,3999;5822740,184;13,36018658;52,47434115
115358;11;4;4200308;2018;7;11;1;3;2;6;0;0;1;0;0;0;0;0;790409,6914;5828157,802;13,28164328;52,52595586
115359;11;4;4400727;2018;4;17;2;3;3;6;0;0;1;0;0;1;0;1;791546,2987;5824383,888;13,29504416;52,49151652
115360;11;2;2400522;2018;7;17;4;3;2;6;0;1;0;0;0;0;0;0;802043,5723;5827742,151;13,45223752;52,51590997
115361;11;1;1100310;2018;3;14;2;3;2;6;0;0;1;0;0;0;1;0;799108,2062;5827640,109;13,40901726;52,51661305
115362;11;1;1300836;2018;5;12;2;3;5;2;0;0;1;0;0;0;0;0;796184,661;5830195,038;13,36833544;52,54111108
115363;11;4;4200206;2018;10;14;1;3;2;2;0;0;1;0;0;0;0;0;788364,8808;5826033,223;13,24974464;52,50799356
115364;11;3;3701657;2018;2;7;3;3;5;2;0;0;1;0;0;0;0;0;799972,748;5830201,544;13,42403075;52,53909728
115365;11;1;1401049;2018;11;17;3;3;1;5;1;1;1;0;0;0;0;0;796020,571;5831396,877;13,36699416;52,55197353
115366;11;4;4400830;2018;9;15;5;3;2;6;0;0;1;0;0;1;0;0;792422,499;5823332,282;13,30699008;52,4816204
115367;11;2;2500727;2018;8;8;3;3;0;6;0;0;1;0;1;0;0;0;802252,5101;5827738,231;13,45530366;52,51575908
115368;11;4;4200311;2018;3;16;5;2;0;7;0;0;1;0;0;0;0;0;790746,3813;5826524,163;13,28516437;52,51113084
115369;11;12;12100101;2018;6;22;5;3;5;3;2;0;0;0;1;0;1;0;795784,1984;5832509,011;13,36450918;52,56207113
115370;11;7;7200308;2018;6;18;6;3;1;5;0;0;1;0;1;0;0;0;795485,2065;5823370,765;13,35199313;52,48031671
115371;11;4;4200311;2018;8;16;1;2;3;6;0;1;1;0;0;0;0;0;790573,148;5826384,561;13,28249704;52,5099716
115372;11;3;3200206;2018;5;17;4;3;0;6;0;0;1;0;0;0;1;0;798250,8637;5834743,892;13,40280015;52,58075806
115373;11;7;7501133;2018;4;17;2;3;5;3;0;0;1;0;1;0;0;0;797428,3881;5817758,709;13,37552379;52,42895534
115374;11;12;12601032;2018;12;12;3;3;6;2;0;0;0;1;0;0;1;1;792728,9413;5837423,112;13,32390795;52,60777467
115375;11;1;1100310;2018;9;14;3;3;2;6;0;0;1;0;0;0;0;0;799689,5016;5828459,825;13,41829671;52,52364141
115376;11;10;10300733;2018;9;10;5;3;2;6;0;0;1;0;0;0;0;0;808474,886;5827450,451;13,54644622;52,50969656
115377;11;10;10300733;2018;7;8;3;3;2;6;0;0;1;0;1;0;0;0;808450,3092;5827455,302;13,54608973;52,50975393
115378;11;10;10400941;2018;7;22;3;3;5;3;2;1;1;0;0;0;0;1;813255,9964;5827202,777;13,61643278;52,50475294
115379;11;4;4300414;2018;5;18;3;3;5;2;0;1;1;0;0;0;0;1;791692,7132;5826587,555;13,29912485;52,51119391
115380;11;7;7501135;2018;2;6;3;3;5;2;0;0;1;0;0;0;0;1;798860,497;5817214,362;13,39603827;52,42329549
115381;11;7;7200410;2018;11;19;2;3;0;1;2;0;0;0;1;0;0;0;795560,6186;5823858,148;13,35353243;52,48464493
115382;11;6;6300629;2018;8;16;5;3;2;2;0;0;1;0;0;0;0;0;792503,5589;5819786,736;13,30507248;52,44979175
115384;11;1;1100310;2018;10;8;6;3;6;4;0;1;0;1;0;0;0;0;799169,5269;5828370,172;13,41057483;52,52312336
115385;11;12;12100103;2018;8;17;3;3;3;6;0;0;1;0;0;0;0;0;795346,5003;5833721,757;13,35915075;52,57317986
115386;11;3;3601141;2018;4;15;3;3;5;2;0;1;1;0;0;0;0;1;799196,2561;5831435,496;13,41372743;52,55058462
115387;11;10;10300734;2018;4;9;5;3;1;5;0;0;0;0;1;0;1;0;810145,0923;5827124,965;13,57067439;52,50583275
115388;11;3;3400723;2018;5;13;4;3;5;2;0;1;1;0;0;0;0;0;798368,7219;5833480,047;13,4033971;52,56936496
115389;11;7;7601236;2018;11;14;6;3;3;6;0;1;0;0;0;0;0;0;797328,65;5817349,659;13,37369753;52,42534279
115390;11;10;10400837;2018;12;17;3;3;2;2;2;1;1;0;0;0;0;0;811512,2842;5827115,362;13,59074389;52,50496787
115391;11;7;7501133;2018;9;8;5;3;5;2;0;0;1;0;1;0;0;0;798587,189;5817928,693;13,3926686;52,42984786
115392;11;1;1300836;2018;8;19;6;3;0;7;1;0;1;0;0;0;0;0;796331,3586;5830067,33;13,37037829;52,53988655
115393;11;4;4200310;2018;6;14;6;3;2;6;0;0;1;0;0;0;0;0;789156,1562;5826158,702;13,26147998;52,50869968
115394;11;12;12100204;2018;7;22;4;3;6;4;2;1;0;1;0;0;0;0;795572,4867;5833199,669;13,36201039;52,56837718
115395;11;2;2500728;2018;5;19;4;3;3;6;0;0;1;0;1;0;0;0;802606,8461;5827684,174;13,46046035;52,5150781
115396;11;6;6400737;2018;2;1;3;3;3;6;2;0;1;0;0;1;0;0;787469,5042;5821275,608;13,23248463;52,46581103
115397;11;4;4300414;2018;11;15;3;3;5;3;0;0;1;0;0;0;0;0;791859,781;5826594,454;13,3015857;52,5111664
115398;11;9;9100306;2018;6;10;2;3;2;6;0;0;1;0;0;0;0;0;803101,4496;5820895,674;13,46155431;52,45395875
115399;11;7;7501133;2018;12;10;6;3;5;2;0;0;1;0;0;0;0;1;798411,0626;5818350,632;13,39046234;52,43372617
115400;11;1;1100310;2018;10;22;7;3;3;6;2;0;1;0;0;0;0;0;799269,1886;5827886,555;13,41160427;52,51873376
115401;11;10;10400940;2018;8;13;6;3;0;6;0;0;1;0;1;0;0;0;812749,9036;5827190,281;13,60898902;52,50493127
115402;11;1;1300836;2018;4;17;5;3;2;6;0;0;1;0;0;0;0;0;796262,0684;5830263,773;13,36953478;52,54168514
115403;11;2;2400521;2018;3;19;2;3;6;4;2;0;0;1;1;0;0;0;800636,7698;5827889,059;13,43170102;52,51800402
115404;11;4;4300414;2018;5;20;5;3;5;2;0;1;1;0;0;0;0;0;791692,7132;5826587,555;13,29912485;52,51119391
115405;11;4;4400725;2018;10;15;5;3;2;6;0;0;1;0;0;0;0;1;790579,109;5825138,761;13,28149734;52,49879975
115406;11;4;4300414;2018;2;15;2;3;2;6;0;0;1;0;0;0;0;0;790787,9026;5826429,269;13,28569156;52,51025798
115407;11;7;7601544;2018;11;16;4;3;5;3;2;1;1;0;0;0;0;0;799849,6671;5813586,688;13,40729332;52,39023697
115408;11;2;2200209;2018;9;14;1;3;6;4;0;0;1;1;0;0;0;0;797740,163;5824223,89;13,38586147;52,48673926
115409;11;4;4300414;2018;8;21;6;3;5;3;2;1;1;0;0;0;0;0;791026,4348;5826458,269;13,28922176;52,51039075
115410;11;3;3100101;2018;6;15;2;3;9;1;0;0;0;0;0;0;1;0;803107,5881;5840233,057;13,47928566;52,62727155
115411;11;3;3100101;2018;7;16;2;3;0;1;0;0;0;0;1;0;0;0;799896,614;5839578,798;13,43139602;52,62318958
115412;11;9;9100101;2018;12;18;4;3;5;2;2;1;1;0;0;0;0;0;802752,5038;5825179,427;13,46032285;52,49254742
115413;11;3;3701657;2018;9;13;6;3;6;4;0;0;1;1;0;0;0;0;800003,6399;5830309,818;13,42458263;52,54005076
115414;11;4;4300414;2018;9;9;7;3;6;2;0;0;1;1;0;0;0;0;791557,112;5826564,579;13,29711226;52,51106043
115415;11;4;4400727;2018;6;0;7;2;3;6;2;0;1;0;0;0;0;0;791495,1313;5824410,604;13,29431604;52,49178335
115416;11;7;7200410;2018;7;23;5;3;3;6;2;0;1;0;1;0;0;0;795344,4814;5823687,236;13,35020733;52,48322978
115417;11;3;3601348;2018;5;1;5;3;5;3;2;1;1;0;0;0;0;0;799806,1822;5830256,904;13,42163212;52,53968515
115418;11;10;10100206;2018;2;4;2;2;5;3;2;0;1;0;0;0;0;2;808668,5532;5832837,395;13,55429323;52,55786352
115419;11;1;1100310;2018;11;12;4;3;2;6;0;0;1;0;0;0;0;0;799262,363;5827875,16;13,41149373;52,51863537
115420;11;12;12100205;2018;12;17;1;2;8;1;2;0;1;0;0;1;0;0;794556,3553;5833949,933;13,34772791;52,57565347
115421;11;7;7501030;2018;10;20;1;3;6;7;2;1;0;1;0;0;0;0;798118,854;5819198,624;13,38693312;52,44148685
115422;11;10;10100208;2018;8;14;7;3;5;3;0;1;1;0;0;0;0;0;808393,3978;5832185,197;13,54964147;52,55217456
115423;11;3;3400723;2018;4;17;6;2;5;2;0;1;1;0;0;0;0;0;798368,1757;5833479,906;13,40338894;52,569364
115424;11;4;4400726;2018;3;18;4;2;5;3;2;0;1;0;0;0;0;1;791198,8988;5824628,879;13,29015601;52,49389829
115425;11;4;7200308;2018;5;16;6;3;2;6;0;0;1;0;0;0;0;0;794642,4711;5823120,308;13,33939848;52,47852687
115426;11;8;8200624;2018;10;12;7;3;3;6;0;0;1;0;0;1;0;0;801028,6036;5821648,279;13,43182073;52,46185009
115427;11;7;7100205;2018;2;19;1;3;2;6;2;0;1;0;0;0;0;1;796019,1323;5825204,946;13,36146143;52,49646945
115428;11;4;4400727;2018;11;9;5;3;8;1;0;0;1;0;0;0;0;0;791613,5605;5824306,737;13,29596451;52,49078894
115429;11;7;7501135;2018;9;11;2;2;5;2;0;1;0;0;0;1;0;0;798866,4887;5817199,839;13,39611315;52,42316203
115430;11;1;1100102;2018;8;4;7;2;1;5;2;1;1;0;0;0;0;0;794718,5874;5827084,392;13,34402327;52,5140213
115431;11;4;4200310;2018;6;9;3;3;0;4;0;0;0;1;0;0;1;0;789598,9259;5826230,134;13,26804785;52,50910522
115432;11;12;12601032;2018;7;20;2;3;3;6;0;0;1;0;1;0;0;0;792772,5062;5837360,957;13,32449447;52,60719403
115433;11;2;2500726;2018;6;10;4;2;2;7;0;0;1;0;0;0;0;0;801690,2044;5828862,874;13,44806228;52,52615066
115434;11;4;4300622;2018;5;19;7;3;2;2;0;0;1;0;0;0;0;0;793144,7111;5826806,975;13,3206525;52,51238255
115435;11;9;9200613;2018;4;21;6;2;6;4;2;0;1;1;0;0;0;1;806374,8022;5821355,096;13,50999728;52,45625149
115436;11;11;11401032;2018;12;19;5;3;0;1;2;0;0;0;1;0;0;1;805415,1827;5827399,376;13,501456;52,51096037
115437;11;3;3400723;2018;10;10;2;3;2;6;0;0;1;0;0;0;0;0;798392,0767;5833449,787;13,40371345;52,56908093
115438;11;4;4200310;2018;7;14;7;3;2;6;0;0;1;0;0;0;0;0;789080,247;5826147,349;13,26035476;52,50863814