OBJECTID;LAND;BEZ;LOR_ab_2021;UJAHR;UMONAT;USTUNDE;UWOCHENTAG;UKATEGORIE;UART;UTYP1;ULICHTVERH;IstRad;IstPKW;IstFuss;IstKrad;IstGkfz;IstSonstig;USTRZUSTAND;LINREFX;LINREFY;XGCSWGS84;YGCSWGS84
115654;11;9;9100101;2018;1;15;4;3;2;6;0;0;1;0;1;0;0;1;802615,9453;5825142,101;13,45828371;52,49228859
115655;11;4;4300621;2018;7;19;2;3;3;6;0;1;0;0;0;0;0;0;791992,9921;5826637,911;13,30358114;52,51148469
115656;11;12;4100101;2018;4;17;3;3;2;6;0;0;1;0;0;0;0;0;791582,4733;5830752,351;13,30115796;52,54858952
115657;11;1;1100310;2018;7;15;5;3;5;2;0;1;0;0;0;0;1;0;798797,7303;5827985,893;13,40476594;52,5198827
115658;11;7;7400824;2018;3;13;4;2;3;6;0;0;1;0;0;1;0;0;797375,3875;5822340,36;13,3788255;52,4700542
115659;11;4;4300621;2018;5;13;3;2;6;4;0;0;1;1;0;0;0;0;792535,0015;5826729,07;13,3116252;52,5120115
115660;11;7;7501133;2018;10;10;2;3;5;3;0;0;1;0;0;0;0;0;797517,8794;5818161,665;13,37719466;52,4325188
115661;11;12;12200515;2018;1;17;2;2;2;6;1;0;1;0;0;0;1;0;790688,1414;5834901,369;13,29164181;52,58626295
115662;11;1;1100102;2018;11;16;6;3;5;2;1;1;1;0;0;0;0;1;796463,914;5827392,408;13,36994199;52,51583651
115663;11;11;11401034;2018;9;14;6;3;3;6;0;0;1;0;0;1;0;0;807084,4945;5827397,203;13,52597449;52,51000377
115664;11;7;7200308;2018;8;16;4;3;0;1;0;0;1;0;0;0;0;0;794521,7812;5823121,624;13,33762769;52,47860376
115665;11;4;4501151;2018;6;15;6;3;2;6;0;0;1;0;0;0;0;0;793826,132;5822991,931;13,32729988;52,47781584
115666;11;10;10400940;2018;6;13;1;2;3;6;0;0;1;0;1;0;0;0;813039,6162;5827204,868;13,61325719;52,50489585
115667;11;3;3601451;2018;8;7;3;2;5;2;0;1;0;0;0;0;1;0;801016,413;5829646,77;13,43887022;52,53354927
115668;11;3;3601449;2018;5;9;5;3;6;7;0;1;0;1;0;0;0;0;801148,7219;5830769,208;13,44183216;52,54353672
115669;11;7;7601236;2018;4;10;3;3;5;2;0;1;0;0;0;1;0;0;796607,9145;5816000,089;13,36193264;52,41363608
115670;11;7;7200411;2018;12;13;4;3;6;7;0;0;1;1;0;0;0;0;795817,8257;5824174,046;13,3575895;52,48733742
115671;11;12;12100204;2018;9;14;5;2;5;7;0;0;1;0;1;0;0;0;795764,889;5832703,232;13,36439828;52,56382262
115672;11;11;11300722;2018;9;8;6;3;0;1;0;1;0;0;0;0;0;0;803966,0009;5827560,992;13,48031552;52,51321831
115673;11;2;2400522;2018;7;15;4;3;1;5;0;0;0;0;1;0;1;0;801789,5757;5827768,259;13,44852946;52,51628458
115674;11;2;2100101;2018;7;14;4;2;5;2;0;1;1;0;0;0;0;0;797851,6842;5825505,111;13,38864435;52,49816307
115675;11;4;4200308;2018;5;16;5;2;3;6;0;0;1;0;0;1;0;0;790458,4839;5828436,151;13,28260362;52,52842528
115676;11;1;1100102;2018;1;23;2;2;5;3;2;1;1;0;0;0;0;1;796615,2917;5826727,185;13,37157335;52,50979115
115677;11;11;11401034;2018;11;6;3;3;2;6;1;0;1;0;0;0;0;1;807158,4904;5827434,27;13,52709558;52,51029431
115678;11;5;5200528;2018;8;16;6;3;5;3;0;0;1;0;1;0;0;0;783454,0087;5826646,433;13,17810442;52,51606568
115680;11;4;4200310;2018;10;12;1;3;2;6;0;0;1;0;0;0;0;0;789163,1332;5826159,834;13,26158348;52,50870613
115681;11;1;1401044;2018;8;23;4;2;5;3;2;1;1;0;0;0;0;0;796048,8913;5831362,358;13,36737986;52,55164871
115682;11;12;12200414;2018;4;16;5;3;2;6;0;0;1;0;0;0;0;1;792123,9214;5831930,372;13,31015696;52,55886
115683;11;7;7200410;2018;4;14;5;3;0;6;0;0;1;0;1;0;0;0;795312,7991;5823646,928;13,34970643;52,48288558
115684;11;11;11401032;2018;5;12;4;3;0;6;0;1;1;0;0;0;0;0;805719,8186;5827387,155;13,50591967;52,5106802
115685;11;4;4400726;2018;12;23;5;3;8;1;2;0;1;0;0;0;0;1;791158,9482;5824652,944;13,28959025;52,49413535
115686;11;11;11300722;2018;9;7;6;2;6;4;2;0;0;1;0;0;1;0;803751,9984;5827583,523;13,47719226;52,51353946
115687;11;7;7200410;2018;9;7;2;2;1;5;0;1;1;0;0;0;0;0;795497,3742;5823833,721;13,35258212;52,4844602
115688;11;12;12100204;2018;6;15;7;3;2;2;0;1;0;0;0;0;1;0;795766,6951;5832693,06;13,36441578;52,56373045
115689;11;7;7501133;2018;7;9;5;3;1;5;0;0;0;0;1;0;1;0;798085,9479;5819031,717;13,38630156;52,44000864
115690;11;12;12100103;2018;5;14;5;2;5;7;0;1;0;0;0;0;1;0;795349,401;5833740,217;13,35920987;52,57334376
115691;11;1;1100310;2018;1;17;2;3;2;6;0;1;0;0;0;0;1;1;799719,8122;5828492,5;13,41877158;52,52391763
115692;11;7;7601442;2018;11;16;4;3;6;7;0;0;1;1;0;0;0;0;799133,9248;5816556,265;13,399459;52,41724704
115694;11;7;7200410;2018;10;19;2;3;1;5;1;1;1;0;0;0;1;0;795673,091;5823965,276;13,35527895;52,48554436
115695;11;11;11401034;2018;8;0;1;2;6;4;2;0;1;1;0;0;0;0;807042,2944;5827384,128;13,52534257;52,50991034
115696;11;3;3701660;2018;4;15;6;3;6;7;0;0;1;1;0;0;0;0;800286,4654;5829428,769;13,42794425;52,53199791
115697;11;4;4200308;2018;3;7;5;2;0;1;0;0;0;0;1;0;0;1;790466,8372;5828463,921;13,28275067;52,52866978
115698;11;12;12100205;2018;5;16;6;3;2;6;0;0;1;0;0;0;0;0;794559,221;5833801,228;13,34763796;52,5743189
115699;11;7;7300619;2018;10;14;2;3;5;3;0;0;1;0;0;0;1;0;796030,5885;5822743,538;13,35944364;52,47439876
115700;11;1;1100310;2018;1;13;2;1;3;6;0;0;1;0;0;0;1;0;799248,4072;5827897,889;13,41130911;52,51884675
115701;11;4;4400726;2018;11;19;5;3;2;6;2;0;1;0;0;0;0;0;790757,6606;5824877,848;13,28389243;52,49636555
115702;11;7;7501135;2018;9;21;2;2;1;1;2;0;1;0;0;0;0;0;798992,8458;5816894,236;13,39769272;52,42035364
115703;11;2;2400521;2018;8;14;2;3;5;3;0;1;1;0;0;0;0;0;800329,1295;5827943,225;13,42722969;52,51865903
115704;11;3;3500936;2018;6;17;3;2;0;1;0;0;0;0;1;0;0;0;802616,8011;5831731,223;13,46429109;52,55134572
115705;11;9;9100202;2018;7;8;3;3;5;7;0;1;1;0;0;0;0;0;803092,1496;5824570,243;13,46475615;52,48689889
115706;11;2;2200209;2018;6;15;4;3;3;6;0;0;0;0;1;0;1;0;797799,7242;5824868,433;13,38731204;52,49248435
115707;11;12;12200310;2018;5;17;1;3;2;6;0;0;1;0;0;0;0;0;791726,5431;5833254,953;13,30547658;52,57094752
115708;11;1;1300836;2018;4;21;6;3;2;6;2;0;1;0;0;0;0;1;796187,744;5830191,845;13,36837792;52,54108078
115709;11;6;6300527;2018;12;7;6;3;6;2;1;0;1;1;0;0;0;1;791055,6357;5818814,128;13,28297942;52,44184499
115710;11;3;3701660;2018;10;19;2;3;1;5;2;1;0;0;0;0;1;0;800497,5777;5829766,965;13,43135289;52,5349129
115711;11;2;2500729;2018;7;20;7;3;0;6;1;0;1;0;1;0;0;1;803111,0774;5827648,83;13,46783605;52,51448133
115712;11;4;4200311;2018;4;12;2;3;2;6;0;0;1;0;0;0;1;1;790517,778;5826393,907;13,28169163;52,51008489
115713;11;4;4300620;2018;7;9;4;3;1;1;0;0;1;0;1;0;0;0;794003,2144;5826958,647;13,33340069;52,51328014
115714;11;3;3400620;2018;3;14;1;3;5;3;0;0;1;0;0;0;0;0;798042,5486;5833913,806;13,39898861;52,57343167
115715;11;7;7501135;2018;5;17;1;3;5;3;0;1;1;0;0;0;0;0;798977,7491;5816990,104;13,39755705;52,42122123
115716;11;6;6300526;2018;10;18;7;3;2;6;2;0;1;0;0;0;0;1;789533,4476;5817971,401;13,25991729;52,43509768
115717;11;6;6300527;2018;1;18;1;3;5;2;2;0;1;0;0;0;0;1;791031,3185;5818800,435;13,28261074;52,44173517
115718;11;3;3200205;2018;11;7;2;3;6;2;0;0;1;1;0;0;0;1;798114,0842;5835769,186;13,40170988;52,59002327
115719;11;2;2500729;2018;9;9;4;3;3;6;0;1;0;0;0;0;0;0;803306,1694;5827628,958;13,47068407;52,51419478
115720;11;2;2500729;2018;8;15;2;3;0;4;0;0;0;1;1;0;0;0;803531,0621;5827589,189;13,4739517;52,51371323
115721;11;6;6400737;2018;6;18;5;3;2;6;0;0;1;0;1;0;0;0;785994,9487;5819118,608;13,20899048;52,44724528
115722;11;2;2500728;2018;3;18;3;3;5;2;2;1;1;0;0;0;0;1;803089,8091;5827650,938;13,46752551;52,51451205
115723;11;10;10300733;2018;6;15;6;3;6;3;0;0;1;1;0;0;0;0;808981,3108;5827403,114;13,55384061;52,50898575
115724;11;3;3100101;2018;8;3;1;1;8;1;2;0;1;0;0;0;1;0;800723,5501;5840869,067;13,44474915;52,6342971
115725;11;7;7601442;2018;5;7;4;3;1;1;0;0;1;0;1;0;1;0;799710,0499;5814904,026;13,40642606;52,40212166
115726;11;1;1100102;2018;4;12;2;3;2;6;0;0;1;0;1;0;0;0;796899,2055;5827451,246;13,37639046;52,51612714
115727;11;5;5200634;2018;12;17;3;3;2;6;2;0;1;0;0;0;0;1;785533,266;5826176,046;13,20825947;52,51076358
115728;11;12;12100103;2018;9;10;3;3;2;6;0;0;1;0;0;0;0;0;795438,3332;5833517,705;13,3603201;52,57130089
115729;11;7;7400824;2018;9;17;4;3;2;6;0;0;1;0;0;0;0;0;797628,9082;5822328,123;13,38253579;52,46980644
115730;11;4;4400727;2018;6;7;5;3;2;6;0;0;1;0;1;0;0;0;791348,1131;5824551,879;13,29228031;52,49312836
115731;11;2;2500727;2018;7;21;2;3;5;2;1;1;1;0;0;0;0;0;802179,168;5827738,493;13,45422637;52,51580207
115732;11;10;10400940;2018;7;17;3;3;5;2;0;1;1;0;0;0;0;0;812858,8291;5827181,376;13,61058024;52,50478903
115733;11;3;3200205;2018;5;6;3;3;5;3;0;0;1;0;1;0;0;0;798165,5109;5836120,151;13,40278268;52,59314096
115734;11;7;7300619;2018;12;17;7;3;3;6;2;0;1;0;0;0;0;1;796254,133;5822715,23;13,36270013;52,4740238
115735;11;4;4400726;2018;10;18;3;3;2;6;1;0;1;0;0;0;0;1;790691,0102;5824983,514;13,28300563;52,49734835
115736;11;7;7300619;2018;1;0;7;2;6;4;2;0;1;1;0;0;0;0;795584,8501;5823272,974;13,35336941;52,47938616
115737;11;7;7400928;2018;7;2;2;1;8;1;2;0;0;0;1;0;0;0;799730,5163;5821402,184;13,41255066;52,46035774
115738;11;4;4300414;2018;4;7;2;2;0;1;0;1;0;0;0;0;0;0;791369,8977;5826512,988;13,29431627;52,51069795
115739;11;6;6300524;2018;7;10;5;3;9;1;0;0;1;0;0;0;0;0;787947,0525;5817567,182;13,23629791;52,43231104
115740;11;4;4200311;2018;3;9;3;3;2;6;0;0;1;0;0;0;0;1;790477,0139;5826368,486;13,28107048;52,5098787
115741;11;4;4200206;2018;5;20;2;3;2;6;0;0;0;0;0;0;1;0;788677,6172;5826083,546;13,2543834;52,50827933
115742;11;7;7400822;2018;10;14;2;3;3;6;0;0;1;0;0;1;0;1;796420,226;5822628,215;13,36506101;52,47315368
115743;11;1;1100310;2018;1;6;6;3;2;6;2;0;1;0;0;0;0;1;799101,5691;5827684,534;13,40895967;52,51701489
115744;11;7;7400823;2018;11;16;4;3;2;6;2;0;1;0;0;0;0;0;796873,2898;5822397,832;13,37150669;52,47084247
115745;11;4;4501153;2018;9;18;5;3;2;6;1;0;1;0;0;0;1;1;794357,5431;5823072,547;13,33517304;52,47825236
115746;11;3;3701660;2018;8;15;3;3;2;2;0;1;0;0;0;0;1;0;800371,1035;5829564,209;13,42931064;52,53316526
115747;11;3;3601141;2018;6;8;6;3;6;4;0;1;0;1;0;0;0;0;799192,5258;5831359,877;13,41360444;52,54990886
115748;11;12;12100204;2018;6;18;7;3;5;3;0;0;1;0;1;0;0;0;795758,0204;5832656,457;13,36425555;52,56340706
115749;11;9;9200613;2018;8;10;2;2;6;3;0;0;1;1;0;0;0;0;806032,8378;5821702,342;13,50529859;52,45955524
115750;11;3;3601142;2018;5;9;4;3;0;4;0;0;0;1;1;0;0;0;799141,6295;5830384,983;13,41197803;52,54119839
115751;11;1;1100104;2018;4;15;3;3;2;6;0;0;1;0;0;0;0;0;796381,1659;5826167,661;13,3676355;52,50490281
115752;11;7;7200410;2018;12;20;3;3;3;6;2;1;1;0;0;0;0;1;795662,3296;5823977,28;13,35513158;52,48565779
115753;11;12;12100204;2018;9;14;4;3;0;5;0;1;0;0;0;0;1;0;795667,1904;5832921,865;13,363156;52,56583551
115754;11;9;9200613;2018;9;14;5;2;3;6;0;0;1;0;0;0;0;0;806679,5721;5821058,233;13,51419591;52,45341999
115755;11;4;4200310;2018;7;16;3;3;0;4;0;1;0;1;0;0;0;0;789940,7261;5826327,877;13,27315516;52,50979993
115756;11;3;3601142;2018;7;17;3;3;0;4;0;1;0;1;0;0;0;0;799197,6344;5831039,905;13,41339128;52,54703801
115757;11;7;7501029;2018;5;8;4;3;2;2;0;0;1;0;0;0;0;0;797701,063;5818770,812;13,38042362;52,43787954
115758;11;3;3601142;2018;1;5;6;2;6;4;2;0;1;1;0;0;0;1;799141,7755;5830376,319;13,41197238;52,54112065
115759;11;7;7501133;2018;11;6;3;3;3;6;2;1;1;0;0;0;0;1;798153,95;5819054,333;13,3873192;52,4401743
115760;11;4;4200311;2018;8;9;5;3;0;2;0;1;1;0;0;0;0;0;790519,246;5826375,536;13,28169716;52,50991941
115762;11;12;12100101;2018;10;12;7;3;5;3;0;0;1;0;0;0;0;0;795798,1181;5832426,534;13,3646404;52,56132424
115763;11;3;3601142;2018;8;1;4;3;0;4;2;0;0;1;1;0;0;0;799165,5941;5830380,554;13,41232636;52,54114554
115764;11;12;12200412;2018;4;15;4;3;2;6;0;0;1;0;0;0;0;1;791039,4177;5834176,356;13,29617541;52,57957554
115765;11;7;7300619;2018;4;12;5;3;2;6;0;0;1;0;0;0;0;0;795886,9029;5822684,389;13,35728186;52,47394639
115766;11;3;3701657;2018;5;21;4;3;5;2;1;1;1;0;0;0;0;0;799992,9269;5830194,759;13,42432126;52,53902536
115767;11;1;1300836;2018;12;17;4;3;3;6;2;0;1;0;0;0;0;0;796284,0706;5830338,05;13,36992451;52,54233899
115768;11;12;12601032;2018;9;12;5;3;0;2;0;1;0;0;0;0;1;0;792729,7489;5837422,078;13,32391893;52,60776497
115769;11;10;10100313;2018;8;16;6;3;3;6;0;0;1;0;1;0;0;0;807715,0268;5830593,549;13,53819334;52,53829401
115770;11;7;7300619;2018;6;16;6;3;0;7;0;0;0;0;1;0;1;1;795707,0005;5823147,22;13,35505128;52,47819275
115771;11;6;6400735;2018;7;18;5;3;6;4;0;1;0;1;0;0;0;0;782669,6499;5815804,1;13,15739037;52,4192549
115772;11;1;1100206;2018;5;14;4;3;6;7;0;1;0;1;0;0;0;0;797922,0587;5827615,496;13,39156668;52,51704167
115773;11;2;2500729;2018;1;11;6;3;6;7;0;1;0;1;0;0;0;1;803550,5235;5827602,478;13,47424972;52,51382151
115774;11;6;6400735;2018;11;16;3;3;0;5;0;1;1;0;0;0;1;0;783563,7133;5816035,963;13,17069864;52,42087137
115775;11;6;6400735;2018;6;7;3;2;6;4;0;0;1;1;0;0;0;0;782839,4397;5815856,651;13,15992485;52,41963837
115776;11;1;1100102;2018;12;17;7;3;2;6;2;0;1;0;0;0;0;1;796823,8595;5826701,897;13,37461498;52,50945103
115777;11;4;4200311;2018;10;14;1;3;2;6;0;0;1;0;0;0;0;0;790543,1449;5825422,253;13,28121637;52,50136043
115778;11;12;12200414;2018;8;14;6;2;8;1;0;0;1;0;0;0;0;0;791703,2376;5831032,114;13,30317967;52,55103287
115779;11;4;4300415;2018;4;13;5;2;2;6;0;0;1;0;0;0;0;0;790686,2689;5826132,758;13,28393926;52,50765391
115780;11;1;1400940;2018;3;11;3;3;2;6;0;0;1;0;1;0;0;0;795866,114;5832045,08;13,36530048;52,55786795
115781;11;12;12400721;2018;5;8;6;2;5;3;0;1;1;0;0;0;0;0;790994,2743;5841249,075;13,30173172;52,64300457
115782;11;7;7300619;2018;10;15;6;3;2;6;0;0;1;0;0;0;1;0;795298,477;5822801,731;13,34874762;52,47531672
115783;11;3;3601452;2018;1;17;5;3;2;6;2;0;1;0;0;0;0;0;801578,7928;5829022,68;13,44656996;52,52764465
115784;11;1;1100102;2018;11;14;5;3;6;7;0;1;0;1;0;0;0;0;796490,836;5826506,452;13,36954828;52,50788015
115785;11;8;8200622;2018;9;7;2;3;2;6;0;0;1;0;1;0;0;0;801953,1284;5821838,674;13,44555964;52,46304657
115786;11;3;3500936;2018;8;21;7;3;3;6;2;0;1;0;0;1;0;0;802503,0399;5831664,573;13,46255766;52,55081154
115787;11;3;3400723;2018;6;7;3;3;2;6;0;0;1;0;0;1;0;0;798362,0856;5833478,33;13,40329793;52,56935321
115788;11;11;11401032;2018;7;19;2;3;1;5;0;1;1;0;0;0;0;0;805798,0124;5827383,981;13,50706536;52,51060792
115789;11;4;4300414;2018;6;17;3;3;2;6;0;0;1;0;0;0;0;0;791571,781;5826567,108;13,29733002;52,51107526
115790;11;7;7601547;2018;5;12;7;3;1;5;0;0;1;0;1;0;0;0;800514,55;5812371,81;13,4159457;52,37898293
115791;11;3;3400725;2018;4;16;5;2;3;6;0;0;1;0;0;0;0;0;800389,5312;5835507,884;13,43496133;52,58642939
115792;11;11;11401034;2018;12;16;4;3;2;6;1;0;1;0;0;0;0;1;807455,4534;5827449,325;13,53147145;52,51026195
115793;11;7;7400721;2018;9;13;1;3;6;2;0;0;1;1;0;0;0;0;797778,1489;5823488,982;13,38576278;52,48013092
115794;11;1;1400940;2018;7;16;7;2;5;3;0;0;1;0;1;0;0;0;795861,8759;5832068,328;13,36525887;52,55807865
115795;11;4;4300414;2018;4;16;1;3;1;5;0;1;0;0;0;0;1;0;791251,3625;5826494,604;13,29255849;52,51059645
115796;11;6;6400735;2018;7;20;2;3;0;3;1;0;1;0;1;0;0;0;782339,5259;5815726,162;13,15248312;52,41872647
115797;11;4;4400830;2018;3;15;6;3;2;6;0;0;1;0;0;0;0;1;792084,8492;5823813,101;13,3024535;52,4861116
115798;11;1;1100102;2018;5;13;7;3;0;6;0;1;0;0;0;0;0;0;796892,367;5827450,148;13,376289;52,51612103
115799;11;3;3500936;2018;10;14;6;3;0;1;0;0;0;0;1;0;0;0;801792,6324;5831371,876;13,45184607;52,54858215
115800;11;4;4200207;2018;1;17;5;3;8;1;2;0;1;0;0;0;0;0;788384,2573;5822712,661;13,24715503;52,4782129
115801;11;7;7400721;2018;11;11;7;3;2;6;0;0;1;0;0;0;0;0;797819,3004;5822939,156;13,3858759;52,47517991
115802;11;7;7601442;2018;9;6;3;2;1;5;1;0;1;0;0;0;0;0;799734,8929;5814369,25;13,40631167;52,39731447
115803;11;7;7400720;2018;8;14;1;3;2;6;0;0;1;0;0;0;0;0;797774,1814;5823883,356;13,38605677;52,4836682
115804;11;5;5200528;2018;6;13;4;3;2;6;0;0;1;0;1;0;0;0;783547,3113;5826706,911;13,17952727;52,51655944
115805;11;3;3400830;2018;10;11;4;3;2;7;0;0;0;0;1;0;1;0;800030,8232;5833543,998;13,42790522;52,56902463
115806;11;3;3701657;2018;6;6;6;3;0;7;0;1;0;0;0;0;0;0;800051,7721;5830472,915;13,4254375;52,54148616
115807;11;1;1300836;2018;8;15;6;3;5;2;0;1;1;0;0;0;0;0;796195,046;5830185,826;13,36847991;52,54102285
115808;11;7;7501133;2018;5;20;3;3;5;3;0;0;1;0;0;0;0;0;798153,95;5819054,333;13,3873192;52,4401743
115809;11;7;7501029;2018;4;16;1;3;2;6;0;0;1;0;0;0;0;0;797716,344;5818801,359;13,38067496;52,43814504
115810;11;3;3100103;2018;12;6;2;3;2;6;1;0;1;0;0;0;0;0;803636,0164;5839974,675;13,48683137;52,62466073
115811;11;3;3400721;2018;9;14;3;3;2;6;0;0;1;0;0;0;0;0;798114,948;5833549,887;13,39972663;52,57013001
115812;11;6;6400735;2018;9;13;3;3;0;2;0;1;1;0;0;0;0;0;783889,4801;5815953,905;13,17540663;52,41996669
115813;11;7;7200308;2018;6;16;4;3;6;4;0;0;1;1;0;0;0;0;795355,8541;5823451,319;13,35016531;52,4811088
115814;11;4;4400727;2018;7;9;2;3;2;6;0;0;1;0;0;0;0;0;791469,7193;5824431,969;13,2939615;52,49198845
115815;11;2;2500728;2018;5;21;2;3;1;1;1;0;1;0;0;0;0;0;802919,0882;5827668,27;13,46503318;52,51476223
115816;11;12;12100205;2018;1;9;5;3;3;6;0;0;1;0;0;0;0;1;794604,9678;5833804,992;13,34831441;52,57432788
115817;11;12;12400618;2018;11;16;1;3;0;1;1;0;0;0;1;0;0;1;787543,1507;5837981,363;13,24802472;52,61554762
115818;11;3;3601245;2018;8;13;5;3;6;4;0;0;1;1;0;0;0;0;800224,007;5831132,111;13,42856533;52,54729983
115819;11;1;1100310;2018;3;11;7;3;5;2;0;0;1;0;0;0;0;0;799283,0186;5827936,71;13,41185261;52,51917574
115821;11;3;3701657;2018;10;8;5;2;2;6;0;0;1;0;0;0;0;0;800567,8063;5829919,098;13,43252275;52,53623777
115822;11;10;10300734;2018;8;6;3;2;5;3;0;1;1;0;0;0;0;0;810648,9647;5827082,467;13,57803468;52,50516527
115823;11;10;10300733;2018;4;7;2;3;5;2;0;0;1;0;0;1;0;0;808954,1705;5827441,349;13,55347747;52,50934377
115824;11;3;3400826;2018;4;16;3;3;1;5;0;1;0;0;0;0;1;0;798700,6149;5832906,919;13,40776345;52,56404572
115825;11;7;7400822;2018;5;15;3;3;2;6;0;0;1;0;0;0;1;0;796613,7822;5822500,729;13,36778895;52,47190581
115826;11;3;3100101;2018;10;17;4;3;2;6;2;0;1;0;0;0;0;0;800865,7803;5838688,521;13,4448601;52,61467425
115827;11;3;3300517;2018;12;18;2;3;6;2;2;0;0;1;0;1;0;0;803107,8909;5833467,258;13,47309728;52,56663225
115828;11;7;7200410;2018;9;20;4;3;3;6;2;1;1;0;0;0;0;0;795626,1268;5823945,333;13,35457165;52,48539101
115829;11;1;1100207;2018;8;11;5;3;6;7;0;0;1;1;0;0;0;0;798866,1831;5827279,331;13,40513712;52,51351187
115830;11;1;1100310;2018;6;17;5;3;5;2;0;1;0;0;1;0;0;0;798799,3675;5828014,712;13,40481589;52,52014013
115831;11;6;6400736;2018;7;8;4;3;2;6;0;0;1;0;0;0;0;0;785369,378;5816015,639;13,19716218;52,4197505
115832;11;3;3500934;2018;1;16;5;3;2;6;2;0;1;0;0;0;0;1;800272,4851;5831810,467;13,42989152;52,55335338
115833;11;4;4300414;2018;11;7;2;3;5;2;0;1;1;0;0;0;0;0;791023,058;5826476,372;13,28918797;52,51055485
115834;11;7;7400824;2018;6;11;6;3;2;6;0;0;0;0;1;1;0;1;797849,503;5822287,333;13,38573727;52,46932058
115835;11;3;3701657;2018;5;18;3;3;5;2;0;1;1;0;0;0;0;0;799998,3416;5830219,784;13,42442345;52,53924668
115836;11;12;12200310;2018;12;12;5;3;2;6;0;0;1;0;0;0;1;0;791820,3337;5832858,054;13,30650734;52,56733916
115837;11;7;7501133;2018;10;10;6;3;1;5;0;0;1;0;1;0;0;0;798375,6881;5818375,976;13,38996615;52,43397265
196811;11;3;3300517;2018;1;18;5;2;5;2;2;1;1;0;0;0;0;1;803380,0323;5833521,47;13,47714965;52,56696655
196812;11;6;6300525;2018;1;11;4;2;5;2;0;1;1;0;0;0;0;0;790219,0231;5815055,7;13,26744455;52,40859406
196813;11;7;7200308;2018;1;18;5;3;2;2;2;1;1;0;0;0;0;1;794816,4643;5823564,137;13,34234545;52,48241162
196814;11;9;9200717;2018;1;18;2;3;5;3;2;0;1;0;0;0;1;0;809446,9503;5820597,506;13,55436461;52,44773151
196815;11;12;12100205;2018;1;18;5;3;5;2;2;1;1;0;0;0;0;1;794554,1651;5833970,188;13,34771367;52,57583623
196816;11;9;9501941;2018;1;17;1;3;5;3;2;0;1;0;0;0;0;0;811062,7447;5821225,079;13,57864766;52,45243871
196817;11;3;3100103;2018;1;17;5;2;6;2;2;0;1;1;0;0;0;1;804370,3269;5840425,448;13,49806098;52,62828979
196818;11;5;5100211;2018;1;7;6;2;6;2;1;0;1;1;0;0;0;0;783238,3267;5830292,381;13,17804137;52,54886821
196819;11;1;1200522;2018;1;17;5;3;5;3;2;0;1;0;0;0;0;1;793923,307;5827755,456;13,33293051;52,52046617
196820;11;4;4100101;2018;1;23;3;2;6;4;2;0;1;1;0;0;0;0;789474,2948;5830628,607;13,27004638;52,54860453
196821;11;11;11300619;2018;1;17;5;2;6;4;2;0;1;1;0;0;0;1;803852,617;5828724,988;13,47971296;52,52371401
196822;11;2;2500835;2018;1;16;5;3;5;2;2;0;1;0;0;0;0;1;803014,2792;5825735,625;13,46467266;52,49738732
196823;11;12;12200308;2018;1;5;2;3;1;5;2;0;1;0;0;0;1;0;792820,3768;5833870,503;13,32211377;52,57587826
196824;11;8;8100206;2018;1;15;5;3;2;6;1;0;1;0;0;0;0;1;800507,2522;5823746,26;13,42606;52,48094211
196825;11;12;12200412;2018;1;16;5;3;2;6;0;0;1;0;0;0;1;1;788615,0032;5833017,354;13,25948654;52,57047621
196826;11;8;8100104;2018;1;3;7;3;6;2;2;0;0;1;0;0;1;1;800714,2551;5822327,065;13,42781946;52,46810739
196827;11;6;6200312;2018;1;15;5;3;5;2;0;0;1;0;0;0;0;1;795161,7034;5818820,963;13,3432204;52,43970547
196828;11;2;2200212;2018;1;20;4;3;2;6;2;1;1;0;0;0;0;1;799899,9951;5824458,039;13,41778521;52,48765596
196829;11;8;8100521;2018;1;15;5;3;3;6;1;0;1;0;0;1;0;1;802710,615;5822115,331;13,4569262;52,46510717
196830;11;3;3300517;2018;1;16;7;2;5;2;2;0;1;0;0;0;0;0;803377,7549;5833521,805;13,47711646;52,56697082
196831;11;8;8200727;2018;1;14;5;3;6;4;0;0;1;1;0;0;0;1;801284,6375;5819608,848;13,43373804;52,44342891
196832;11;1;1100103;2018;1;21;5;3;2;2;2;0;1;0;0;0;1;1;795181,4863;5825911,47;13,3497847;52,50325661
196833;11;9;9502043;2018;1;14;5;2;5;3;0;1;1;0;0;0;0;1;810990,5063;5821975,644;13,57828706;52,45920603
196834;11;1;1401045;2018;1;16;3;3;2;6;2;0;1;0;0;0;0;0;796955,3891;5831507,252;13,38083988;52,55245407
196835;11;4;4200310;2018;1;14;5;2;0;7;0;0;1;0;0;0;0;0;789933,8754;5826538,845;13,27323829;52,51169494
196836;11;2;2500727;2018;1;8;2;3;1;5;0;0;1;0;0;0;1;0;802312,6278;5827984,447;13,45641063;52,51793259
196837;11;6;6300526;2018;1;14;5;3;0;7;0;0;1;0;1;0;0;1;789550,9897;5817885,46;13,26010018;52,43431789
196838;11;5;5200526;2018;1;13;5;2;6;4;0;0;1;1;0;0;0;0;782313,231;5827201,93;13,16180914;52,52163825
196839;11;7;7400927;2018;1;20;7;3;1;5;2;0;1;0;0;0;0;1;798014,6062;5820914,688;13,38693498;52,45692632
196840;11;11;11401032;2018;1;13;5;3;5;3;0;0;1;0;0;0;0;1;806134,4215;5827351,773;13,51197727;52,51013059