OBJECTID;LAND;BEZ;LOR_ab_2021;UJAHR;UMONAT;USTUNDE;UWOCHENTAG;UKATEGORIE;UART;UTYP1;ULICHTVERH;IstRad;IstPKW;IstFuss;IstKrad;IstGkfz;IstSonstig;USTRZUSTAND;LINREFX;LINREFY;XGCSWGS84;YGCSWGS84
196841;11;1;1100308;2018;1;17;4;3;0;1;2;0;0;0;1;0;0;1;797597,6145;5828442,105;13,38753896;52,52462836
196842;11;11;11200513;2018;1;19;5;2;5;3;2;1;1;0;0;0;0;1;804599,382;5830874,405;13,49265547;52,54256152
196843;11;8;8100521;2018;1;13;5;3;5;3;0;0;1;0;0;0;0;1;802483,096;5822557,773;13,45398842;52,4691988
196844;11;1;1100309;2018;1;12;2;3;2;6;0;0;1;0;0;1;0;0;797926,5355;5828873,753;13,39275957;52,5283179
196845;11;12;12200309;2018;1;11;5;3;0;5;0;0;1;0;1;0;0;1;793358,9503;5832539,285;13,32886116;52,56365463
196846;11;2;2400623;2018;1;7;3;3;5;3;1;1;1;0;0;0;0;0;801240,8753;5827686,852;13,44039405;52,51585826
196847;11;12;12500927;2018;1;10;5;3;6;4;0;0;1;1;0;0;0;1;792766,0035;5836327,017;13,32348428;52,59792886
196848;11;2;2400623;2018;1;13;2;3;5;3;0;1;1;0;0;0;0;0;800366,153;5827190,941;13,42709461;52,51189567
196849;11;9;9100101;2018;1;5;5;3;5;2;2;1;1;0;0;0;0;1;802344,2627;5824750,109;13,45393864;52,4889257
196850;11;11;11100204;2018;1;5;5;3;5;3;2;1;1;0;0;0;0;1;806402,4427;5833714,861;13,52178141;52,56700714
196851;11;4;4300623;2018;1;2;6;3;8;1;2;0;1;0;0;0;0;1;792266,3282;5825989,985;13,30702848;52,50552979
196852;11;4;4300416;2018;1;10;5;3;5;3;0;0;1;0;0;0;0;1;791308,5997;5826007,919;13,29297357;52,50620278
196853;11;4;4400729;2018;1;12;4;3;5;3;0;0;1;0;0;0;0;0;789383,8184;5823102,009;13,26216974;52,4811748
196854;11;1;1100101;2018;1;6;5;3;6;2;2;0;1;1;0;0;0;1;795234,2243;5826609,532;13,35117848;52,50948568
196855;11;9;9200715;2018;1;6;2;3;5;3;2;1;1;0;0;0;0;0;807375,0957;5819049,883;13,52255168;52,43503001
196856;11;1;1100311;2018;1;6;5;3;5;3;2;1;1;0;0;0;0;1;800049,6057;5828087,257;13,42325242;52,52010391
196857;11;6;6400840;2018;1;13;1;3;5;2;0;1;1;0;0;0;0;0;789007,8367;5819148,411;13,253225;52,44592815
196858;11;2;2100104;2018;1;8;5;3;5;3;0;1;1;0;0;0;0;1;799326,9124;5826235,581;13,41096761;52,50390356
196859;11;3;3601245;2018;1;7;5;3;6;2;2;0;1;1;0;0;0;1;800237,0983;5831183,442;13,42880421;52,54775271
196860;11;1;1300733;2018;1;10;2;3;2;2;0;1;1;0;0;0;0;0;797165,9025;5831885,188;13,38427391;52,555727
196861;11;12;12200414;2018;1;7;5;3;6;2;2;0;1;1;0;0;0;1;791908,889;5831509,603;13,30662395;52,55520325
196862;11;1;1200628;2018;1;15;6;3;5;2;1;0;1;0;0;0;0;0;796260,688;5828501,841;13,36794399;52,52589193
196863;11;12;12500929;2018;1;7;5;3;6;7;1;0;0;1;0;0;1;1;793910,1263;5838397,189;13,34216622;52,61586914
196864;11;6;6400838;2018;1;10;4;3;3;6;0;0;1;0;0;1;0;0;787680,6825;5818211,942;13,23294554;52,43823195
196865;11;10;10400938;2018;1;18;2;3;5;3;2;0;1;0;0;0;0;0;814875,2039;5830057,78;13,64291184;52,52940369
196866;11;8;8100206;2018;1;19;7;3;6;7;2;0;1;1;0;0;0;0;800670,688;5823596,595;13,42832442;52,47951064
196867;11;2;2500831;2018;1;1;6;2;0;1;2;1;0;0;0;0;0;1;803056,4368;5827006,616;13,46644852;52,50875563
196868;11;2;2500834;2018;1;18;3;3;2;2;2;1;1;0;0;0;0;0;802350,728;5827081,053;13,45614961;52,50981439
196869;11;9;9100305;2018;1;7;5;2;6;2;1;0;1;1;0;0;0;1;805010,3032;5822693,686;13,49120151;52,46901191
196870;11;7;7601442;2018;1;10;6;3;6;6;0;0;1;1;0;0;0;0;798574,9208;5815583,992;13,39039656;52,4088369
196871;11;7;7601236;2018;1;18;4;3;6;7;2;0;1;1;0;0;0;1;796975,8333;5816852,556;13,3680827;52,42107828
196872;11;3;3500933;2018;1;15;3;3;0;3;0;0;0;0;0;0;1;0;801535,45;5831850,23;13,44849912;52,55301206
196873;11;12;12601235;2018;1;7;4;3;6;2;0;0;0;1;0;0;1;1;795287,9558;5836366,715;13,36064634;52,59692111
196874;11;7;7400928;2018;1;13;4;3;5;2;0;1;0;0;0;1;0;1;800101,7375;5821438,057;13,4180303;52,46047556
196875;11;2;2100102;2018;1;8;2;2;6;2;0;0;1;1;0;0;0;0;798440,6008;5826525,654;13,39820856;52,50698918
196876;11;1;1100312;2018;1;20;4;2;6;4;2;0;1;1;0;0;0;1;799660,7777;5827085,015;13,41663632;52,51133418
196877;11;3;3500936;2018;1;7;4;3;6;4;2;0;0;1;0;0;1;1;802362,1568;5831230,235;13,46009073;52,54699684
196878;11;1;1200623;2018;1;14;7;3;5;7;0;0;1;0;0;0;0;0;795113,5992;5829235,332;13,35173601;52,53308923
196879;11;4;4300412;2018;1;13;4;3;5;2;0;1;1;0;0;0;0;1;790799,0218;5827373,638;13,28668027;52,51871832
196880;11;1;1401047;2018;1;21;5;3;6;2;2;0;1;1;0;0;0;1;795541,6751;5830751,845;13,3593775;52,54645147
196881;11;11;11200513;2018;1;16;4;3;5;3;2;0;1;0;0;0;0;1;804671,9914;5830737,318;13,49359712;52,54129229
196882;11;1;1100207;2018;1;12;3;3;2;7;0;1;1;0;0;0;0;0;797857,6624;5826844,02;13,38992993;52,51016151
196883;11;7;7300618;2018;1;16;4;3;5;2;2;1;1;0;0;0;0;1;794550,6004;5822328,308;13,33735019;52,47147657
196884;11;10;10200629;2018;1;13;2;3;0;6;0;0;0;0;0;0;1;0;810632,0031;5827984,426;13,57862726;52,5132578
196885;11;1;1300834;2018;1;15;4;3;5;3;0;1;1;0;0;0;0;0;797566,635;5830939,618;13,3893199;52,54703238
196886;11;5;5100105;2018;1;15;4;3;2;6;0;0;1;0;0;0;0;1;784472,055;5831667,241;13,19736534;52,56055229
196887;11;7;7100102;2018;1;22;7;3;5;3;2;0;1;0;0;0;0;0;794964,4995;5825397,269;13,34614174;52,4987645
196888;11;3;3601452;2018;1;17;4;3;5;3;1;0;1;0;0;0;0;1;801612,4812;5829356,283;13,44736768;52,53061612
196889;11;6;6100209;2018;1;6;2;3;0;7;2;0;1;0;0;0;0;0;794696,1546;5821668,954;13,33890447;52,46548732
196890;11;4;4300412;2018;1;17;4;2;0;4;1;0;1;1;0;0;1;1;790846,448;5827391,177;13,28739259;52,51885027
196891;11;5;5300840;2018;1;18;4;3;5;3;2;0;1;0;0;0;0;1;788919,5829;5829319,622;13,26074993;52,53716364
196892;11;8;8100417;2018;1;1;7;3;6;2;2;0;1;1;0;0;0;0;802579,741;5823087,928;13,45588767;52,47389709
196893;11;4;4200311;2018;1;19;4;3;6;2;2;0;1;1;0;0;0;1;790466,8208;5826696,507;13,281207;52,51282485
196894;11;6;6200421;2018;1;18;4;3;2;6;2;0;1;0;0;0;0;1;793319,1943;5816972,161;13,3145703;52,42412271
196895;11;6;6300633;2018;1;19;4;3;6;2;2;0;1;1;0;0;0;1;793211,6949;5819815,598;13,31548811;52,44967114
196896;11;4;4500938;2018;1;11;3;3;2;7;0;0;1;0;0;0;0;0;791936,8307;5824787,646;13,30113366;52,49492742
196897;11;1;1300733;2018;1;20;4;3;6;2;2;0;1;1;0;0;0;1;797354,897;5831189,565;13,38643036;52,54938845
196898;11;2;2100104;2018;1;11;2;2;6;4;0;1;0;1;0;0;0;0;799236,6581;5826249,98;13,40965482;52,50408212
196899;11;1;1100101;2018;1;13;4;3;6;4;0;0;1;1;0;0;0;1;794714,8336;5826060,725;13,34306172;52,50484684
196900;11;10;10200420;2018;1;16;6;3;5;3;2;1;1;0;0;0;0;0;812009,5934;5830593,713;13,60130948;52,53585386
196901;11;4;4200311;2018;1;11;4;3;1;5;0;1;1;0;0;0;0;1;790442,4032;5826237,357;13,28044751;52,50872154
196902;11;1;1100311;2018;1;11;4;3;3;1;0;0;1;0;0;0;0;1;799959,6567;5827462,316;13,42136727;52,51455181
196903;11;3;3100103;2018;1;11;4;3;5;3;0;0;1;0;0;0;1;1;804019,5765;5841272,504;13,49367412;52,63607781
196904;11;7;7200307;2018;1;13;4;2;1;5;0;0;1;0;0;0;0;1;794930,9595;5824686,874;13,34502013;52,4924144
196905;11;2;2400623;2018;1;20;5;3;0;7;2;1;0;0;0;0;1;1;800816,9071;5826885,444;13,43344057;52,50890904
196906;11;5;5200524;2018;1;10;4;3;5;3;0;0;1;0;0;0;0;1;780071,7408;5827690,109;13,12927029;52,52717165
196907;11;3;3400725;2018;1;7;2;3;5;3;0;1;0;0;0;0;0;0;798550,5687;5834878,577;13,40733151;52,58180095
196908;11;4;4501042;2018;1;11;4;2;6;4;0;0;1;1;0;0;0;1;794411,9289;5825876,425;13,33844891;52,50335823
196909;11;7;7200409;2018;1;18;1;3;1;5;2;1;1;0;0;0;0;0;795476,4445;5823914,02;13,35234598;52,48519134
196910;11;5;5100315;2018;1;10;4;3;5;3;0;1;0;0;0;1;0;1;784450,6508;5830247,669;13,19583402;52,5478356
196911;11;6;6100206;2018;1;14;6;3;5;2;0;1;1;0;0;0;0;0;794801,4459;5819824,82;13,33882155;52,44889886
196912;11;8;8200725;2018;1;9;4;3;5;3;0;1;1;0;0;0;0;1;800091,6985;5819160,647;13,41583687;52,44006741
196913;11;3;3601449;2018;1;8;4;3;2;7;1;0;1;0;0;0;0;0;801689,0965;5830113,757;13,44918123;52,53736298
196914;11;10;10200629;2018;1;7;4;2;6;4;2;0;1;1;0;0;0;1;811215,7206;5828873,224;13,58803249;52,5208899
196915;11;10;10200422;2018;1;17;2;3;6;4;2;0;1;1;0;0;0;0;812168,2455;5831023,388;13,60404459;52,53961337
196916;11;7;7601544;2018;1;7;4;2;6;2;2;0;1;1;0;0;0;1;799764,0175;5813974,807;13,40638558;52,39376284
196917;11;1;1100311;2018;1;7;4;3;3;6;1;0;1;0;0;1;0;1;799736,4798;5827544,66;13,41816248;52,51541257
196918;11;1;1300733;2018;1;17;7;3;6;2;2;0;1;1;0;0;0;0;797005,2222;5831477,832;13,38154639;52,55216319
196919;11;1;1300730;2018;1;7;4;2;6;2;2;0;1;1;0;0;0;1;796152,6954;5832262,688;13,3697096;52,5596628
196920;11;7;7200308;2018;1;18;2;3;5;3;2;1;0;0;0;0;0;0;794797,993;5823569,284;13,34207879;52,48246773
196921;11;11;11300721;2018;1;7;4;3;6;4;2;0;1;1;0;0;0;1;804892,1315;5829964,822;13,49612434;52,53424571
196922;11;10;10100315;2018;1;16;1;3;2;2;1;0;1;0;0;0;0;0;809890,7082;5831455,337;13,57097361;52,54478418
196923;11;5;5100209;2018;1;7;4;2;6;4;2;0;1;1;0;0;0;1;783254,9522;5830273,022;13,17826939;52,54868599
196924;11;1;1400938;2018;1;7;6;3;6;2;0;0;1;1;0;0;0;0;794524,5723;5831580,309;13,34515658;52,55442885
196925;11;7;7400927;2018;1;6;4;3;5;2;2;1;1;0;0;0;0;1;798057,1166;5821022,118;13,38765467;52,45786612
196926;11;12;12200515;2018;1;13;3;3;1;7;0;0;1;0;0;0;1;0;790234,1502;5835597,338;13,28556935;52,59274464
196927;11;2;2400623;2018;1;6;4;3;2;3;1;1;1;0;0;0;0;1;800907,4623;5827537,954;13,43536079;52,5147077
196928;11;1;1400937;2018;1;6;4;3;5;3;2;1;1;0;0;0;0;1;793985,8969;5831343,201;13,33702425;52,55259437
196929;11;9;9200715;2018;1;7;2;3;2;6;1;0;1;0;0;0;0;2;808617,6742;5819191,055;13,54090242;52,43559558
196930;11;1;1100416;2018;1;5;4;2;5;3;2;1;1;0;0;0;0;1;798821,0163;5829761,314;13,40670373;52,53578404
196931;11;1;1100205;2018;1;9;4;3;6;4;0;1;0;1;0;0;0;0;797261,3601;5827363,592;13,38163347;52,51514415
196932;11;1;1100206;2018;1;13;7;3;5;3;0;0;1;0;0;0;0;0;797958,7825;5827080,148;13,39162691;52,51222288
196933;11;3;3200308;2018;1;8;4;3;5;3;0;1;1;0;0;0;0;1;799062,7265;5837541,809;13,41727253;52,60539113
196934;11;9;9200512;2018;1;20;4;3;6;4;2;0;1;1;0;0;0;1;808004,1493;5821567,967;13,53409715;52,45724358
196935;11;3;3400721;2018;1;8;3;3;6;4;1;1;0;1;0;0;0;0;797995,412;5833064,668;13,39753221;52,56584616
196936;11;8;8100310;2018;1;8;4;3;5;3;1;1;1;0;0;0;0;1;800569,2207;5825145,514;13,42823163;52,49345002
196937;11;2;2500833;2018;1;23;5;3;5;2;2;1;1;0;0;0;0;1;802065,394;5827160,95;13,45203057;52,51068857
196938;11;2;2100102;2018;1;8;4;3;5;7;0;0;1;0;0;0;1;1;798234,806;5825854,233;13,394584;52,50108328
196939;11;10;10100210;2018;1;16;3;2;6;4;2;0;1;1;0;0;0;0;808696,1767;5831862,453;13,55379292;52,54911072
196940;11;4;4501151;2018;1;7;4;2;6;2;1;0;1;1;0;0;0;1;793435,1352;5823077,955;13,32163501;52,47879723
196941;11;4;4200308;2018;1;15;4;3;2;6;0;0;1;0;0;1;0;1;789153,6176;5827544,719;13,26264717;52,52112707
196942;11;1;1100310;2018;1;16;2;3;2;6;1;0;1;0;0;0;1;0;799511,705;5828130,703;13,41538756;52,52078903
196943;11;10;10100311;2018;1;7;4;3;6;2;1;0;1;1;0;0;0;1;806354,6946;5830182,927;13,51782052;52,53538034
196944;11;7;7200409;2018;1;7;4;2;5;7;1;0;1;0;0;0;0;1;795582,995;5824456,872;13,354392;52,48999992
196945;11;2;2200209;2018;1;20;7;3;5;2;2;0;1;0;0;0;0;0;797750,15;5824015,985;13,3858224;52,48487018
196946;11;4;4500936;2018;1;8;4;2;6;4;1;0;1;1;0;0;0;1;791867,406;5825710,28;13,30092251;52,50323584
196947;11;6;6200311;2018;1;17;4;3;5;3;2;0;1;0;0;0;0;0;796242,8985;5818269,599;13,35859135;52,4341783
196948;11;4;4400832;2018;1;17;4;3;6;2;0;0;1;1;0;0;0;0;791922,127;5822367,985;13,29879867;52,4732433
196949;11;1;1100205;2018;1;9;2;3;3;6;0;0;1;0;1;0;0;0;797039,5432;5826580,374;13,37767522;52,50824431
196950;11;11;11200514;2018;1;20;3;3;5;3;2;1;1;0;0;0;0;1;805030,8015;5830407,679;13,49856887;52,53813719
196951;11;2;2100103;2018;1;11;2;3;3;6;0;0;1;0;0;0;1;0;798501,7274;5825555,481;13,39823682;52,49825941
196952;11;1;1300836;2018;1;11;3;3;2;6;0;0;1;0;0;0;0;1;796806,2841;5830573,902;13,37781301;52,54416893
196953;11;5;5100210;2018;1;13;2;2;6;2;0;0;1;1;0;0;0;0;783668,9005;5829858,447;13,18400371;52,54475344
196954;11;3;3601449;2018;1;18;3;3;8;1;2;0;1;0;0;0;0;1;802014,8935;5830453,369;13,45427885;52,54022646
196955;11;6;6100101;2018;1;15;3;3;1;5;0;0;1;0;0;0;0;1;792619,0563;5820877,901;13,30772337;52,45951206
196956;11;11;11400927;2018;1;14;6;2;6;2;0;0;1;1;0;0;0;0;803409,0819;5826618,45;13,47127486;52,50508057
196957;11;4;4300623;2018;1;13;3;3;0;5;0;0;0;0;1;0;1;1;792395,6175;5826061,746;13,30899094;52,50610384
196958;11;4;4400729;2018;1;12;4;3;5;3;0;1;1;0;0;0;0;0;788966,051;5823638,782;13,25650046;52,48620842
196959;11;5;5100316;2018;1;8;5;3;6;4;1;0;1;1;0;0;0;1;784114,6693;5829007,644;13,18983191;52,53689279
196960;11;9;9200715;2018;1;12;3;3;5;2;0;0;1;0;0;0;0;1;807215,1543;5818289,702;13,51950794;52,42830689
196961;11;6;6300629;2018;1;6;2;3;6;4;2;0;1;1;0;0;0;0;792664,8882;5819780,972;13,3074346;52,44965373
196962;11;9;9401534;2018;1;8;3;3;0;7;1;1;0;0;0;0;0;1;811113,1092;5820674,942;13,57887404;52,44747997
196963;11;8;8100207;2018;1;16;1;3;5;3;1;0;1;0;0;0;1;0;800974,0169;5823498,204;13,43268857;52,47846165
196964;11;2;2400521;2018;1;6;3;3;5;3;2;0;1;0;0;0;0;1;801271,4694;5827950,07;13,4410819;52,51820062
196965;11;12;12200412;2018;1;14;6;3;2;6;0;0;1;0;0;0;0;1;790942,2747;5833828,31;13,29444035;52,57650733
196966;11;6;6200313;2018;1;5;3;3;6;2;2;0;1;1;0;0;0;1;795347,5559;5818440,379;13,34561034;52,43619342
196967;11;9;9501838;2018;1;5;4;2;8;1;2;0;1;0;0;0;0;2;817411,3234;5823352,974;13,6737837;52,46785645
196968;11;5;5100315;2018;1;13;3;2;5;2;0;0;1;0;0;0;0;1;784672,7439;5829708,758;13,19863857;52,54288773
196969;11;12;12601236;2018;1;16;6;2;0;2;2;0;1;0;0;0;1;0;794414,1719;5836237,504;13,34766837;52,59623661
196970;11;8;8100415;2018;1;14;3;3;3;6;0;1;0;0;0;0;1;1;801908,308;5823557,976;13,44645781;52,47848173
196971;11;5;5100315;2018;1;10;4;3;2;6;0;0;1;0;0;0;0;0;784273,5963;5830368,605;13,19333348;52,54901234
196972;11;6;6400736;2018;1;21;3;3;5;3;2;0;1;0;0;0;0;1;787267,4274;5816557,785;13,22546174;52,42361828
196973;11;12;12100204;2018;1;6;2;2;6;4;2;0;1;1;0;0;0;0;795608,536;5833075,371;13,36242995;52,56724339
196974;11;10;10100101;2018;1;17;3;2;6;4;2;0;1;1;0;0;0;1;808756,6822;5834090,052;13,55675468;52,56903944
196975;11;2;2100101;2018;1;19;7;3;5;3;2;1;1;0;0;0;0;0;797286,0722;5825586,354;13,38040944;52,49919972
196976;11;9;9100304;2018;1;18;3;3;5;3;2;1;1;0;0;0;0;1;804497,9313;5821720,634;13,48279426;52,46057653
196977;11;8;8100416;2018;1;22;6;3;1;5;2;0;1;0;0;0;0;1;801918,2272;5823104,974;13,44619333;52,47441591
196978;11;3;3300413;2018;1;17;3;3;3;6;2;0;1;0;0;0;1;1;803184,2825;5837985,523;13,4783551;52,60708517
196979;11;2;2200210;2018;1;19;3;3;2;6;2;0;1;0;0;0;0;0;798309,5118;5825285,662;13,39517206;52,49594592
196980;11;7;7400927;2018;1;17;3;3;6;4;2;0;1;1;0;0;0;1;797841,3185;5820784,347;13,38427594;52,45585241
196981;11;8;8401139;2018;1;17;3;3;5;3;2;0;1;0;0;0;0;1;803577,5693;5818638,586;13,46648895;52,43346439
196982;11;1;1400938;2018;1;16;2;3;5;3;1;1;1;0;0;0;0;0;794378,8064;5830798,291;13,34231947;52,54749743
196983;11;6;6100102;2018;1;17;3;3;1;5;2;1;1;0;0;0;0;1;793353,6637;5820811,416;13,31844598;52,4585222
196984;11;4;4501042;2018;1;17;3;3;5;2;1;0;1;0;0;0;1;1;793987,2425;5826152,118;13,33245363;52,50605866
196985;11;9;9200715;2018;1;17;3;3;5;2;2;0;1;0;0;0;0;1;807701,3581;5818375,174;13,52671501;52,42879969
196986;11;4;4200309;2018;1;6;3;3;5;3;2;0;1;0;0;0;0;1;788806,5208;5827270,521;13,25730762;52,51885275
196987;11;6;6200315;2018;1;16;2;3;1;5;1;0;1;0;0;0;0;0;795618,1686;5817023,931;13,34832743;52,42334963
196988;11;5;5200527;2018;1;5;2;3;1;7;2;0;0;0;0;0;1;0;783123,8234;5827372,959;13,17386993;52,52275145
196989;11;3;3500934;2018;1;0;2;3;6;4;2;0;1;1;0;0;0;1;800466,145;5831751,165;13,43268561;52,55271505
196990;11;8;8200831;2018;1;16;7;2;6;4;2;0;1;1;0;0;0;0;800003,5042;5816606,568;13,41225218;52,41722201
196991;11;10;10100311;2018;1;0;2;2;6;7;2;0;0;1;0;0;1;1;807487,1167;5828839,02;13,5332208;52,52269858
196992;11;1;1100416;2018;1;20;5;3;5;3;2;1;1;0;0;0;0;1;798681,8669;5829453,966;13,40438209;52,53310538
196993;11;8;8100314;2018;1;22;2;3;5;2;2;0;1;0;0;0;0;0;801016,6291;5823904,735;13,43368113;52,48208202
196994;11;9;9300920;2018;1;15;3;3;5;2;1;1;1;0;0;0;0;0;807577,0623;5815426,578;13,52218304;52,40244341
196995;11;6;6300633;2018;1;13;2;3;6;4;0;1;0;1;0;0;0;0;793233,1247;5819427,262;13,31546166;52,4461783
196996;11;10;10300734;2018;1;13;2;2;5;7;0;1;1;0;0;0;0;0;808570,9674;5826236,394;13,54673238;52,498762
196997;11;1;1100309;2018;1;7;2;3;5;3;1;0;1;0;0;0;0;0;798288,1081;5828776,44;13,39798639;52,5272479
196998;11;7;7300619;2018;1;6;2;3;5;3;2;0;1;0;0;0;0;1;795765,654;5823107,736;13,35587737;52,47780704
196999;11;8;8100104;2018;1;22;7;3;3;6;2;0;1;0;0;0;0;0;800835,7824;5822562,409;13,42981527;52,47014996
197000;11;8;8100312;2018;1;6;2;2;6;4;2;0;1;1;0;0;0;0;801270,0804;5824011,47;13,43749852;52,48289894
197001;11;1;1100310;2018;1;2;4;3;5;3;2;0;1;0;0;0;0;1;799101,0991;5828972,572;13,4101111;52,52856051
197002;11;5;5300737;2018;1;22;5;3;3;6;2;0;1;0;0;0;0;1;788021,7017;5829366,255;13,24758874;52,53805702
197003;11;1;1100416;2018;1;2;7;2;5;3;2;1;1;0;0;0;0;0;798233,3043;5829630,34;13,39794701;52,53493195
197004;11;6;6300634;2018;1;4;2;3;6;2;2;0;1;1;0;0;0;1;791911,2672;5818950,828;13,29565137;52,44261443
197005;11;1;1100309;2018;1;17;4;3;2;6;2;0;1;0;1;0;0;1;798130,3005;5828965,318;13,39583647;52,52902726
197006;11;1;1100101;2018;1;1;2;3;6;4;2;0;0;1;0;0;1;0;795234,5531;5826609,608;13,35118338;52,50948618
197007;11;5;5100208;2018;1;7;3;3;8;1;1;0;1;0;0;0;0;0;781566,6628;5830692,305;13,15379251;52,55332079
197008;11;7;7501029;2018;1;1;2;3;5;3;2;0;1;0;0;0;0;0;797686,5205;5818766,622;13,38020659;52,4378499
197009;11;2;2200210;2018;1;13;2;3;5;3;0;1;1;0;0;0;0;2;798006,796;5825260,653;13,39070383;52,49588712
197010;11;1;1200627;2018;1;0;2;3;6;4;2;0;1;1;0;0;0;0;795678,1011;5828428,055;13,35931601;52,52554678
197011;11;5;5100211;2018;1;0;2;2;6;7;2;0;0;1;0;0;1;0;783195,585;5829262,72;13,1765348;52,53965826
197012;11;9;9200511;2018;1;23;6;3;5;3;2;0;1;0;0;0;0;0;806945,5837;5822301,716;13,51924152;52,46441514
197013;11;1;1100101;2018;1;14;2;3;5;2;0;0;1;0;0;0;0;0;795249,9392;5826613,296;13,3514127;52,50951091
197014;11;9;9401329;2018;1;12;4;3;2;6;0;0;1;0;0;0;0;1;812866,6534;5819327,401;13,60333055;52,43440377
197015;11;9;9200715;2018;1;14;2;3;5;3;0;0;1;0;0;0;0;0;807658,4892;5819360,406;13,52699303;52,43765367
197016;11;3;3601452;2018;1;20;2;3;5;3;2;0;1;0;0;0;0;0;801612,0532;5829355,981;13,44736112;52,53061364
197019;11;1;1300835;2018;1;11;2;3;5;2;0;1;0;0;0;0;1;0;797763,3543;5829744,548;13,39114127;52,53621263
197021;11;1;1200517;2018;1;10;2;3;2;6;0;0;1;0;0;0;0;2;793502,1707;5829374,583;13,32817079;52,53520767
197023;11;8;8100312;2018;1;15;6;3;5;2;0;1;0;0;0;0;1;0;801553,2219;5824038,358;13,44167971;52,48298366
197025;11;2;2400623;2018;1;8;4;3;5;3;1;1;1;0;0;0;0;0;800286,7306;5827638,471;13,42633165;52,51595077
197027;11;1;1100207;2018;1;17;2;2;4;2;2;1;0;0;0;0;0;0;798641,957;5827121,154;13,4017008;52,51221685
197030;11;2;2400623;2018;1;17;7;2;6;4;2;0;1;1;0;0;0;0;800675,4682;5827588,712;13,43199819;52,5152906
197032;11;1;1100102;2018;1;16;5;3;6;2;2;0;1;1;0;0;0;1;796024,54;5826258,497;13,36247739;52,50591067
197033;11;2;2200209;2018;1;10;1;3;5;3;0;0;1;0;0;0;0;0;797112,7839;5823995,569;13,37644566;52,48503437
197035;11;5;5300737;2018;1;9;6;3;2;6;0;0;1;0;0;0;1;0;787944,5373;5830008,109;13,24701047;52,54385229
197037;11;1;1300733;2018;1;8;3;3;6;2;1;0;1;1;0;0;0;1;796983,4863;5831507,576;13,38125336;52,55244166
197040;11;4;4200309;2018;1;10;2;2;5;2;0;1;1;0;0;0;0;0;788701,7246;5827368,719;13,25585267;52,51978861
197043;11;2;2200213;2018;1;13;7;3;1;5;0;0;1;0;0;0;0;1;799909,2393;5824760,614;13,41819324;52,490363
197046;11;7;7300618;2018;1;9;3;3;2;7;0;0;1;0;0;0;1;0;794934,2506;5822645,766;13,34326263;52,47411539
197048;11;12;12500926;2018;1;13;2;3;1;7;0;0;1;0;0;0;0;0;793724,4832;5835830,84;13,33715472;52,59296411
197050;11;10;10200417;2018;1;17;3;3;5;2;2;0;1;0;0;0;0;0;811351,7459;5831958,407;13,59292081;52,54845939
197053;11;12;12601134;2018;1;16;2;3;4;7;1;0;1;0;0;0;0;1;794755,5409;5836781,843;13,3531782;52,60093119
197056;11;1;1100205;2018;1;1;7;3;5;3;2;0;1;0;0;0;0;0;796960,2002;5826708,294;13,37662372;52,50943417
197058;11;8;8100310;2018;1;20;4;3;5;3;2;0;1;0;0;0;0;1;801011,8407;5824858,121;13,43447183;52,49063013
197060;11;5;5300735;2018;1;21;2;3;2;6;2;0;1;0;0;0;0;0;786415,9755;5831181,539;13,22554407;52,55517859
197062;11;2;2100105;2018;1;11;2;3;5;2;0;1;1;0;0;0;0;0;799852,1354;5825758,162;13,41825258;52,49933585
197064;11;6;6300633;2018;1;16;6;2;0;2;2;0;1;0;1;0;0;0;793202,8184;5819802,673;13,31534653;52,44956003
197067;11;1;1400942;2018;1;22;7;3;5;3;2;0;1;0;0;0;0;0;794898,9995;5831078,015;13,35021711;52,54972359
197069;11;4;4501148;2018;1;14;4;3;2;6;0;0;1;0;0;0;0;0;792909,1877;5823181,148;13,31400352;52,48000468
197070;11;10;10100312;2018;1;18;5;3;0;2;2;0;1;0;0;0;1;1;808205,6994;5829234,036;13,54414463;52,52583299
197072;11;5;5100101;2018;1;7;2;3;6;2;1;0;1;1;0;0;0;0;785297,0506;5832588,678;13,21029481;52,56838208
197074;11;8;8401139;2018;1;17;1;3;1;5;2;1;1;0;0;0;0;0;802820,0435;5818885,905;13,45560423;52,43610101
197076;11;9;9100407;2018;1;14;6;3;6;4;0;0;1;1;0;0;0;0;806041,1478;5819998,005;13,50385881;52,44427552
197077;11;10;10200418;2018;1;6;4;2;6;4;2;0;0;1;0;0;1;2;811295,8139;5831289,845;13,59147206;52,54250022
197078;11;7;7501031;2018;1;16;2;3;5;2;2;0;1;0;0;0;0;0;798352,9234;5820497,775;13,39152681;52,4530046
197079;11;8;8401241;2018;1;16;1;3;5;3;1;0;1;0;0;0;0;0;804753,8236;5818467,768;13,48358189;52,43127937
197080;11;5;5200528;2018;1;21;2;2;4;1;2;0;1;0;0;0;0;0;783083,1434;5826835,236;13,1728143;52,51795118
197081;11;3;3400724;2018;1;14;1;3;5;3;0;0;1;0;0;0;0;0;799460,7612;5834649,896;13,42051814;52,57925104
197082;11;9;9200715;2018;1;19;2;2;9;1;2;0;1;0;0;0;0;0;808100,0149;5818639,923;13,5328038;52,43094807
197083;11;3;3601451;2018;1;18;1;2;5;2;2;0;1;0;0;0;0;1;801478,1496;5829809,832;13,44580476;52,53475561
197084;11;1;1200628;2018;1;18;2;3;2;6;2;1;1;0;0;0;0;0;795688,9726;5828203,441;13,35927608;52,52352741