OBJECTID;LAND;BEZ;LOR_ab_2021;UJAHR;UMONAT;USTUNDE;UWOCHENTAG;UKATEGORIE;UART;UTYP1;ULICHTVERH;IstRad;IstPKW;IstFuss;IstKrad;IstGkfz;IstSonstig;USTRZUSTAND;LINREFX;LINREFY;XGCSWGS84;YGCSWGS84
197085;11;8;8401242;2018;1;21;1;3;1;5;2;0;1;0;0;0;0;0;804751,8896;5817436,395;13,48261384;52,42203649
197086;11;11;11200513;2018;1;17;2;3;5;2;2;1;0;0;0;0;1;0;804280,9696;5830758,524;13,48786862;52,54170084
197087;11;10;10100205;2018;1;15;1;2;8;1;0;0;1;0;0;0;0;1;808560,7981;5833406,278;13,55323772;52,56302274
197088;11;6;6400844;2018;1;16;2;3;5;2;2;0;1;0;0;0;0;0;790243,5108;5820076,338;13,27216154;52,45359271
197089;11;3;3601450;2018;1;18;1;2;0;1;2;1;0;0;0;0;0;1;802390,991;5829222,548;13,45868768;52,52898616
197090;11;1;1401048;2018;1;23;7;3;2;6;2;0;1;0;0;0;0;1;795179,5844;5831302,191;13,35454247;52,55158116
197091;11;1;1401049;2018;1;16;2;2;6;4;2;0;0;1;1;0;0;0;796343,4761;5831942,291;13,37222958;52,55668699
197092;11;8;8100310;2018;1;18;7;3;5;3;2;1;1;0;0;0;0;1;800734,7022;5825057,791;13,43058254;52,49257258
197093;11;2;2500834;2018;1;18;7;3;5;2;2;1;1;0;0;0;0;1;802554,365;5826728,542;13,45882062;52,50654195
197094;11;4;4501151;2018;1;15;2;3;5;2;0;0;1;0;1;0;0;0;793798,421;5823221,334;13,32709516;52,47988725
197095;11;12;12500825;2018;1;17;3;3;6;2;1;0;1;1;0;0;0;1;792398,7248;5835229,345;13,31710812;52,58828638
197096;11;5;5200423;2018;1;17;7;2;3;6;2;0;1;0;0;0;0;0;781840,58;5828451,124;13,15592028;52,53308367
197097;11;4;4501040;2018;1;14;2;3;5;3;0;1;0;0;0;0;1;0;792640,9553;5825433,612;13,31204327;52,50034126
197098;11;10;10200422;2018;1;15;7;3;6;4;0;0;1;1;0;0;0;0;812162,5674;5831051,862;13,60398789;52,53987179
197099;11;7;7400927;2018;1;14;2;3;2;2;0;0;1;0;0;0;1;0;799157,1254;5821311,651;13,40405533;52,45986041
197100;11;1;1100415;2018;1;9;3;3;6;4;0;0;1;1;0;0;0;1;797382,9256;5829151,44;13,38501827;52,53110385
197101;11;11;11300721;2018;1;14;7;3;5;7;0;0;1;0;0;0;0;0;804982,6347;5828710,003;13,49630348;52,52294883
197102;11;6;6200421;2018;1;18;3;3;6;2;2;0;1;1;0;0;0;1;793303,96;5816958,94;13,31433531;52,42401234
197103;11;2;2300314;2018;1;12;2;3;1;5;0;1;1;0;0;0;0;0;799856,0918;5825833,94;13,41837892;52,50001292
197104;11;3;3601245;2018;1;13;7;3;6;6;0;1;0;1;0;0;0;0;800949,1031;5831199,358;13,43928721;52,54750251
197105;11;6;6200422;2018;1;11;2;3;5;7;0;1;1;0;0;0;0;0;794097,2633;5817425,353;13,32637838;52,42776779
197106;11;10;10200423;2018;1;2;7;3;6;2;2;0;0;1;0;0;1;1;813016,5886;5831214,306;13,61669223;52,54083759
197107;11;11;11300725;2018;1;6;2;3;6;4;2;0;0;1;0;0;1;0;805702,4949;5828077,194;13,50629909;52,51687428
197108;11;12;12601032;2018;1;8;7;3;2;6;0;0;1;0;0;0;0;1;792737,4928;5837440,107;13,32404891;52,60792242
197109;11;1;1300732;2018;1;10;7;3;5;3;0;0;1;0;0;0;0;1;797363,9148;5832422,455;13,38766736;52,56043484
197110;11;4;4500938;2018;1;9;2;3;5;2;0;0;1;0;0;0;0;0;791636,0884;5824510,591;13,2964738;52,49260443
197111;11;4;4300619;2018;1;17;3;3;6;2;2;0;1;1;0;0;0;1;792752,6509;5827024,13;13,3150828;52,51453983
197112;11;5;5100316;2018;1;11;7;3;5;7;0;0;1;0;1;0;0;1;783765,7167;5829117,481;13,18479464;52,53805942
197113;11;3;3500932;2018;1;9;2;3;5;2;0;1;1;0;0;0;0;0;801855,9848;5832885,667;13,45415404;52,56211507
197114;11;9;9100101;2018;1;11;2;3;6;4;0;0;1;1;0;0;0;0;802373,7627;5824790,792;13,4544087;52,489274
197115;11;4;4300416;2018;1;11;7;2;5;2;0;1;1;0;0;0;0;0;791567,0681;5826516,714;13,29721662;52,510626
197116;11;6;6200313;2018;1;9;2;2;6;4;0;0;1;1;0;0;0;0;795275,7313;5818596,779;13,344695;52,43763424
197117;11;1;1100310;2018;1;12;7;3;2;6;0;0;1;0;0;0;0;1;798827,0509;5827974,652;13,40518669;52,51976588
197118;11;7;7100102;2018;1;7;2;3;5;2;1;0;1;0;0;0;0;0;794975,6401;5825215,009;13,34614396;52,49712464
197119;11;1;1100206;2018;1;12;7;3;0;1;0;1;0;0;0;0;0;0;797891,6839;5827464,496;13,39098517;52,51570473
197120;11;3;3701555;2018;1;7;2;3;6;4;0;1;0;1;0;0;0;0;799550,8843;5830198,244;13,4178262;52,53929975
197121;11;4;4501041;2018;1;13;7;3;2;6;0;0;1;0;0;0;0;1;793177,3409;5825608,374;13,32007634;52,50162002
197122;11;8;8100206;2018;1;21;7;3;2;6;2;0;1;0;0;0;0;0;800449,9814;5823688,35;13,42516703;52,48045455
197123;11;1;1100416;2018;1;7;2;3;6;4;0;1;0;1;0;0;0;0;798615,1782;5829337,664;13,40329737;52,53209944
197124;11;7;7501134;2018;1;18;6;3;0;4;2;0;1;1;0;0;0;1;799171,0529;5819063,709;13,40224632;52,43970289
197125;11;3;3601140;2018;1;7;2;3;5;3;0;1;1;0;0;0;0;0;798451,7729;5831655,541;13,40297793;52,55296541
197126;11;8;8100312;2018;1;17;6;3;1;5;2;0;1;0;0;0;0;1;800803,2539;5824305,234;13,43090992;52,4857894
197127;11;5;5300737;2018;1;9;2;3;5;3;0;1;0;0;0;1;0;0;787350,5081;5830065,382;13,23832453;52,5446794
197128;11;11;11100309;2018;1;14;6;3;6;4;0;0;1;1;0;0;0;1;805368,4524;5833127,733;13,50603315;52,5623261
197129;11;1;1100313;2018;1;9;2;3;1;5;0;1;1;0;0;0;0;0;799879,4774;5826965,751;13,41974181;52,51014497
197130;11;6;6200313;2018;1;14;6;3;0;4;0;0;0;1;0;0;1;1;795256,1338;5818633,963;13,34444039;52,43797815
197131;11;1;1400938;2018;1;13;6;3;6;4;0;0;1;1;0;0;0;0;794228,1895;5831205,961;13,3404659;52,55123328
197132;11;4;4200311;2018;1;1;1;2;5;2;2;0;1;0;0;0;0;0;790464,2031;5825992,772;13,28055439;52,50651721
197133;11;9;9501736;2018;1;13;6;3;0;1;0;1;0;0;0;0;0;1;813009,9583;5821411,029;13,60738337;52,45299362
197134;11;10;10400836;2018;1;17;1;3;6;4;2;0;1;1;0;0;0;0;811188,5197;5827850,22;13,58667614;52,51173794
197135;11;7;7400826;2018;1;11;6;3;2;6;0;0;1;0;0;1;1;0;797266,3533;5820681,851;13,37574793;52,45524665
197136;11;9;9200715;2018;1;7;1;2;6;2;0;0;1;1;0;0;0;0;808649,1827;5819158,731;13,5413346;52,43528811
197137;11;3;3500934;2018;1;12;1;3;5;2;0;0;1;0;0;0;0;0;800195,9199;5832136,703;13,42906064;52,55631971
197138;11;12;12500926;2018;1;14;1;3;5;3;0;0;1;0;0;0;0;0;792994,8262;5835644,402;13,32624908;52,59168637
197139;11;1;1400938;2018;1;15;1;3;2;6;0;0;1;0;0;0;0;0;793966,3617;5830126,796;13,33566025;52,54170062
197140;11;1;1400940;2018;1;19;1;3;6;4;2;0;1;1;0;0;0;0;795733,0227;5832038,68;13,36333729;52,55788288
197141;11;2;2500727;2018;1;11;6;3;1;5;0;1;1;0;0;0;0;0;802283,1558;5827991,427;13,45598395;52,51801149
197142;11;2;7400720;2018;1;21;1;3;6;2;2;0;1;1;0;0;0;0;797774,5882;5824016,657;13,38618182;52,48486287
197143;11;7;7400720;2018;1;10;6;3;5;2;0;1;1;0;0;0;0;0;797764,7953;5823656,343;13,3857162;52,48163841
197144;11;1;1200625;2018;1;14;1;3;1;5;0;0;1;0;0;0;1;0;794719,2938;5828591,097;13,34536864;52,52752748
197145;11;2;2300314;2018;1;10;6;3;5;7;0;1;1;0;0;0;0;0;799876,9799;5825990,819;13,41882697;52,50140761
197146;11;6;6100101;2018;1;9;6;3;5;3;0;0;1;0;0;0;0;0;793167,7007;5820823,694;13,31572765;52,45873206
197147;11;7;7300618;2018;1;15;1;2;1;5;0;0;1;0;0;0;0;0;794920,1738;5822712,623;13,3431151;52,47472232
197148;11;6;6200423;2018;1;8;6;3;0;7;0;1;0;0;0;0;0;0;795293,7802;5815710,764;13,34241206;52,41175292
197149;11;1;1100310;2018;1;8;6;3;5;3;0;1;1;0;0;0;0;0;799185,6637;5828684,877;13,41109509;52,52593536
197150;11;9;9100304;2018;1;11;7;3;2;2;0;0;1;0;0;0;0;0;804415,0501;5821737,346;13,48159338;52,46077249
197151;11;8;8100312;2018;1;8;3;3;5;3;0;0;1;0;0;0;0;2;801716,5302;5824243,117;13,4442626;52,48472874
197152;11;4;4501045;2018;1;8;6;2;5;2;1;1;0;0;0;1;0;1;793923,006;5824923,688;13,33042571;52,49508102
197153;11;4;4501040;2018;1;18;3;3;6;4;2;1;0;1;0;0;0;1;792559,8917;5825425,491;13,31084534;52,50031193
197154;11;12;12601031;2018;1;16;7;3;8;1;2;0;1;0;0;0;0;0;792922,2241;5837073,755;13,32644488;52,60453878
197155;11;1;1300834;2018;1;6;6;3;2;6;2;0;1;0;0;0;0;1;797511,3129;5831016,944;13,38857573;52,54775571
197156;11;6;6400841;2018;1;23;7;3;5;3;2;0;1;0;0;0;0;0;790190,4128;5818819,271;13,2702903;52,44235094
197157;11;2;2400624;2018;1;3;6;3;1;5;2;0;1;0;1;0;0;1;801515,9214;5827511,95;13,4442766;52,51413861
197158;11;8;8100312;2018;1;20;7;3;2;6;2;0;1;0;0;0;0;0;801072,0848;5824172,743;13,43473732;52,48445369
197159;11;6;6200313;2018;1;14;6;2;2;6;0;0;1;0;0;0;0;1;795296,6093;5818552,81;13,3449624;52,43722881
197160;11;6;6300527;2018;1;13;6;2;5;2;0;0;1;0;0;0;0;1;790903,9128;5817757,724;13,27983414;52,43245486
197161;11;10;10100312;2018;1;19;7;3;5;3;2;0;1;0;0;0;0;0;808090,29;5830162,729;13,54330946;52,53422105
197162;11;7;7400721;2018;1;11;6;2;6;2;0;0;1;1;0;0;0;0;797734,2758;5822531,67;13,38426404;52,4715736
197163;11;5;5300841;2018;1;17;7;3;2;6;2;0;1;0;0;0;0;0;789516,8692;5829306,929;13,26952061;52,53673286
197164;11;1;1100308;2018;1;18;6;3;0;5;2;1;1;0;0;0;0;1;797067,1019;5828231,029;13,37955382;52,52302561
197165;11;1;1100312;2018;1;19;6;3;6;2;2;0;1;1;0;0;0;1;799213,3498;5826976,525;13,40996548;52,51060733
197166;11;6;6200421;2018;1;17;7;3;5;3;2;1;1;0;0;0;0;0;794062,6308;5818774,478;13,32705713;52,43988084
197167;11;3;3601140;2018;1;17;3;3;5;2;2;1;1;0;0;0;0;1;798443,3859;5831462,016;13,40268065;52,55123534
197168;11;2;2300316;2018;1;19;6;3;6;4;2;0;1;1;0;0;0;1;801176,6084;5826254,957;13,43815422;52,50305941
197169;11;12;12601032;2018;1;16;7;3;6;4;0;0;1;1;0;0;0;0;793456,2804;5837676,129;13,33484248;52,60965063
197170;11;6;6400838;2018;1;9;6;3;6;7;0;0;1;1;0;0;0;1;787574,3852;5818051,034;13,23124767;52,43684519
197171;11;1;1300834;2018;1;15;7;3;5;2;0;0;1;0;0;0;0;0;797901,8684;5830302,079;13,39367727;52,54113447
197172;11;4;4200311;2018;1;21;6;3;2;6;2;0;1;0;0;0;1;0;790443,5256;5825954,512;13,28021721;52,50618521
197173;11;2;2100104;2018;1;15;7;3;5;2;0;1;1;0;0;0;0;0;799294,5392;5826184,994;13,41044662;52,50346787
197174;11;4;4500939;2018;1;18;6;3;6;2;2;0;1;1;0;0;0;1;792475,7218;5824279,259;13,30860254;52,49008134
197175;11;8;8100209;2018;1;13;7;3;6;4;0;0;1;1;0;0;0;0;801804,686;5821975,752;13,44350526;52,46435724
197176;11;6;6400844;2018;1;17;6;2;1;5;1;0;1;0;0;0;0;1;790937,3134;5820704,683;13,28289036;52,45885706
197177;11;12;12601235;2018;1;13;7;3;5;3;0;0;1;0;0;0;0;0;795523,9067;5836401,093;13,36415042;52,5971011
197178;11;6;6200315;2018;1;18;3;2;6;4;2;0;1;1;0;0;0;1;795586,6648;5817115,499;13,34794639;52,42418751
197179;11;2;2100101;2018;1;17;5;3;1;5;2;1;1;0;0;0;0;1;797723,2132;5826146,889;13,38733121;52,50398596
197180;11;7;7200308;2018;1;13;7;3;5;2;0;0;1;0;0;0;0;0;794979,9814;5823145,916;13,34437636;52,47857423
197181;11;4;4400831;2018;1;13;7;3;5;3;0;1;1;0;0;0;0;0;790740,751;5822657,869;13,28170749;52,47647225
197182;11;6;6200421;2018;1;11;5;3;5;2;0;1;0;0;0;0;1;1;793475,8989;5817709,874;13,31751557;52,43065211
197183;11;11;11200514;2018;1;10;7;3;2;6;0;0;1;0;0;0;0;0;805524,234;5830157,506;13,50559154;52,53561866
197184;11;10;10100311;2018;1;10;5;3;6;2;0;0;0;1;0;0;1;1;807191,6585;5829151,279;13,52916814;52,52566359
197185;11;2;2200212;2018;1;9;7;3;0;1;0;1;0;0;0;0;0;0;799795,8548;5824487,547;13,41628262;52,48797765
197186;11;5;5200528;2018;1;7;5;3;5;3;2;0;1;0;0;0;0;1;783274,9972;5826763,082;13,17557274;52,5172046
197187;11;4;4300620;2018;1;8;7;3;3;2;0;0;1;0;0;0;0;0;793412,7662;5827391,177;13,32510629;52,51747553
197188;11;2;2400521;2018;1;21;5;3;2;7;2;0;1;0;0;0;0;1;800890,5311;5828494,118;13,43597686;52,52328734
197189;11;1;1100206;2018;1;5;7;3;0;1;2;0;0;0;1;0;0;0;798214,6729;5827816,246;13,39604616;52,5186812
197190;11;4;4200308;2018;1;21;5;2;0;7;2;0;1;0;0;0;0;0;789734,9829;5827430,292;13,27109202;52,51979261
197191;11;4;4300414;2018;1;1;7;3;0;7;2;0;1;0;0;0;1;0;790951,5724;5826760,251;13,28838579;52,51313795
197192;11;7;7200308;2018;1;21;5;3;5;2;2;0;1;0;0;0;0;1;795222,8045;5823524,151;13,34827631;52,48183363
197193;11;1;1100207;2018;1;18;5;2;5;2;2;0;1;0;0;0;1;1;797902,4891;5826577,001;13,39034952;52,50774353
197194;11;8;8100311;2018;1;1;7;3;3;6;2;0;1;0;0;0;0;0;800592,1322;5824411,107;13,42790562;52,48685466
197195;11;5;5200420;2018;1;10;5;3;6;4;0;0;1;1;0;0;0;0;781917,026;5828652,486;13,15721511;52,53484964
197196;11;2;2200208;2018;1;22;7;2;5;3;2;0;1;0;0;0;0;0;797277,877;5825540,812;13,38024842;52,49879596
197197;11;8;8100105;2018;1;17;5;3;2;6;2;0;1;0;0;0;0;1;800409,6633;5821728,896;13,4228106;52,4629133
197198;11;4;4501042;2018;1;20;6;3;6;4;2;0;1;1;0;0;0;0;794018,4981;5826199,474;13,33295463;52,50646633
197199;11;4;4400835;2018;1;17;5;3;6;2;2;0;1;1;0;0;0;1;793061,2584;5822639,85;13,31576063;52,47507052
197200;11;1;1401049;2018;1;13;6;3;5;2;0;0;1;0;0;0;0;0;796335,8689;5831819,001;13,37200763;52,55558598
197201;11;1;1300836;2018;1;17;5;3;5;2;2;0;1;0;0;0;1;1;796303,9563;5830595,061;13,37044613;52,54463201
197202;11;1;1200624;2018;1;12;6;3;5;2;0;1;1;0;0;0;0;1;795656,5612;5829731,308;13,36015856;52,53724096
197203;11;1;1200520;2018;1;16;5;3;5;2;2;0;0;0;1;0;1;1;794554,7124;5829088,05;13,34338993;52,53207126
197204;11;7;7100102;2018;1;16;5;3;5;2;1;0;1;0;0;1;0;1;794974,8412;5825214,517;13,34613179;52,49712066
197205;11;1;1100310;2018;1;11;6;3;3;6;0;1;1;0;0;0;0;1;799451,0672;5828867,391;13,41515985;52,52742561
197206;11;5;5200421;2018;1;15;5;3;5;3;0;0;1;0;0;0;1;1;780894,4503;5828511,457;13,14205967;52,53411309
197207;11;1;1100102;2018;1;15;5;3;5;2;0;0;1;0;0;0;0;1;796580,2779;5826873,818;13,3711896;52,51112461
197208;11;5;5100316;2018;1;17;6;3;2;6;2;0;1;0;0;0;0;0;784956,2778;5828819,211;13,20204529;52,53476389
197209;11;5;5100211;2018;1;16;3;2;5;2;0;0;1;0;0;0;0;1;781905,274;5829571,022;13,15782166;52,54309173
197210;11;8;8100520;2018;1;14;5;3;5;3;0;0;1;0;0;0;0;1;803156,3266;5823402,168;13,46463631;52,4763939
197211;11;7;7400823;2018;1;23;2;2;5;3;2;0;1;0;0;0;1;0;797293,8872;5821218,639;13,37662993;52,46004345
197212;11;12;12601236;2018;1;13;5;3;5;2;0;0;1;0;0;0;0;1;794337,6033;5835706,978;13,34606973;52,59152233
197213;11;8;8100209;2018;1;9;6;3;5;3;0;0;1;0;0;0;0;1;801463,7616;5822064,646;13,43858246;52,46534222
197214;11;11;11200410;2018;1;11;3;3;5;3;0;0;1;0;0;1;0;1;806490,8853;5832270,43;13,52174822;52,55401225
197215;11;1;1100309;2018;1;12;5;3;4;6;0;0;0;0;0;0;1;1;797881,7832;5828529,364;13,3917933;52,52525535
197216;11;3;3601450;2018;1;7;6;3;5;2;1;1;1;0;0;0;0;1;802434,3626;5829267,037;13,45936555;52,52936086
197217;11;12;12200309;2018;1;12;5;3;6;7;0;0;0;1;0;0;1;1;792391,9816;5832886,343;13,31494233;52,56728603
197218;11;4;4300620;2018;1;7;6;3;5;2;1;1;0;0;0;0;1;1;793405,999;5827394,749;13,32501;52,51751119
197219;11;10;10400940;2018;1;12;5;3;5;3;0;0;1;0;0;0;1;1;812361,6171;5823983,026;13,60028063;52,47641284
197220;11;5;5300737;2018;1;10;5;3;5;2;0;0;0;0;0;1;1;2;787952,9143;5830048,554;13,24716872;52,54421047
197221;11;9;9501941;2018;1;6;6;3;2;6;2;0;1;0;0;0;0;1;811165,5581;5821198,663;13,58013115;52,45214347
197222;11;1;1200517;2018;1;10;5;2;5;3;0;0;1;0;0;0;0;1;793533,8222;5829131,576;13,32842148;52,53301219
197223;11;5;5100208;2018;1;17;5;2;6;2;1;0;1;1;0;0;0;1;782361,6546;5830481,698;13,1653078;52,55102084
197224;11;1;1300836;2018;1;5;6;3;5;2;2;1;1;0;0;0;0;0;795745,5276;5829820,986;13,36154627;52,53799657
197225;11;12;12200310;2018;1;18;3;3;3;6;2;1;1;0;0;0;0;1;792207,249;5833093,911;13,31240741;52,56924598
197226;11;5;5400943;2018;1;17;5;3;6;2;2;0;1;1;0;0;0;1;781550,4835;5819649,378;13,14421595;52,45431159
197227;11;7;7400824;2018;1;16;6;3;2;6;1;0;1;0;0;0;0;0;797860,4881;5822040,241;13,38567792;52,46709969
197228;11;5;5100317;2018;1;9;5;3;2;6;0;0;1;0;0;0;0;1;787093,9932;5828151,665;13,23289893;52,52765705
197229;11;5;5100314;2018;1;16;6;3;2;6;1;0;1;0;0;0;0;0;785003,9174;5829993,698;13,20375326;52,54526934
197230;11;2;2300419;2018;1;9;5;3;4;1;0;0;1;0;0;0;0;0;801765,9541;5825804,888;13,44640264;52,49869978
197231;11;4;4400830;2018;1;15;6;3;5;3;0;0;1;0;1;0;0;0;792437,6477;5823102,788;13,30701122;52,47955492
197232;11;12;12400619;2018;1;9;5;3;2;2;0;0;1;0;0;0;0;1;787309,5202;5836408,774;13,24321805;52,60157236
197233;11;10;10400940;2018;1;14;6;3;5;7;0;1;1;0;0;0;0;1;812386,5854;5824434,006;13,60106951;52,48043989
197234;11;9;9200715;2018;1;7;5;3;5;3;1;1;1;0;0;0;0;0;808808,9339;5819002,66;13,54353293;52,43379923
197235;11;2;2400521;2018;1;7;5;3;5;2;1;1;1;0;0;0;0;1;800479,2602;5828231,202;13,42969575;52,52115755
197236;11;7;7601340;2018;1;15;6;3;5;2;1;0;1;0;0;0;0;0;796576,9452;5815866,714;13,36136047;52,41245725
197237;11;9;9100409;2018;1;6;5;3;6;4;2;0;1;1;0;0;0;0;805882,2629;5818960,279;13,50057871;52,43506376
197238;11;12;12500926;2018;1;19;6;3;2;2;0;0;1;0;0;0;0;0;793439,5896;5836096,494;13,33319642;52,5954993
197239;11;6;6300632;2018;1;17;6;2;1;5;2;0;1;0;1;0;0;0;792835,3365;5817589,555;13,30801542;52,42991673
197240;11;4;4300622;2018;1;5;5;3;5;3;2;1;1;0;0;0;0;1;793782,7055;5826580,999;13,32982726;52,51001355
197241;11;12;12400722;2018;1;19;6;2;6;4;2;0;0;1;1;0;0;0;791166,0942;5838367,223;13,30172496;52,61707771
197242;11;6;6300526;2018;1;17;5;2;6;4;2;0;1;1;0;0;0;1;789550,2508;5817881,858;13,26008622;52,43428599
197243;11;6;6300526;2018;1;16;6;2;5;2;1;1;1;0;0;0;0;0;789414,9816;5817995,442;13,25820034;52,43537592
197244;11;9;9100101;2018;1;17;5;3;5;2;2;1;1;0;0;0;0;1;802109,693;5824771,637;13,45051395;52,48924852
197245;11;11;11400927;2018;1;22;6;3;0;1;2;1;0;0;0;0;0;0;803420,5001;5826630,045;13,47145313;52,50517814
197246;11;4;4200311;2018;1;18;5;3;6;2;2;0;1;1;0;0;0;1;790466,7445;5826696,496;13,28120587;52,51282479
197247;11;2;2300315;2018;1;13;6;3;6;7;0;1;1;1;1;0;0;0;800518,4286;5825801,041;13,42807713;52,4993537
197248;11;7;7601238;2018;1;18;5;2;6;4;2;0;1;1;0;0;0;1;798670,0706;5816133,544;13,39228151;52,41371113
197249;11;6;6300634;2018;1;8;5;3;2;6;0;0;1;0;0;0;0;0;792028,38;5818930,289;13,29735154;52,44236776
197250;11;8;8100415;2018;1;18;5;3;6;2;2;0;1;1;0;0;0;1;802017,2709;5823498,014;13,44800304;52,47788403
197251;11;1;1200520;2018;1;7;5;2;6;2;2;0;1;1;0;0;0;1;794061,0606;5828457,934;13,33557606;52,5266892
197252;11;10;10200421;2018;1;18;5;2;6;4;2;0;1;1;0;0;0;1;812265,1263;5830690,251;13,60515539;52,5365726
197253;11;6;6400839;2018;1;14;5;3;1;5;0;0;1;0;0;0;0;1;788599,6588;5819155,341;13,24724191;52,44620589
197254;11;3;3100103;2018;1;18;5;2;6;2;2;0;1;1;0;0;0;1;804368,0453;5840426,859;13,49802868;52,62830372
197255;11;6;6300528;2018;1;17;5;3;5;3;2;1;1;0;0;0;0;1;789968,6172;5816236,278;13,26479637;52,41931111
197256;11;6;6100102;2018;1;19;5;3;6;4;2;0;1;1;0;0;0;1;793447,3598;5821027,362;13,32001085;52,4604078
197257;11;7;7100102;2018;1;17;5;3;5;2;1;1;0;0;0;0;1;2;794975,3599;5825273,579;13,34619172;52,49764983
197258;11;11;11400931;2018;1;19;5;2;6;2;2;0;1;1;0;0;0;1;806688,6347;5826892,418;13,51969479;52,50570247
197259;11;2;2500832;2018;1;17;5;3;6;2;1;0;1;1;0;0;0;1;803635,7501;5827391,649;13,47530942;52,51188447
197260;11;4;4100101;2018;1;19;5;3;3;6;2;0;1;0;0;0;0;1;791262,1515;5830721,53;13,29642028;52,54848458
197261;11;9;9100101;2018;1;19;5;3;6;2;2;0;1;1;0;0;0;1;802338,4026;5825299,412;13,454351;52,49385236
197262;11;8;8100104;2018;1;21;5;3;6;2;2;0;1;1;0;0;0;1;800807,1372;5822640,407;13,42946516;52,47086486
197263;11;9;9401534;2018;1;19;5;2;6;7;2;0;1;1;0;0;0;1;811502,2654;5820071,288;13,58401889;52,44184877
197264;11;5;5200631;2018;1;11;4;2;6;4;0;0;1;1;0;0;0;1;784664,6478;5827783,815;13,19687074;52,52563291
197265;11;8;8100206;2018;1;11;4;3;2;1;0;0;1;0;0;0;0;1;800982,2325;5823868,744;13,43314366;52,48177839
197266;11;1;1100103;2018;1;15;4;2;6;4;0;0;1;1;0;0;0;1;795515,4244;5825782,978;13,35457614;52,50192402
197267;11;9;9200715;2018;1;19;5;3;5;2;2;0;1;0;0;0;0;1;808979,3669;5818114,358;13,54521127;52,42574204
197268;11;4;4501042;2018;1;14;4;2;2;6;0;0;1;0;0;0;0;1;793799,2675;5825511,563;13,32912686;52,50041766
197269;11;3;3500933;2018;1;17;4;2;6;4;2;0;1;1;0;0;0;1;802268,2447;5832653,843;13,46000613;52,55980858
197270;11;7;7200307;2018;1;19;5;3;5;7;2;0;1;0;0;0;0;1;794972,5754;5824182,391;13,34518475;52,48786956
197271;11;1;1100309;2018;1;9;3;3;0;3;0;0;1;0;1;0;0;1;797906,904;5828341,522;13,39199422;52,52355785
197272;11;1;1100205;2018;1;17;4;3;2;2;2;0;1;0;0;0;0;1;796966,0647;5827114,927;13,37707271;52,51307601
197273;11;4;4300413;2018;1;18;3;2;6;4;2;1;0;1;0;0;0;1;790937,9854;5826815,526;13,28823446;52,51364074
197274;11;2;2100102;2018;1;18;5;3;5;3;2;0;1;0;0;0;0;1;798214,9198;5826241,179;13,39463845;52,50456263
197275;11;6;6300631;2018;1;16;4;3;2;2;2;0;1;1;0;0;0;1;791488,0762;5816163,651;13,28701325;52,41785284
197276;11;8;8401139;2018;1;17;5;3;6;4;2;0;0;1;1;0;0;1;803017,6682;5819381,796;13,45895202;52,44043627
197277;11;4;4200311;2018;1;13;4;3;3;6;0;0;1;0;0;0;0;1;790137,0932;5825380,797;13,27521509;52,50120482
197278;11;1;1100416;2018;1;18;5;3;1;6;2;1;1;0;0;0;0;1;798144,783;5829871,033;13,39686172;52,53713787
197279;11;11;11300725;2018;1;18;4;3;5;7;2;0;0;0;0;0;1;1;805185,1807;5827914,26;13,49854958;52,51570371
197280;11;11;11200514;2018;1;18;4;3;1;5;2;1;1;0;0;0;0;1;804853,7535;5830582,007;13,49612646;52,53979867
197281;11;3;3601245;2018;1;18;5;3;5;3;2;1;1;0;0;0;0;1;801159,8912;5831111,646;13,44230684;52,54659986
197282;11;11;11100102;2018;1;18;3;3;2;6;2;0;1;0;0;0;0;1;808296,0193;5834042,311;13,54993499;52,56887268
197283;11;3;3400619;2018;1;10;4;2;6;7;0;1;0;1;0;0;0;1;795738,0047;5835291,877;13,36631179;52,58704177
197284;11;10;10200629;2018;1;19;5;3;5;2;2;0;1;0;0;0;1;1;810904,1022;5829239,019;13,58379642;52,52434568
197285;11;11;11300826;2018;1;17;5;3;6;3;2;0;1;1;0;0;0;1;804743,5038;5827408,025;13,49159726;52,51141352
197286;11;6;6100205;2018;1;16;5;2;6;4;2;0;1;1;0;0;0;1;795226,2923;5819841,937;13,34506996;52,44882304
197287;11;4;4300413;2018;1;17;3;3;5;3;2;0;1;0;0;0;0;1;790934,1143;5826831,274;13,28819135;52,51378399
197288;11;6;6100206;2018;1;9;4;3;1;5;0;1;1;0;0;0;0;2;794783,009;5819582,806;13,33833748;52,44673927
197289;11;10;10200417;2018;1;16;5;3;6;4;2;0;1;1;0;0;0;1;811326,474;5831795,728;13,59239682;52,54701603
197290;11;1;1100206;2018;1;8;4;3;5;3;0;0;1;0;1;0;0;1;797735,778;5827607,189;13,3888221;52,51706893
197291;11;9;9200819;2018;1;15;5;3;5;2;1;1;0;0;0;0;1;1;810412,7726;5820341,24;13,56829227;52,44488748
197292;11;5;5200633;2018;1;8;4;3;6;4;0;0;1;1;0;0;0;1;784740,2565;5826424,892;13,19681894;52,51340929
197293;11;10;10100210;2018;1;15;5;3;6;4;0;0;1;1;0;0;0;1;808386,293;5831192,403;13,54861517;52,54328139
197294;11;1;1100104;2018;1;7;4;3;1;5;0;1;1;0;0;0;1;1;796573,2302;5825637,935;13,36998512;52,50004996
197295;11;4;4300622;2018;1;7;4;3;5;3;1;1;1;0;0;0;0;2;793782,8662;5826580,926;13,32982956;52,5100128