OBJECTID;LAND;BEZ;LOR_ab_2021;UJAHR;UMONAT;USTUNDE;UWOCHENTAG;UKATEGORIE;UART;UTYP1;ULICHTVERH;IstRad;IstPKW;IstFuss;IstKrad;IstGkfz;IstSonstig;USTRZUSTAND;LINREFX;LINREFY;XGCSWGS84;YGCSWGS84
197296;11;10;10100205;2018;1;15;5;3;5;3;0;1;1;0;0;0;0;1;808477,2704;5833219,586;13,55183584;52,56139698
197297;11;11;11300723;2018;1;6;4;2;1;5;2;1;1;0;0;0;0;1;804689,107;5828427,141;13,49173141;52,52057777
197298;11;7;7601544;2018;1;15;5;3;5;3;0;1;1;0;0;0;0;1;798792,6733;5814406,163;13,39253755;52,39816016
197299;11;9;9200511;2018;1;6;4;3;5;7;1;0;1;0;0;0;1;2;807142,4354;5821883,438;13,52174513;52,46055582
197300;11;8;8100314;2018;1;14;5;3;5;3;0;1;1;0;0;0;0;1;800364,5768;5824350,2;13,42450956;52,48643396
197301;11;5;5100210;2018;1;19;4;2;5;3;2;0;1;0;0;0;0;1;783985,8193;5830092,477;13,18886467;52,54668667
197302;11;4;4100101;2018;1;18;4;3;5;3;2;0;1;0;0;0;0;1;791219,9166;5829730,929;13,29493068;52,53962657
197303;11;8;8200726;2018;1;14;5;3;2;6;0;0;1;0;0;0;0;1;801530,6485;5820537,693;13,43818495;52,45161882
197304;11;4;4400835;2018;1;18;4;3;5;3;1;0;1;0;1;0;0;1;793363,983;5822650,501;13,3202143;52,47500349
197305;11;10;10400940;2018;1;13;5;3;2;6;0;0;1;0;0;0;0;1;813080,241;5826564,514;13,61325177;52,49913432
197306;11;2;2200209;2018;1;18;4;3;0;1;2;1;0;0;0;0;0;1;797104,8449;5824389,588;13,37668032;52,48857066
197307;11;5;5100316;2018;1;18;5;3;8;1;2;0;1;0;0;0;0;1;783627,1373;5829145,133;13,18278049;52,5383795
197308;11;1;1401045;2018;1;18;4;3;2;6;2;0;1;0;0;0;1;1;796643,1286;5831954,836;13,37664782;52,55663631
197309;11;2;2300417;2018;1;7;5;3;6;4;2;0;0;1;0;0;1;1;800579,1696;5825702,667;13,42888045;52,49843849
197310;11;7;7200308;2018;1;18;4;3;1;5;2;0;1;0;0;0;1;1;795091,9193;5823151,275;13,34602454;52,47856179
197311;11;2;2200208;2018;1;7;5;3;6;4;1;1;0;1;0;0;0;1;797810,8511;5824934,51;13,38753451;52,49307058
197312;11;9;9401534;2018;1;16;3;2;6;4;1;1;0;1;0;0;0;0;811313,5287;5820195,649;13,58136696;52,4430707
197313;11;2;2500835;2018;1;19;3;3;6;2;2;0;1;1;0;0;0;1;802897,2472;5825964,297;13,46316193;52,49950185
197314;11;7;7100205;2018;1;13;5;3;5;2;0;0;1;0;0;0;1;1;796294,4854;5825310,265;13,3655993;52,49726412
197315;11;2;2100106;2018;1;22;3;3;5;2;2;0;1;0;0;0;0;1;799071,9524;5825610,976;13,40666159;52,49844466
197316;11;12;12200515;2018;1;13;5;3;2;1;0;0;1;0;0;0;0;1;790395,8393;5834611,276;13,28708525;52,58381841
197317;11;6;6300525;2018;1;12;5;3;2;1;0;0;1;0;1;0;0;1;790280,3718;5814840,095;13,26815701;52,40662856
197318;11;1;1100311;2018;1;22;3;3;3;6;2;0;1;0;0;0;0;1;799832,842;5827524,808;13,41956039;52,51518167
197319;11;4;4300624;2018;1;11;5;2;6;2;0;0;1;1;0;0;0;1;792992,9142;5826629,968;13,31826624;52,51087731
197320;11;1;1100207;2018;1;22;3;3;5;3;2;0;1;0;0;0;0;1;797885,9192;5826675,682;13,3901944;52,50863713
197321;11;3;3200308;2018;1;11;5;3;2;6;0;0;1;1;0;0;0;1;799694,7163;5837322,834;13,42637874;52,60308039
197322;11;3;3601449;2018;1;20;3;3;2;2;2;0;1;0;0;0;0;1;801332,5035;5831006,926;13,44474966;52,5455658
197323;11;1;1200519;2018;1;19;3;3;6;6;2;1;0;1;0;0;0;1;794061,6939;5828639,329;13,33574579;52,52831496
197324;11;4;4501152;2018;1;10;5;3;5;2;0;1;1;0;0;0;0;1;793949,41;5824710,633;13,33062553;52,49315686
197325;11;6;6200421;2018;1;19;3;3;5;3;2;0;1;0;0;0;0;1;793744,8963;5817613,499;13,32137609;52,42964376
197326;11;2;2100102;2018;1;19;3;3;1;5;2;1;0;0;0;0;1;1;798277,8631;5825703,691;13,3950816;52,49971033
197327;11;8;8200623;2018;1;10;5;3;5;2;1;1;1;0;0;0;0;1;801383,9382;5821172,743;13,43660572;52,45739187
197328;11;4;4501152;2018;1;8;3;3;5;3;0;1;1;0;0;0;0;1;793974,9064;5824719,971;13,33100823;52,49322684
197329;11;6;6400844;2018;1;18;3;2;6;4;2;0;1;1;0;0;0;2;790741,2982;5820755,566;13,28005788;52,45941755
197330;11;1;1200626;2018;1;20;2;3;5;3;2;1;0;0;0;0;0;0;794970,0298;5827981,687;13,34851341;52,52192897
197331;11;8;8100102;2018;1;20;3;3;1;1;2;0;1;0;0;0;0;1;799404,5726;5823782,846;13,40990425;52,48187573
197332;11;7;7601442;2018;1;10;5;3;2;6;0;0;1;0;0;0;1;1;799250,3154;5816260,271;13,40090066;52,41453019
197333;11;3;3400724;2018;1;3;3;3;9;1;2;0;0;0;0;0;1;1;799997,2019;5834946,176;13,42867931;52,58161119
197334;11;1;1100206;2018;1;9;5;3;5;2;0;1;0;0;0;0;1;1;797199,138;5827496,139;13,38083762;52,5163662
197335;11;9;9200717;2018;1;5;3;2;5;2;2;0;1;0;0;0;0;2;809358,8838;5819662,108;13,55220695;52,43939842
197336;11;5;5300841;2018;1;8;5;3;0;6;0;0;1;0;0;0;1;1;789236,8523;5829300,073;13,26539766;52,53682008
197337;11;1;1200628;2018;1;5;3;3;6;2;2;0;1;1;0;0;0;2;796135,2844;5828429,814;13,36603679;52,52531441
197338;11;1;1100308;2018;1;5;3;3;5;2;2;0;1;0;0;0;0;2;797551,0574;5828714,479;13,38709846;52,52709527
197339;11;1;1401043;2018;1;8;5;3;5;3;0;1;1;0;0;0;0;1;796024,8704;5830975,872;13,36668207;52,54819731
197340;11;8;8200832;2018;1;6;3;3;2;2;2;0;1;0;0;0;1;1;801613,623;5817420,242;13,43658933;52,42363038
197341;11;2;2200207;2018;1;7;3;3;6;2;0;0;1;1;0;0;0;1;797103,4821;5824721,34;13,3769561;52,49154522
197342;11;11;11400929;2018;1;8;5;3;1;5;0;1;1;0;0;0;0;1;805416,0892;5826813,301;13,50093161;52,5057072
197343;11;9;9100306;2018;1;17;3;3;2;6;2;0;1;0;0;0;0;1;804937,0602;5820709,612;13,48831426;52,45127024
197344;11;1;1401049;2018;1;16;3;3;5;7;0;0;1;0;1;0;0;1;795963,4997;5831411,41;13,36616784;52,55213482
197345;11;5;5200420;2018;1;7;5;3;6;4;0;0;1;1;0;0;0;1;781714,7677;5828589,477;13,15418767;52,53438925
197346;11;6;6400737;2018;1;7;3;3;5;3;0;0;1;0;0;0;1;1;785400,1684;5817622,614;13,19898502;52,43414284
197347;11;7;7200307;2018;1;7;5;2;2;6;0;0;1;0;0;0;0;1;794954,1868;5824863,777;13,34551787;52,49398767
197348;11;9;9501737;2018;1;15;3;3;5;7;0;1;1;0;0;0;0;1;813927,0355;5821391,889;13,6208168;52,45229626
197349;11;8;8100102;2018;1;7;5;3;4;5;1;1;1;0;0;0;0;1;800513,2593;5823365,654;13,42580518;52,47752728
197350;11;1;1200522;2018;1;14;3;3;6;2;0;0;1;1;0;0;0;1;793701,1506;5828112,271;13,3299808;52,52378453
197351;11;2;2100102;2018;1;7;5;3;5;3;0;1;0;0;0;0;1;1;797920,1626;5826470,864;13,39051416;52,5067825
197352;11;1;1100311;2018;1;14;3;3;5;2;0;1;1;0;0;0;0;0;799900,6738;5827874,187;13,42087193;52,518276
197353;11;3;3400723;2018;1;9;1;2;5;3;0;0;1;0;0;0;0;0;799870,3841;5834298,963;13,42622779;52,57587997
197354;11;4;4300517;2018;1;14;3;3;2;6;0;0;1;0;0;0;0;1;791454,2841;5828301,554;13,2971232;52,52668715
197355;11;6;6300528;2018;1;7;5;2;6;4;2;0;1;1;0;0;0;1;789970,2552;5816230,318;13,26481522;52,41925681
197356;11;7;7100102;2018;1;9;1;3;5;3;0;0;1;0;0;0;0;1;795492,3205;5825550,901;13,35403083;52,49985615
197357;11;12;12200308;2018;1;13;3;3;5;3;0;0;1;0;0;0;0;1;792446,8794;5833310,688;13,31612413;52,5710606
197358;11;10;10100104;2018;1;6;4;3;5;3;0;1;0;0;0;0;1;0;810002,2665;5833788,9;13,57479251;52,56563283
197359;11;1;1100310;2018;1;17;4;3;2;2;2;0;1;0;0;0;0;0;799286,718;5828484,804;13,41240014;52,52408654
197360;11;9;9200819;2018;1;12;1;3;2;6;0;0;1;0;0;0;0;1;810148,8506;5819546,28;13,56368383;52,43791301
197361;11;5;5400942;2018;1;13;1;2;1;5;0;0;1;0;0;0;0;1;782896,836;5821152,36;13,16525039;52,46709287
197362;11;6;6300633;2018;1;13;3;3;5;3;0;0;1;0;1;0;0;1;792860,2948;5818590,702;13,30925847;52,43887851
197363;11;11;11300721;2018;1;18;4;3;0;5;2;1;1;0;0;0;0;1;804624,7569;5829088,923;13,49139207;52,52654496
197364;11;1;1100103;2018;1;16;1;3;0;2;1;0;1;0;0;0;1;0;795202,4563;5825905,115;13,35008711;52,5031883
197365;11;4;4300412;2018;1;13;3;3;2;6;0;0;1;0;0;0;0;1;791679,327;5827746,321;13,29994403;52,52158923
197366;11;2;2500726;2018;1;20;4;3;7;7;2;1;0;0;0;0;0;0;801759,0615;5828928,367;13,4491336;52,52669957
197367;11;9;9501939;2018;1;12;3;3;2;6;0;0;1;0;0;0;0;1;809958,9376;5821624,56;13,56282714;52,45664572
197368;11;9;9300920;2018;1;17;4;3;5;3;2;0;1;0;0;0;0;0;807697,4206;5817813,519;13,52614062;52,42376822
197369;11;12;12200412;2018;1;18;4;3;5;7;2;0;1;0;0;0;0;1;789660,9868;5833669,794;13,27544684;52,57576974
197370;11;4;4300619;2018;1;10;6;3;2;6;0;0;1;0;0;0;0;1;792446,7322;5827189,991;13,31073331;52,51619085
197371;11;4;4300622;2018;2;16;5;3;5;2;1;1;1;0;0;0;0;0;793533,1723;5826062,626;13,32570389;52,50550089
197372;11;11;11300723;2018;2;11;5;3;1;5;0;1;1;0;0;0;0;0;805212,373;5828379,878;13,49937621;52,51986157
197373;11;6;6300528;2018;1;8;6;3;6;2;0;0;1;1;0;0;0;0;788894,0897;5816185,535;13,2489959;52,41942446
197374;11;1;1200520;2018;2;15;5;3;6;7;0;1;0;1;0;0;0;0;794250,8823;5828994,81;13,3388412;52,53139953
197375;11;3;3500933;2018;1;10;6;3;5;3;0;0;1;0;0;0;1;1;802406,5633;5832570,178;13,46196407;52,5589819
197376;11;1;1200517;2018;2;10;5;3;2;6;0;0;1;0;0;0;0;0;793517,2636;5829307,514;13,32833344;52,53459829
197377;11;1;1400938;2018;1;8;6;3;2;6;0;0;1;0;0;0;0;1;794022,6594;5830225,696;13,33657552;52,54255681
197378;11;1;1100102;2018;2;9;5;3;3;6;0;1;0;0;0;1;0;0;796483,227;5827512,356;13,37033265;52,51690122
197379;11;10;10400940;2018;2;10;5;3;2;6;0;0;1;0;0;0;0;1;813091,8456;5826533,571;13,61339307;52,49885037
197380;11;1;1400938;2018;1;8;6;3;8;1;0;0;1;0;0;0;0;1;794192,4746;5830391,391;13,33921908;52,5439505
197381;11;4;4501042;2018;2;9;5;3;2;7;0;0;1;0;0;0;0;0;793952,506;5826175,557;13,33196401;52,5062875
197382;11;7;7501029;2018;1;7;6;3;3;6;1;1;0;0;0;0;1;1;797714,9298;5819201,758;13,38101089;52,44173499
197383;11;6;6400838;2018;2;14;5;3;5;2;0;0;1;0;1;0;0;0;787589,0221;5818049,576;13,23146114;52,43682442
197384;11;8;8100209;2018;1;7;6;3;6;2;1;0;1;1;0;0;0;1;801248,4392;5822208,895;13,43555271;52,46675392
197385;11;9;9200716;2018;1;7;6;3;6;4;0;0;1;1;0;0;0;1;809197,5165;5819284,084;13,5494909;52,43610185
197386;11;2;2500835;2018;2;8;5;3;6;4;0;0;1;1;0;0;0;1;801989,4671;5826352,409;13,45018172;52,50348361
197387;11;10;10300731;2018;1;7;6;3;6;2;0;0;1;1;0;0;0;1;809509,671;5828558,464;13,56267546;52,51904011
197388;11;1;1100206;2018;2;7;5;3;5;2;0;1;1;0;0;0;0;0;797199,138;5827496,139;13,38083762;52,5163662
197389;11;12;12601235;2018;1;7;6;3;6;3;1;0;1;1;0;0;0;1;794892,0015;5836309,055;13,35476614;52,5966191
197390;11;5;5100315;2018;1;7;6;3;6;2;2;0;1;1;0;0;0;1;784339,8669;5830012,902;13,19400364;52,54578851
197391;11;2;2100104;2018;2;14;5;3;6;2;0;0;1;1;0;0;0;0;799300,6396;5826181,583;13,41053316;52,50343396
197392;11;11;11501238;2018;1;7;6;3;5;2;2;1;1;0;0;0;0;1;804097,0105;5825993,968;13,4808088;52,49910057
197393;11;9;9100203;2018;1;6;6;3;5;5;2;0;1;0;1;0;0;1;804380,8848;5823934,797;13,48309692;52,48048665
197394;11;6;6400840;2018;2;14;5;3;1;5;0;0;1;0;0;0;0;0;788801,884;5819575,589;13,25057245;52,44986685
197395;11;9;9501737;2018;2;14;5;2;8;1;0;0;1;0;0;0;0;0;814047,5729;5821869,679;13,62303407;52,4565085
197396;11;3;3601244;2018;1;6;6;3;5;3;2;1;1;0;0;0;0;1;800084,5899;5831660,03;13,42699255;52,55210852
197397;11;8;8200622;2018;2;13;5;3;2;6;0;0;1;0;0;0;0;0;801227,6516;5821656,746;13,43474928;52,4618163
197398;11;12;12200310;2018;1;19;6;2;5;3;2;0;1;0;0;0;0;1;792342,0728;5833912,824;13,31511297;52,5765148
197399;11;4;4300622;2018;1;18;6;3;6;7;2;0;1;1;0;0;0;1;792893,4752;5826971,428;13,31710571;52,51399177
197400;11;1;1300835;2018;1;18;6;3;5;3;2;0;1;0;0;0;0;1;797705,48;5829652,002;13,39020762;52,53541469
197401;11;4;4300414;2018;2;7;5;2;6;2;1;0;0;1;0;1;0;0;790950,6572;5826763,974;13,28837559;52,51317182
197402;11;9;9300923;2018;1;18;6;3;6;4;2;0;1;1;0;0;0;1;808838,7795;5815674,434;13,54089899;52,40395465
197403;11;6;6300528;2018;1;17;6;2;6;4;2;0;1;1;0;0;0;1;790132,5749;5815592,005;13,26664202;52,41344807
197404;11;4;4200308;2018;1;16;6;3;5;2;1;0;1;0;0;0;0;1;790366,2164;5827304,056;13,28025889;52,51832514
197405;11;11;11400931;2018;2;6;5;2;5;3;2;1;1;0;0;0;0;0;805730,7886;5827192,89;13,50590238;52,50893298
197406;11;12;12200412;2018;1;16;6;2;5;3;2;1;1;0;0;0;0;1;791298,3687;5834121,765;13,29993824;52,57894759
197407;11;3;3500935;2018;2;9;5;3;6;4;0;0;0;1;0;0;1;1;801638,1212;5831637,369;13,44981546;52,55104734
197408;11;6;6300526;2018;1;15;6;3;6;2;1;0;1;1;0;0;0;1;789512,6708;5817757,302;13,25942711;52,43318918
197409;11;5;5100313;2018;2;6;5;3;2;6;2;0;1;0;0;0;1;0;785214,2249;5830974,275;13,20768844;52,553951
197410;11;8;8100417;2018;1;15;6;3;5;3;0;0;1;0;0;0;0;1;802489,3851;5823160,926;13,45462763;52,47460142
197411;11;8;8200623;2018;2;5;5;3;6;2;2;0;1;1;0;0;0;0;801921,2077;5820935,241;13,44427418;52,45496656
197412;11;3;3400830;2018;1;14;6;3;5;3;0;0;1;0;0;0;0;1;799529,8529;5833288,203;13,42030478;52,56700773
197413;11;12;12100205;2018;2;19;5;2;6;4;2;0;1;1;0;0;0;0;794100,0534;5832885,508;13,34006987;52,56635845
197414;11;2;2300314;2018;2;20;5;3;3;6;2;1;0;0;0;0;1;0;799970,4006;5826148,132;13,42034083;52,50276633
197415;11;9;9200818;2018;1;13;6;3;2;2;0;0;1;0;0;0;0;1;809763,787;5820699,478;13,55910627;52,44846596
197416;11;12;12601235;2018;2;21;5;3;5;3;2;0;1;0;0;0;0;0;795323,3485;5836068,292;13,36090123;52,59422682
197417;11;5;5300737;2018;1;12;6;3;2;6;0;0;1;0;0;1;0;1;788001,7449;5829367,328;13,24729624;52,53807718
197418;11;10;10100209;2018;1;21;4;3;5;3;2;0;1;0;0;0;0;1;809965,4844;5832052,628;13,57263019;52,55009426
197419;11;3;3500935;2018;1;12;6;3;0;3;0;0;1;0;0;0;1;0;801545,7835;5831441,313;13,44827971;52,54934122
197420;11;3;3300412;2018;1;21;4;3;6;6;2;1;0;1;0;0;0;1;802887,8441;5838916,849;13,47484348;52,61559751
197421;11;2;2200210;2018;1;6;6;3;5;3;2;1;1;0;0;0;0;1;798987,8546;5825339,135;13,40518243;52,49605406
197422;11;3;3601142;2018;1;18;4;3;0;7;2;1;1;0;0;0;0;1;798454,1588;5830957,057;13,40238523;52,5467032
197423;11;1;1300733;2018;1;11;6;3;1;5;0;1;1;0;0;0;0;1;797128,1465;5831825,611;13,38366532;52,55521357
197424;11;1;1200522;2018;1;17;4;3;2;2;2;0;1;0;0;0;0;1;793700,7551;5828112,189;13,32997491;52,52378401
197425;11;3;3400619;2018;1;23;4;3;8;1;2;0;1;0;0;0;0;1;795301,3711;5835087,451;13,3597034;52,58544649
197426;11;12;12400721;2018;1;11;6;2;5;3;0;0;1;0;0;0;0;1;790449,9707;5839900,715;13,29252444;52,63120835
197427;11;4;4501150;2018;1;22;4;3;2;6;2;0;1;0;0;0;0;1;793331,1171;5823638,335;13,32060083;52,48387672
197428;11;7;7200409;2018;1;10;6;3;1;5;0;1;1;0;0;0;0;1;795294,4317;5824394,471;13,35009904;52,48959672
197429;11;3;3601450;2018;1;22;4;3;5;3;2;1;1;0;0;0;0;1;802651,8748;5829617,445;13,46288119;52,5323808
197430;11;1;1300834;2018;1;20;6;2;6;4;2;0;0;1;0;0;1;1;797519,6137;5831001,716;13,38868414;52,54761468
197431;11;5;5200633;2018;1;22;4;2;6;4;2;0;1;1;0;0;0;1;783970,6101;5826751,082;13,18578637;52,51673523
197432;11;1;1100102;2018;1;21;4;3;6;2;2;0;1;1;0;0;0;1;796126,7104;5826716,28;13,36438556;52,50995884
197433;11;1;1300733;2018;1;22;6;2;5;3;2;0;1;0;0;0;0;1;797286,651;5831267,399;13,38549652;52,55012339
197434;11;4;4501042;2018;1;21;4;3;6;4;2;0;1;1;0;0;0;1;793910,2396;5826224,053;13,33138588;52,50674501
197435;11;12;12200412;2018;1;20;6;3;5;2;2;0;1;0;0;0;0;1;791166,7603;5834027,57;13,29791873;52,57817358
197436;11;1;1300733;2018;1;20;4;3;6;2;2;0;1;1;0;0;0;1;797369,6331;5831187,607;13,3866453;52,54936286
197437;11;5;5100314;2018;1;20;4;3;6;2;2;0;1;1;0;0;0;1;784769,1152;5830359,035;13,20061336;52,54866772
197438;11;8;8200833;2018;1;17;5;3;5;3;1;0;1;0;0;0;0;1;801916,4731;5816747,778;13,44042282;52,41743588
197439;11;3;3601141;2018;1;6;4;3;0;7;2;0;1;0;0;0;0;0;799226,527;5831773,006;13,41447671;52,55359323
197440;11;11;11400931;2018;1;17;5;3;6;2;2;0;1;1;0;0;0;1;806697,4958;5826922,238;13,5198524;52,50596475
197441;11;1;1200522;2018;1;18;4;3;6;7;2;0;1;1;0;0;0;1;794469,4319;5828353,663;13,34148589;52,52553407
197442;11;5;5300839;2018;1;23;5;2;0;3;2;0;1;0;0;0;0;1;788992,9176;5830584,359;13,26292844;52,54846343
197443;11;3;3601245;2018;1;23;5;3;5;2;2;0;1;0;0;0;0;1;800221,4955;5831191,365;13,42858196;52,54783232
197444;11;6;6100205;2018;1;13;4;3;0;7;0;0;0;0;1;0;0;0;795813,0011;5819914,842;13,35374252;52,44915945
197445;11;11;11200411;2018;1;17;5;3;2;6;1;0;1;0;0;0;0;1;806016,3631;5831952,024;13,51447763;52,55142544
197446;11;5;5200420;2018;1;14;5;3;0;2;0;1;1;0;0;0;0;1;783592,2058;5828899,32;13,18205704;52,53619368
197447;11;3;3300516;2018;1;18;4;3;2;6;2;0;1;0;0;0;0;1;800812,0054;5833355,784;13,43922579;52,56690654
197448;11;8;8100416;2018;1;11;4;3;5;3;0;0;1;0;0;0;0;1;801853,4544;5823063,144;13,44520471;52,47407678
197449;11;3;3601245;2018;1;15;5;3;6;4;0;0;1;1;0;0;0;1;800997,9782;5831296,304;13,44009367;52,54834445
197450;11;1;1200522;2018;1;11;4;2;3;2;0;0;1;0;0;1;0;1;793677,3159;5828111,192;13,32962955;52,5237877
197451;11;7;7300516;2018;1;14;5;3;6;7;0;0;1;1;0;0;0;1;794182,7;5821931,317;13,33159951;52,46811598
197452;11;1;1100308;2018;1;11;4;3;0;1;0;0;0;0;1;0;0;1;797484,6067;5828814,6;13,38621141;52,528029
197453;11;4;4300623;2018;1;10;5;3;2;6;0;0;1;0;1;0;0;1;792702,5135;5826095,574;13,31352945;52,50624254
197454;11;8;8200623;2018;1;16;5;2;6;4;2;0;1;1;0;0;0;1;802526,5409;5820717,484;13,45295821;52,4526801
197455;11;10;10200420;2018;1;18;4;3;6;2;2;0;1;1;0;0;0;1;811951,556;5830870,303;13,60071621;52,53836564
197456;11;8;8300934;2018;1;13;5;3;2;6;0;0;1;0;0;0;0;1;802718,0205;5818754,893;13,45398939;52,43498321
197457;11;9;9501941;2018;1;17;5;3;6;2;2;0;1;1;0;0;0;1;810886,6323;5821263,539;13,57610018;52,45288355
197458;11;1;1100206;2018;1;8;4;3;5;2;0;1;1;0;0;0;0;0;797887,441;5827468,955;13,39092682;52,51574702
197459;11;4;4500937;2018;1;10;5;2;6;2;0;0;1;1;0;0;0;1;791447,7687;5825081,815;13,29420765;52,497826
197460;11;4;4100101;2018;1;8;4;2;6;4;0;0;1;1;0;0;0;1;791274,6818;5830695,58;13,29658179;52,54824525
197461;11;3;3500933;2018;1;7;4;3;5;3;1;1;1;0;0;0;0;0;801993,0214;5832222,156;13,45556575;52,5560921
197462;11;11;11200410;2018;1;9;5;3;6;4;0;0;1;1;0;0;0;1;805668,2682;5831947,585;13,5093556;52,5515811
197463;11;3;3701554;2018;1;7;4;3;6;2;0;0;1;1;0;0;0;0;799142,2366;5830323,334;13,41193145;52,54064548
197464;11;9;9501939;2018;1;9;5;3;2;6;0;0;1;0;0;0;0;1;811047,3307;5821865,996;13,57901855;52,45819108
197465;11;6;6400844;2018;1;7;4;3;5;3;0;1;0;0;0;0;0;0;791020,9878;5821327,357;13,2846613;52,46439485
197466;11;1;1100205;2018;1;9;5;3;5;2;0;1;1;0;0;0;0;1;796970,3243;5826730,985;13,3767927;52,50963205
197467;11;9;9401329;2018;1;14;4;2;6;4;0;0;1;1;0;0;0;1;811692,4539;5818462,15;13,58530782;52,42732014
197468;11;6;6300634;2018;1;9;5;2;5;2;0;0;1;0;0;0;0;0;792765,2093;5817961,076;13,30731221;52,4332849
197469;11;4;4400831;2018;1;15;4;3;1;5;0;1;1;0;0;0;0;0;790853,6849;5822521,611;13,28324677;52,47519056
197470;11;1;1100206;2018;1;6;3;3;6;7;2;1;0;1;0;0;0;0;798372,3873;5827669,723;13,39823221;52,51728156
197471;11;7;7400823;2018;1;8;5;3;5;3;0;0;1;0;0;0;0;0;797257,861;5820955,441;13,3758669;52,45770373
197472;11;4;4501042;2018;1;17;3;3;0;4;1;0;0;1;0;0;1;0;793997,8279;5826180,298;13,33263403;52,50630557
197473;11;2;2100103;2018;1;8;5;3;5;2;0;1;1;0;0;0;0;0;798538,7022;5826501,204;13,39962776;52,50671635
197474;11;1;1100310;2018;1;8;5;3;0;2;1;0;1;0;0;0;1;0;799345,7757;5828615,108;13,41338531;52,5252221
197475;11;9;9100408;2018;1;11;3;3;6;7;0;0;1;1;0;0;0;0;806176,9865;5820165,989;13,5060051;52,44570502
197476;11;1;1400942;2018;1;11;3;3;0;2;0;0;1;0;0;0;1;0;795464,1779;5830807,356;13,35828736;52,54699111
197477;11;9;9200510;2018;1;7;5;2;6;4;1;0;0;1;0;0;1;1;806734,9884;5823021,302;13,51681281;52,47098253
197478;11;1;1300836;2018;1;9;3;3;1;5;0;0;1;0;1;0;0;0;796650,6141;5830470,063;13,37543146;52,5433229
197479;11;8;8100206;2018;1;21;5;3;2;6;2;1;1;0;0;0;0;1;800878,0486;5823842;13,43158999;52,48159609
197480;11;7;7501031;2018;1;9;3;3;5;2;0;1;1;0;0;0;0;0;799476,0944;5820508,821;13,4080159;52,45248943
197481;11;12;12500929;2018;1;20;5;3;8;1;2;0;1;0;0;0;0;1;794598,7539;5838466,395;13,3523696;52,61611663
197482;11;9;9301228;2018;1;8;3;3;2;6;0;0;1;0;0;0;0;0;816105,7585;5813296,868;13,64512743;52,37850366
197483;11;6;6400842;2018;1;20;5;2;5;2;2;0;0;0;1;0;1;1;789599,6599;5820490,542;13,26307232;52,4576477
197484;11;5;5400942;2018;1;6;3;3;2;6;2;0;1;0;0;0;0;1;783062,7783;5821396,605;13,16789386;52,46919693
197485;11;7;7300517;2018;1;20;5;3;6;2;2;0;1;1;0;0;0;1;793992,8;5822275,047;13,32911495;52,4712996
197486;11;8;8100521;2018;1;17;3;2;3;6;2;1;0;0;0;0;1;0;803775,4459;5821596,469;13,47208013;52,45986574
197487;11;1;1100205;2018;1;20;5;3;5;3;2;0;1;0;0;0;0;1;797001,4538;5826609,019;13,37714121;52,50852181
197488;11;1;1200626;2018;1;19;5;2;5;3;2;1;1;0;0;0;0;1;795042,4407;5828277,097;13,34983963;52,52453792
197489;11;5;5300737;2018;1;17;3;3;2;2;2;0;1;0;0;0;0;0;786952,1467;5829442,155;13,23192792;52,53930176
197490;11;6;6400843;2018;1;19;5;2;6;2;2;0;1;1;0;0;0;1;792322,9565;5820751,873;13,30326741;52,4585407
197491;11;4;4100101;2018;1;16;3;3;2;6;0;0;1;0;0;1;0;0;791177,9846;5829437,362;13,29405689;52,53701719
197492;11;6;6400844;2018;1;19;5;3;5;3;2;1;1;0;0;0;0;1;790399,6606;5820843,781;13,27512052;52,46039007
197493;11;3;3400620;2018;1;14;3;3;5;3;0;1;1;0;0;0;0;0;797412,8251;5833971,234;13,38977534;52,57429092
197494;11;5;5300841;2018;1;12;3;2;6;4;0;0;1;1;0;0;0;0;789878,2789;5829239,496;13,2747754;52,53593619
197495;11;11;11501238;2018;1;19;5;3;6;2;2;0;1;1;0;0;0;1;804090,1839;5825979,883;13,48069568;52,49897813
197496;11;7;7501030;2018;1;12;3;3;2;2;0;0;1;0;0;0;0;0;797943,2921;5820058,191;13,3851244;52,44928763
197497;11;1;1100415;2018;1;18;5;2;0;7;2;0;1;0;0;0;1;1;797294,7096;5829106,282;13,38368124;52,53074717
197498;11;3;3501038;2018;1;12;3;3;6;4;0;0;1;1;0;0;0;0;803646,1271;5832030,624;13,47969945;52,55345634
197499;11;2;2300419;2018;1;17;5;3;1;5;2;1;1;0;0;0;0;1;801676,1219;5825877,819;13,44514938;52,49940314
197500;11;3;3601243;2018;1;18;4;3;2;6;2;0;1;0;0;0;0;0;799860,7757;5831698,998;13,42373663;52,55258107
197501;11;1;1100309;2018;1;9;3;2;3;6;0;1;0;0;0;0;1;0;797671,017;5828597,899;13,38875715;52,52598479
197502;11;1;1100102;2018;1;17;4;3;3;6;0;0;1;0;1;0;0;0;795219,505;5826719,739;13,35105997;52,51048156
197503;11;4;4200311;2018;1;21;3;2;5;3;2;0;1;0;0;0;0;0;790468,0208;5825988,623;13,28060686;52,50647798
197504;11;9;9501939;2018;1;19;3;3;5;2;2;1;1;0;0;0;0;0;810641,6398;5820998,46;13,57225994;52,45064728
197505;11;1;1100309;2018;1;20;4;3;5;3;2;1;1;0;0;0;0;1;798233,278;5828923,858;13,39731279;52,52859931
197506;11;6;6300633;2018;1;10;4;3;6;4;0;1;0;1;0;0;0;0;793280,6091;5818959,283;13,31574756;52,44195752