OBJECTID;LAND;BEZ;LOR_ab_2021;UJAHR;UMONAT;USTUNDE;UWOCHENTAG;UKATEGORIE;UART;UTYP1;ULICHTVERH;IstRad;IstPKW;IstFuss;IstKrad;IstGkfz;IstSonstig;USTRZUSTAND;LINREFX;LINREFY;XGCSWGS84;YGCSWGS84
197507;11;11;11300618;2018;1;18;3;3;5;2;0;1;1;0;0;0;0;0;802401,3661;5829007,193;13,45864429;52,5270502
197508;11;1;1100309;2018;1;7;4;3;6;7;1;1;0;1;0;0;0;1;797973,4406;5828892,824;13,39346604;52,52846321
197509;11;4;4200311;2018;1;18;3;3;2;6;2;0;1;0;1;0;0;0;790177,1608;5826057,318;13,27639334;52,50724862
197510;11;7;7100205;2018;1;17;3;3;6;2;0;0;1;1;0;0;0;0;795996,2234;5824957,293;13,36090491;52,49426187
197511;11;9;9200715;2018;1;7;4;3;5;2;1;0;1;0;0;0;1;1;807697,8896;5818374,066;13,52666313;52,42879171
197512;11;7;7300516;2018;1;17;3;3;6;7;2;0;1;1;0;0;0;0;793870,9682;5821565,059;13,32670118;52,4650004
197513;11;12;12200310;2018;1;15;4;3;6;4;0;0;1;1;0;0;0;0;792225,5277;5833768,35;13,31327067;52,57528225
197514;11;1;1200517;2018;1;19;2;3;5;7;2;0;1;0;0;0;0;1;793615,0052;5829139,26;13,32962167;52,53303735
197515;11;5;5300737;2018;1;16;4;3;6;4;0;0;1;1;0;0;0;0;787436,0481;5830110,201;13,23962125;52,5450361
197516;11;10;10400940;2018;1;16;4;2;5;3;1;1;0;0;0;0;1;1;812630,1622;5825282,528;13,60544024;52,48790426
197517;11;6;6100206;2018;1;18;2;3;1;7;2;0;1;0;0;0;0;1;794751,1733;5819877,792;13,33813069;52,44940083
197518;11;3;3100103;2018;1;16;4;2;6;4;1;0;1;1;0;0;0;0;804224,994;5840153,337;13,49566998;52,62593246
197519;11;4;4300624;2018;1;9;2;3;3;6;0;1;1;0;0;0;0;0;793163,2209;5826420,548;13,32058409;52,50890843
197520;11;3;3500936;2018;1;16;2;3;0;6;0;1;1;0;0;0;0;1;802428,5628;5831069,276;13,46092048;52,54551733
197521;11;2;2400624;2018;1;17;4;2;6;4;2;0;1;1;0;0;0;1;801387,1332;5827734,318;13,4425859;52,5162029
197522;11;5;5200528;2018;1;21;2;3;1;5;2;0;1;0;0;0;1;1;783656,2968;5825318,435;13,17994569;52,50405336
197523;11;8;8200832;2018;1;13;4;3;0;2;0;0;1;0;1;0;0;1;801027,5404;5817066,146;13,42767772;52,42077918
197524;11;2;2400623;2018;1;20;2;3;5;3;2;0;1;0;0;0;1;1;800325,4238;5827623,373;13,42688652;52,51579414
197525;11;7;7100206;2018;1;19;2;3;6;4;2;0;0;1;0;0;1;1;796686,4704;5824747,412;13,37085529;52,49200574
197526;11;1;7100101;2018;1;18;4;3;5;3;2;1;1;0;0;0;0;0;794805,1793;5825990,537;13,34432679;52,50416884
197527;11;12;12200412;2018;1;19;2;3;5;2;2;0;1;0;0;0;0;1;791167,5206;5834021,323;13,29792444;52,57811718
197528;11;9;9501939;2018;1;12;4;3;5;7;0;0;1;0;0;0;1;0;810708,1165;5820948,351;13,5731884;52,45016045
197529;11;1;1100309;2018;1;18;2;3;0;6;2;0;1;0;1;0;0;1;798164,5762;5828981,525;13,39635477;52,52915379
197530;11;6;6200421;2018;1;11;4;3;0;7;0;0;1;0;1;0;0;1;793826,486;5818504,911;13,32335609;52,43759118
197531;11;4;4400728;2018;1;11;4;3;5;7;0;1;1;0;0;0;0;1;790043,7195;5823218,144;13,27196078;52,48186586
197532;11;1;1200517;2018;1;18;2;3;6;4;2;0;1;1;0;0;0;1;793108,3652;5828297,606;13,32143187;52,52576498
197533;11;1;1300733;2018;1;17;2;2;1;5;2;1;1;0;0;0;0;1;797995,33;5831374,685;13,39601365;52,55069784
197534;11;1;1100206;2018;1;9;4;3;5;3;0;0;1;0;0;0;0;1;797468,6883;5827297,965;13,3846211;52,51444285
197535;11;11;11400930;2018;1;22;2;3;5;3;1;0;1;0;0;0;0;1;806122,1314;5826839,914;13,51132605;52,50555005
197536;11;4;4300619;2018;1;18;4;3;2;6;2;0;1;0;0;0;0;0;792733,6955;5827060,869;13,31483658;52,51487936
197537;11;1;1100207;2018;1;10;2;3;3;7;0;1;1;0;0;0;0;1;798798,6465;5827455,207;13,40430279;52,51512536
197538;11;6;6300528;2018;1;8;4;3;2;6;0;0;1;0;0;0;0;1;789135,3306;5816946,324;13,25319095;52,42611794
197539;11;4;4300414;2018;1;17;2;3;0;6;2;1;0;0;1;0;0;1;791562,8169;5826624,324;13,29724843;52,51159299
197540;11;4;4300518;2018;1;18;4;3;5;2;2;1;1;0;0;0;0;0;792578,4865;5827979,41;13,31336376;52,52319708
197541;11;9;9401534;2018;1;7;4;2;6;2;1;0;1;1;0;0;0;1;811360,9905;5820171,267;13,58204028;52,44282518
197542;11;3;3300516;2018;1;17;2;3;6;2;2;0;1;1;0;0;0;1;800825,5567;5833485,859;13,43954308;52,56806492
197543;11;8;8100207;2018;1;7;4;3;1;5;1;1;1;0;0;0;0;1;801028,1689;5823299,126;13,43330382;52,47664741
197544;11;12;12601031;2018;1;17;2;3;6;2;1;0;1;1;0;0;0;1;792919,7879;5837067,385;13,32640337;52,60448299
197545;11;3;3601450;2018;1;16;2;3;2;6;2;0;1;0;0;0;0;0;801944,5345;5829763,528;13,45261777;52,53408243
197546;11;4;4300414;2018;1;7;4;3;6;2;1;0;1;1;0;0;0;1;790944,366;5826751,215;13,28827199;52,51306079
197547;11;5;5100316;2018;1;17;2;3;5;2;2;1;0;0;0;0;1;1;783646,5128;5829307,304;13,18320385;52,53982346
197548;11;1;1200517;2018;1;7;4;3;0;6;1;0;1;0;1;0;0;1;793502,9783;5829342,294;13,32815415;52,53491778
197549;11;1;1401049;2018;1;17;2;2;2;6;2;0;1;0;0;0;1;0;796357,7981;5831941,342;13,37243937;52,5566707
197550;11;11;11300721;2018;1;5;4;3;0;1;2;0;1;0;1;0;0;1;805431,8419;5830040,856;13,5041264;52,53462499
197551;11;4;4100101;2018;1;16;2;3;0;1;2;1;0;0;0;0;0;1;790964,0531;5829472,106;13,29094205;52,53744293
197552;11;10;10100210;2018;1;15;2;3;5;3;0;1;1;0;0;0;0;0;808429,8958;5831397,726;13,54944673;52,54509677
197553;11;1;1100103;2018;1;13;4;3;5;3;0;1;1;0;0;0;0;1;795839,6645;5826058,821;13,35958405;52,50422103
197554;11;1;1200520;2018;1;14;2;3;5;2;0;0;1;0;0;0;0;0;794548,499;5829058,187;13,34327213;52,53180692
197555;11;3;3200205;2018;1;6;3;2;0;5;2;0;1;0;0;0;0;0;798044,613;5836351,099;13,40121103;52,59527732
197556;11;10;10100311;2018;1;14;2;2;3;6;0;0;1;0;0;1;0;0;807179,6588;5830525,327;13,5302615;52,53798462
197557;11;1;1100308;2018;1;14;2;3;5;2;0;1;0;0;0;0;1;0;797014,0274;5828942,021;13,37940891;52,52942778
197558;11;7;7200307;2018;1;23;3;3;5;2;2;1;1;0;0;0;0;1;794738,997;5824474,594;13,34201312;52,49061513
197559;11;11;11300724;2018;1;14;2;3;3;2;0;0;1;0;0;1;0;0;804756,2552;5827453,552;13,49182627;52,51181443
197560;11;7;7200307;2018;1;7;3;3;6;4;0;0;1;1;0;0;0;0;794657,538;5824231,683;13,34060205;52,48848155
197561;11;8;8401139;2018;1;9;3;3;2;6;0;0;1;0;0;0;1;1;803184,7346;5818451,768;13,46055886;52,4320078
197562;11;3;3601450;2018;1;9;2;3;5;2;0;0;1;0;0;0;0;1;802328,5426;5829195,893;13,45774568;52,52878189
197563;11;4;4300619;2018;1;12;3;3;5;2;0;1;1;0;0;0;0;0;792136,2959;5827461,277;13,30640968;52,51878924
197564;11;4;4100101;2018;1;10;3;3;5;2;0;0;1;0;0;0;0;0;793354,575;5829674,619;13,32626586;52,5379768
197565;11;5;5100208;2018;1;7;2;3;2;6;0;0;1;0;0;0;0;1;781517,9087;5830315,155;13,15275552;52,54996429
197566;11;1;1100313;2018;1;9;2;2;6;4;0;0;1;1;0;0;0;1;799817,1641;5826988,201;13,41884661;52,51038046
197567;11;8;8100415;2018;1;9;3;3;5;3;0;0;1;0;0;0;0;0;801386,9501;5823740,53;13,43896939;52,48040595
197568;11;12;12500930;2018;1;9;2;3;5;2;0;0;1;0;0;0;1;1;792353,9654;5834071,965;13,31542831;52,57793505
197569;11;2;2300417;2018;1;7;3;3;1;5;0;1;0;0;0;1;0;1;800755,3018;5825620,031;13,43139263;52,49760076
197570;11;9;9200715;2018;1;7;3;3;5;3;1;0;1;0;0;0;0;1;808293,9937;5818607,111;13,53561768;52,43054473
197571;11;7;7501134;2018;1;10;3;3;1;5;0;0;1;0;0;0;1;0;798884,9068;5818904,544;13,39790688;52,43843263
197572;11;9;9200715;2018;1;8;2;3;3;6;0;0;1;0;0;1;0;0;808618,9256;5819210,724;13,54093892;52,43577115
197573;11;1;1401046;2018;1;6;3;3;6;4;2;0;1;1;0;0;0;0;794744,4793;5830010,81;13,34699782;52,54024054
197574;11;12;12100103;2018;1;6;3;2;6;2;2;0;1;1;0;0;0;1;795349,4134;5833841,39;13,35930017;52,57425068
197575;11;4;4501043;2018;1;8;2;3;5;3;0;1;1;0;0;0;0;1;793118,008;5825217,139;13,3188604;52,49814462
197576;11;11;11100308;2018;1;10;3;3;2;6;0;0;1;0;0;0;1;1;804948,1604;5833636,31;13,50031955;52,56711969
197577;11;9;9200818;2018;1;5;3;3;3;6;2;0;1;0;0;0;1;1;809769,3076;5820529,182;13,55902934;52,44693668
197578;11;5;5200629;2018;1;7;2;2;3;6;0;0;1;0;1;0;0;1;784659,8551;5828460,298;13,19737951;52,53170078
197579;11;11;11100309;2018;1;17;3;3;5;2;2;1;1;0;0;0;0;1;805453,9593;5833346,991;13,50749249;52,56424319
197580;11;9;9200715;2018;1;7;2;3;2;6;0;0;1;0;0;0;1;0;809442,8369;5818408,516;13,55227789;52,42811637
197581;11;1;1200627;2018;1;7;2;3;5;3;1;1;1;0;0;0;0;1;795984,5511;5828712,859;13,36407343;52,52793349
197582;11;2;2400624;2018;1;18;3;3;1;5;2;1;0;0;0;0;1;1;801463,1366;5827602,937;13,44358353;52,51498331
197583;11;8;8100209;2018;1;7;2;3;2;7;0;0;1;0;0;0;0;0;801803,875;5821976,923;13,44349442;52,46436818
197584;11;6;6100205;2018;1;18;3;2;6;4;2;0;1;1;0;0;0;0;796042,0234;5819875,926;13,35706817;52,44868663
197585;11;6;6400844;2018;1;7;2;3;5;2;1;1;1;0;0;0;0;1;790378,4838;5820849,039;13,27481429;52,46044846
197586;11;7;7601442;2018;1;17;3;3;6;2;2;0;1;1;0;0;0;0;798716,8982;5816012,576;13,39286001;52,41260123
197587;11;7;7501029;2018;1;7;2;3;5;2;2;1;1;0;0;0;0;0;797752,8477;5819072,115;13,38145159;52,44055223
197588;11;3;3601450;2018;1;16;3;3;5;3;1;1;1;0;0;0;0;1;802259,9076;5829464,863;13,45698155;52,53123071
197589;11;12;12200309;2018;1;7;2;3;6;4;2;0;1;1;0;0;0;1;792357,6096;5832897,555;13,31444653;52,567405
197590;11;2;2300314;2018;1;6;2;3;6;4;1;0;1;1;0;0;0;0;800134,1415;5825743,078;13,42238084;52,49904563
197591;11;10;10200524;2018;1;16;3;3;6;4;1;0;1;1;0;0;0;1;813398,8634;5830236,79;13,62138872;52,53185847
197592;11;5;5100211;2018;1;6;2;2;6;4;2;0;1;1;0;0;0;1;783060,2977;5829309,333;13,17458507;52,5401465
197593;11;4;4400726;2018;1;12;1;3;0;1;0;0;0;0;1;0;0;1;790851,8478;5824743,845;13,28515892;52,49511402
197594;11;1;1300733;2018;1;16;3;3;0;7;0;0;1;0;0;0;0;1;797157,9544;5831411,847;13,38373334;52,55148841
197595;11;7;7501032;2018;1;10;1;3;6;4;0;0;1;1;0;0;0;0;799833,4417;5819653,506;13,41249109;52,44462686
197596;11;11;11400928;2018;1;15;3;2;5;3;0;1;1;0;0;0;0;1;804479,9398;5826349,071;13,48675705;52,50206971
197597;11;11;11300722;2018;1;17;1;3;2;7;2;1;1;0;0;0;0;0;803808,5135;5827746,643;13,47817143;52,51496998
197598;11;7;7400720;2018;1;15;3;3;1;5;0;1;1;0;0;0;0;1;796872,6231;5823861,057;13,37279951;52,48395924
197599;11;2;2300419;2018;1;15;1;3;6;4;0;0;0;1;0;0;1;0;801072,3669;5825681,93;13,43610508;52,49798075
197600;11;1;1200626;2018;1;15;3;3;6;2;0;0;1;1;0;0;0;1;795221,0549;5828240,137;13,35243189;52,52410992
197601;11;3;3701554;2018;1;14;1;3;5;2;0;1;1;0;0;0;0;1;799206,4887;5829282,669;13,4119391;52,53128223
197602;11;1;1100313;2018;1;8;3;3;5;2;0;1;1;0;0;0;0;0;800332,3572;5826537,222;13,42600828;52,50605478
197603;11;5;5100316;2018;1;13;1;2;6;4;0;0;1;1;0;0;0;1;783649,7541;5829387,653;13,18332011;52,5405422
197604;11;1;1100313;2018;1;12;3;3;0;2;0;1;0;0;0;0;1;0;799980,9345;5826937,928;13,42120721;52,5098398
197605;11;9;9100407;2018;1;22;1;3;8;1;2;0;1;0;0;0;0;1;805206,9958;5821480,699;13,49297888;52,45803056
197606;11;9;9300920;2018;1;20;3;3;1;5;2;0;1;0;0;0;0;1;808519,1956;5816739,436;13,53719738;52,41367949
197607;11;1;1300836;2018;1;8;1;3;2;6;0;0;1;0;0;0;0;1;796524,8204;5829890,081;13,37306431;52,53819246
197608;11;4;4400728;2018;1;9;3;1;1;5;0;1;0;0;0;1;0;1;790253,3142;5823801,669;13,27554661;52,4869859
197609;11;8;8100105;2018;1;19;1;3;3;6;2;0;1;0;0;0;0;1;801088,0092;5821954,627;13,43296883;52,46456327
197610;11;3;3701657;2018;1;11;2;3;0;5;0;0;1;0;0;0;1;0;800301,5038;5830535,669;13,42916554;52,54191106
197611;11;5;5300735;2018;1;19;1;3;6;4;2;0;0;1;0;0;1;1;786546,2636;5830540,067;13,2269069;52,54935885
197612;11;4;4501045;2018;1;18;1;3;6;4;2;1;0;1;0;0;0;1;793623,8687;5824833,489;13,32595262;52,49443343
197613;11;12;12500927;2018;1;19;2;3;5;2;2;0;1;0;0;0;0;1;792826,7686;5836798,599;13,32479596;52,60212359
197614;11;4;4501042;2018;1;18;1;3;3;6;2;1;1;0;0;0;0;0;794069,2592;5826279,704;13,33377125;52,5071582
197615;11;1;1300732;2018;1;19;2;3;0;7;2;0;0;0;1;0;0;1;797357,2094;5832406,314;13,38755427;52,56029382
197616;11;1;1100207;2018;1;15;7;3;6;4;0;0;0;1;0;0;1;0;797854,4397;5826962,802;13,38998888;52,51122801
197617;11;3;3601141;2018;1;18;2;2;2;2;2;1;1;0;0;0;0;1;798832,9612;5831796,859;13,40871062;52,55402311
197618;11;8;8100520;2018;1;16;2;3;3;6;0;0;1;0;0;0;1;0;803192,2312;5822703,547;13,46452834;52,47011229
197619;11;8;8200831;2018;1;14;7;3;2;6;0;0;1;0;0;0;0;0;799318,0207;5816278,173;13,40190919;52,41465364
197620;11;7;7601238;2018;1;13;2;3;1;5;0;1;1;0;0;0;0;0;797599,7925;5817325,076;13,37765152;52,42497502
197621;11;9;9301025;2018;1;14;7;3;5;3;0;0;1;0;0;0;0;0;810546,1314;5815204,923;13,56548091;52,39878148
197622;11;4;4200310;2018;1;13;7;3;5;2;0;1;1;0;0;0;0;0;790159,8636;5826653,084;13,27665858;52,51259894
197623;11;8;8100209;2018;1;13;2;3;5;2;0;0;1;0;0;0;0;0;801668,6822;5822405,658;13,44189804;52,46828568
197624;11;1;1100207;2018;1;11;7;3;5;3;0;0;1;0;0;0;0;0;797991,1796;5826785,881;13,39183942;52,50956745
197625;11;2;2200207;2018;2;9;6;3;2;6;0;0;1;0;0;0;0;0;797074,4175;5824719,89;13,37652798;52,49154804
197626;11;7;7300517;2018;1;11;2;3;0;6;0;0;1;0;1;0;0;1;793990,771;5822300,652;13,32910773;52,47153023
197627;11;10;10100312;2018;1;7;7;3;5;2;2;1;1;0;0;0;0;1;807934,6073;5829198,169;13,54012811;52,52566473
197628;11;2;2200209;2018;2;6;6;3;9;1;1;0;0;0;1;0;0;0;797304,134;5824004,735;13,37926346;52,48501237
197629;11;7;7400927;2018;1;10;2;3;5;3;0;0;1;0;0;0;0;1;798622,8753;5820654,37;13,39562763;52,45426088
197630;11;1;1100312;2018;1;2;7;3;6;4;2;0;1;1;0;0;0;0;799665,2589;5827104,058;13,4167193;52,5115024
197631;11;10;10400938;2018;2;6;6;3;0;1;1;1;0;0;0;0;0;2;813672,0635;5828259,984;13,62353886;52,51398745
197632;11;4;4300415;2018;2;13;5;3;0;6;0;1;0;0;0;0;1;0;790653,4357;5825990,351;13,28333252;52,50639472
197633;11;2;2200211;2018;1;10;2;3;6;4;0;1;0;1;0;0;0;0;797922,4228;5824577,788;13,38885406;52,48981211
197634;11;2;2200210;2018;2;9;5;3;5;7;0;1;1;0;0;0;0;0;798436,0626;5824867,492;13,39665605;52,49212839
197635;11;2;2400521;2018;1;15;7;3;2;2;0;0;1;0;0;0;0;0;801249,2608;5827830,727;13,44064752;52,5171432
197636;11;6;6300634;2018;2;10;5;2;6;7;0;1;0;1;0;0;0;0;792199,6206;5818705,654;13,29966732;52,44026244
197637;11;7;7400824;2018;1;10;2;3;5;2;0;0;1;0;0;0;0;0;797842,3687;5822205,153;13,38555919;52,46858782
197638;11;2;2400624;2018;1;9;2;3;2;7;0;1;0;0;0;0;1;0;801384,7916;5827529,375;13,44236587;52,51436726
197639;11;1;1400938;2018;1;9;7;3;5;3;0;0;1;0;0;0;0;0;794527,871;5831557,896;13,34518521;52,55422615
197640;11;3;3501037;2018;2;10;5;2;5;3;0;1;0;0;0;0;0;0;801700,9573;5833068,822;13,45204052;52,5638426
197641;11;1;1100102;2018;1;8;2;3;2;6;0;0;1;0;0;0;1;1;795807,0259;5826685,948;13,35966184;52,50986039
197642;11;3;3500933;2018;1;16;7;3;8;1;0;0;1;0;0;0;0;0;802224,5582;5832679,798;13,45938729;52,56006545
197643;11;8;8100416;2018;1;23;7;3;5;7;2;1;1;0;0;0;0;0;801563,787;5823373,615;13,44123361;52,4770196
197644;11;4;4501040;2018;2;19;5;3;2;6;2;0;1;0;0;0;0;0;792495,7586;5825428,734;13,3099061;52,50037537
197645;11;3;3300516;2018;1;8;2;2;9;1;0;0;1;0;0;0;0;1;801095,9686;5834868,42;13,44477614;52,58030736
197646;11;1;1401043;2018;2;19;5;3;6;7;2;0;1;1;0;0;0;0;795687,0841;5830686,134;13,3614571;52,54578353
197647;11;6;6100209;2018;1;7;2;3;0;1;1;0;0;0;1;0;0;1;794708,0312;5821539,143;13,33896415;52,46431724
197648;11;4;4501042;2018;2;19;5;3;2;6;2;1;1;0;0;0;0;0;793910,1053;5825883,134;13,33108294;52,50368892
197649;11;3;3701660;2018;1;7;2;2;0;3;0;1;0;0;0;0;0;0;800893,4012;5829203,325;13,43666078;52,52964251
197650;11;1;1100308;2018;2;12;5;3;6;4;0;0;0;1;0;0;1;0;797045,34;5828365,791;13,37935437;52,52424545
197651;11;9;9200717;2018;1;22;7;3;5;3;2;0;1;0;0;0;0;0;809362,2816;5819658,4;13,55225334;52,43936327
197652;11;2;2400623;2018;2;19;5;3;5;7;2;1;1;0;0;0;0;0;801010,6196;5826995,718;13,43638593;52,5097906
197653;11;6;6400841;2018;1;7;2;3;5;3;0;0;1;0;0;0;0;0;789706,4252;5818448,812;13,26286846;52,43928627
197654;11;1;1300731;2018;1;20;7;3;6;4;2;0;0;1;0;0;1;1;797264,2772;5832229,075;13,38602865;52,55875583
197655;11;1;1100310;2018;2;18;5;3;5;2;2;1;1;0;0;0;0;0;799466,1002;5828808,989;13,41532819;52,52689386
197656;11;5;5400943;2018;1;7;2;3;5;2;0;1;1;0;0;0;0;0;781489,3023;5819685,589;13,14334849;52,4546678
197657;11;3;3400619;2018;1;7;2;2;6;4;0;0;1;1;0;0;0;0;797060,0695;5835839,345;13,38625975;52,5912288
197658;11;8;8401246;2018;1;19;7;2;6;4;2;0;1;1;0;0;0;1;807167,3836;5817582,332;13,51815802;52,42199402
197659;11;1;1300730;2018;1;17;7;3;5;2;1;0;1;0;0;0;0;0;796261,4246;5832165,574;13,37122213;52,55873313
197660;11;2;2100104;2018;2;17;5;2;6;4;2;0;1;1;0;0;0;0;799104,3717;5826243,496;13,40770585;52,50409653
197661;11;1;2300314;2018;1;18;1;3;6;7;2;0;1;1;0;0;0;0;799574,8599;5826330,241;13,41469483;52,50461596
197662;11;11;11501340;2018;1;11;6;3;4;6;0;1;0;0;0;0;1;0;807709,4612;5825341,088;13,53325455;52,49122465
197663;11;2;2100104;2018;2;17;5;3;2;6;2;0;1;0;0;0;0;0;799348,0525;5826289,82;13,4113269;52,50437813
197664;11;2;2300314;2018;1;3;1;2;6;4;2;0;1;1;0;0;0;1;799950,2695;5825726,902;13,41966574;52,49900173
197665;11;1;1300836;2018;2;11;5;3;6;4;0;0;1;1;0;0;0;0;796477,1015;5829935,325;13,37240316;52,53862398
197666;11;3;3501038;2018;1;4;1;2;5;7;2;0;1;0;0;0;1;1;804100,1718;5832396,753;13,48671107;52,55648447
197667;11;1;1100103;2018;2;20;7;3;6;2;2;0;1;1;0;0;0;0;796040,8711;5825591,049;13,36212389;52,49991873
197668;11;8;8300934;2018;2;17;4;3;2;6;2;0;1;0;0;0;0;0;802866,4197;5818243,06;13,45570206;52,43031346
197669;11;1;1300732;2018;2;19;7;3;4;1;2;0;1;0;1;0;0;0;797425,0326;5832538,121;13,38866996;52,56143825
197670;11;7;7601544;2018;2;18;3;2;6;2;2;0;1;1;0;0;0;0;799159,8558;5814185,684;13,39772138;52,39598338
197671;11;7;7501030;2018;2;20;7;3;2;2;2;0;1;0;0;0;0;0;798092,9205;5819271,575;13,38661779;52,44215491
197672;11;7;7400822;2018;2;18;7;3;2;6;2;0;1;0;0;0;0;0;796790,2067;5821977,151;13,36991293;52,46711659
197673;11;11;11300721;2018;2;16;7;3;6;4;1;0;1;1;0;0;0;0;805548,0925;5830059,578;13,50585217;52,53472762
197674;11;3;3400724;2018;2;7;4;3;5;2;0;1;1;0;0;0;0;1;798629,0151;5834004,297;13,40769829;52,57392133
197675;11;1;1100312;2018;2;15;7;3;2;2;0;0;1;0;1;0;0;0;799424,9268;5826482,156;13,41262908;52,50605996
197676;11;11;11300725;2018;2;9;3;3;5;3;0;0;1;0;0;0;0;1;805225,0141;5828189,993;13,49938772;52,51815266
197677;11;12;12601133;2018;2;14;7;3;6;7;0;0;1;1;0;0;0;1;794967,1213;5836439,732;13,35598838;52,59774976
197678;11;5;5100316;2018;2;12;7;3;2;6;0;0;1;0;0;0;0;0;785320,4823;5829278,556;13,20779462;52,53869177
197679;11;6;6300633;2018;2;1;7;3;4;6;2;1;0;0;0;0;1;2;792706,343;5819073,566;13,30742305;52,44328974
197680;11;4;4501043;2018;2;12;3;3;5;2;0;1;1;0;0;0;0;1;792919,9595;5825024,166;13,31578161;52,49652101
197681;11;8;8200622;2018;2;19;7;1;6;4;2;0;1;1;0;0;0;0;801207,51;5821725,649;13,43451589;52,462445
197682;11;1;1200625;2018;2;11;6;3;5;7;0;1;1;0;0;0;0;0;794736,4966;5828456,651;13,34550232;52,52631297
197683;11;1;1100310;2018;2;10;2;3;6;7;0;1;0;1;0;0;0;0;798754,8684;5828243,92;13,40436787;52,52221904
197684;11;12;12200309;2018;2;19;6;3;3;6;2;0;1;0;0;0;0;0;793338,8614;5832401,589;13,3284439;52,56243109
197685;11;2;2100106;2018;2;6;2;3;5;3;1;1;0;0;0;0;0;1;798988,053;5825403,046;13,4052427;52,49662683
197686;11;10;10100316;2018;2;17;6;3;2;2;2;0;1;0;0;0;0;0;809968,2804;5831642,107;13,57228815;52,54641379
197687;11;9;9200715;2018;2;14;6;3;5;2;0;0;1;0;0;0;0;0;808328,923;5818868,144;13,5363705;52,43286445
197688;11;4;4500938;2018;2;10;4;3;2;6;0;0;1;0;0;0;0;0;791573,7543;5824655,8;13,29568537;52,49393952
197689;11;4;4200311;2018;2;14;6;3;2;6;0;0;1;0;0;0;0;0;790396,725;5825609,559;13,27922873;52,50311759
197690;11;2;2400625;2018;2;6;3;3;0;1;1;0;0;0;1;0;0;2;801532,0683;5826352,721;13,44346372;52,50373937
197691;11;8;8301037;2018;2;13;6;3;2;6;0;0;1;0;0;0;1;0;804584,9084;5817816,273;13,48051172;52,42553422
197692;11;2;2200207;2018;2;13;6;3;5;2;0;0;1;0;0;0;0;0;797090,0825;5824722,285;13,37676016;52,49156098
197693;11;1;1100309;2018;2;13;6;3;6;4;0;0;1;1;0;0;0;0;797925,7258;5828433,764;13,39235345;52,52437441
197694;11;5;5300840;2018;2;21;4;3;1;1;2;0;1;0;0;0;1;2;789526,5681;5828896,207;13,2693054;52,53304552
197695;11;4;4500939;2018;2;12;6;3;2;2;0;0;1;0;0;0;0;0;791954,6922;5824024,459;13,30072728;52,48807601
197696;11;3;3501038;2018;2;11;6;3;1;5;0;0;1;0;0;0;0;0;803459,9565;5831757,464;13,47671233;52,55111185
197697;11;8;8200726;2018;2;1;3;3;0;5;2;0;1;0;0;0;1;1;802006,2498;5819918,431;13,44460254;52,44580572
197698;11;1;1100310;2018;2;15;6;3;5;3;0;1;1;0;0;0;0;0;799366,7852;5828605,999;13,41368587;52,52512892
197699;11;11;11200411;2018;2;7;6;3;5;2;1;1;1;0;0;0;0;0;806149,0497;5831393,524;13,5159136;52,5463455
197700;11;8;8100207;2018;2;13;4;3;6;2;0;0;1;1;0;0;0;0;801329,9522;5823575,939;13,4379839;52,47896214
197701;11;8;8100102;2018;2;7;6;3;5;3;1;0;1;0;0;0;0;0;800393,5403;5823324,061;13,42401026;52,47722032
197702;11;4;4500938;2018;2;14;2;3;1;5;0;1;1;0;0;0;0;0;791351,8395;5824941,682;13,29267596;52,49662094
197703;11;1;1100416;2018;2;22;6;2;0;1;2;1;0;0;0;0;0;0;798638,7075;5829383,284;13,4036842;52,53249546
197704;11;2;2400623;2018;2;21;6;2;0;1;2;1;0;0;0;0;0;2;800716,2;5826977,33;13,43204419;52,50978816
197705;11;4;4200309;2018;2;19;4;3;6;4;2;0;1;1;0;0;0;0;788826,9292;5826990,455;13,25736441;52,51633105
197706;11;3;3601243;2018;2;19;6;2;6;4;2;0;1;1;0;0;0;0;799906,1045;5831663,464;13,42437108;52,55223761
197707;11;1;1401046;2018;2;14;3;3;5;2;0;0;1;0;0;0;0;0;794901,6436;5830226,855;13,34950025;52,54209218
197708;11;5;5200629;2018;2;4;6;3;1;1;2;0;1;0;0;0;0;0;783715,6853;5828678,691;13,18368432;52,53415121
197709;11;9;9300920;2018;2;5;6;3;2;6;2;0;1;0;0;0;0;0;808501,8483;5817262,97;13,53742569;52,41838125
197710;11;3;3400620;2018;2;16;2;3;2;6;1;0;1;0;0;0;0;1;796635,0292;5833993,813;13,37835186;52,57491779
197711;11;9;9401534;2018;2;6;6;3;2;6;2;1;1;0;0;0;0;0;811556,7464;5820041,807;13,58479035;52,44155354
197712;11;2;2100102;2018;2;12;5;3;6;7;0;0;1;1;0;0;0;0;797974,2877;5826124,946;13,39099968;52,50365221
197713;11;11;11100206;2018;2;17;2;3;5;3;1;0;1;0;1;0;0;0;805270,5115;5834586,926;13,5059357;52,57545871
197714;11;8;8200623;2018;2;17;4;3;1;5;2;0;1;0;0;0;1;0;801508,9881;5820786,523;13,43809182;52,45386111
197715;11;3;3200310;2018;2;9;5;3;5;3;0;1;1;0;0;0;0;0;799536,526;5837800,14;13,42448186;52,60744577
197716;11;11;11100309;2018;2;19;3;3;6;4;2;0;1;1;0;0;0;0;805339,2576;5833267,141;13,50573208;52,56359188