OBJECTID;LAND;BEZ;LOR_ab_2021;UJAHR;UMONAT;USTUNDE;UWOCHENTAG;UKATEGORIE;UART;UTYP1;ULICHTVERH;IstRad;IstPKW;IstFuss;IstKrad;IstGkfz;IstSonstig;USTRZUSTAND;LINREFX;LINREFY;XGCSWGS84;YGCSWGS84
197928;11;8;8100209;2018;2;16;5;3;5;2;0;1;1;0;0;0;0;0;801753,564;5822049,587;13,44282181;52,46504727
197929;11;9;9200511;2018;2;6;2;2;5;3;0;0;1;0;0;0;0;2;806945,4378;5822301,753;13,51923941;52,46441555
197930;11;10;10300732;2018;2;17;5;3;5;3;1;1;1;0;0;0;0;0;809907,039;5829669,767;13,5695486;52,52877346
197931;11;1;1401049;2018;2;16;7;3;5;3;0;0;1;0;0;0;0;0;795933,1686;5831391,176;13,36570376;52,55196992
197932;11;7;7200413;2018;2;19;5;3;2;6;2;0;1;0;0;0;0;0;796469,1372;5823547,089;13,3665959;52,48136402
197933;11;3;3500934;2018;2;14;6;2;6;4;0;0;1;1;0;0;0;0;800707,1751;5831946,745;13,43640702;52,55433505
197934;11;3;3500934;2018;2;16;4;3;1;6;0;0;1;0;0;0;0;0;800366,3122;5831670,528;13,43114464;52,55204734
197935;11;1;1100309;2018;2;14;4;3;5;7;0;0;1;0;0;0;1;0;797877,9096;5828530,64;13,39173752;52,5252689
197936;11;4;4300621;2018;2;8;4;3;2;6;0;1;0;0;0;0;0;0;792180,5374;5827025,72;13,30667733;52,51486088
197937;11;6;6200422;2018;2;8;2;3;5;3;0;1;1;0;0;0;0;2;794571,4754;5817030,267;13,3329848;52,42397089
197938;11;12;12100205;2018;2;15;4;3;5;2;0;0;1;0;0;0;0;0;794542,2357;5833150,372;13,34680999;52,56849369
197939;11;10;10100311;2018;2;12;7;2;5;2;0;0;1;0;0;0;1;0;806703,1825;5829146,22;13,52198588;52,52589325
197940;11;2;2500727;2018;2;14;4;3;5;2;0;1;1;0;0;0;0;0;802041,2099;5828020,207;13,45245523;52,5184035
197941;11;10;10200422;2018;2;16;4;3;6;4;0;0;1;1;0;0;0;0;812168,8534;5831020,34;13,60405066;52,53958571
197942;11;8;8100415;2018;2;22;4;2;6;4;2;0;1;1;0;0;0;0;801725,816;5823688,417;13,44389691;52,47975174
197943;11;9;9301228;2018;2;17;7;3;8;1;1;0;1;0;0;0;0;0;815953,818;5813157,985;13,64277184;52,37734675
197944;11;2;2200212;2018;2;19;4;3;2;6;2;0;1;0;0;0;0;0;799434,9616;5824528,067;13,41101985;52,48853891
197945;11;1;1100207;2018;2;23;6;3;2;6;2;0;1;0;0;0;0;0;797854,7655;5826861,054;13,38990261;52,51031578
197946;11;5;5100316;2018;2;19;4;3;2;6;2;0;1;0;0;0;0;0;785259,2961;5829307,686;13,20691993;52,53898498
197947;11;4;4300622;2018;2;13;5;3;5;2;0;1;1;0;0;0;0;0;793680,1855;5826378,253;13,3281421;52,50825122
197948;11;5;5300736;2018;2;7;4;3;2;6;0;0;1;0;0;0;0;0;786924,9167;5829409,068;13,23149895;52,53901946
197949;11;7;7200308;2018;2;13;3;3;6;2;0;0;1;1;0;0;0;0;794945,0467;5823156,48;13,3438728;52,47868779
197950;11;9;9502043;2018;2;8;4;2;5;3;0;0;1;0;1;0;0;0;809221,2547;5823025,606;13,55330314;52,46961952
197951;11;11;11501238;2018;2;9;4;3;2;6;0;0;1;0;1;0;0;0;804324,0077;5825843,013;13,48400451;52,49762108
197952;11;2;2500835;2018;2;13;1;3;5;2;0;1;1;0;0;0;0;0;803080,2117;5826030,155;13,46590893;52,49999055
197953;11;8;8401139;2018;2;6;4;3;5;3;1;1;1;0;0;0;0;0;803027,1194;5819381,506;13,45909037;52,44042843
197954;11;1;1400939;2018;2;14;6;3;6;2;0;0;1;1;0;0;1;0;794711,8885;5831777,489;13,34808649;52,55609509
197955;11;2;2500727;2018;2;11;4;3;1;5;0;1;0;0;0;1;0;0;802183,6694;5828102,914;13,45462349;52,51906588
197956;11;10;10200524;2018;2;12;4;3;6;4;0;0;1;1;0;0;1;0;813436,2315;5830085,577;13,62179524;52,53048198
197957;11;5;5100210;2018;2;17;4;3;6;2;1;0;1;1;0;0;0;0;783691,743;5829861,065;13,18434188;52,54476502
197958;11;9;9100101;2018;2;7;3;3;1;5;0;1;1;0;0;0;0;0;802026,5134;5824664,93;13,44919591;52,48833811
197959;11;1;1100309;2018;2;9;4;3;5;2;0;1;1;0;0;0;0;0;798621,0424;5828992,3;13,40307333;52,52900052
197960;11;4;4501041;2018;2;15;2;3;6;7;0;0;1;1;0;0;0;0;793133,8405;5825601,707;13,31943146;52,50158363
197961;11;3;3400725;2018;2;17;4;3;0;7;2;1;0;0;0;0;0;0;798864,569;5834867,804;13,41194226;52,581532
197962;11;1;1100312;2018;2;15;3;3;5;2;0;1;1;0;0;0;0;0;798859,618;5826649,156;13,40447481;52,50786683
197963;11;1;1100312;2018;2;16;4;3;6;4;0;1;0;1;0;0;0;0;799016,4491;5827062,15;13,40714971;52,5114828
197964;11;10;10200524;2018;2;16;4;2;6;4;0;0;1;1;0;0;0;0;813243,7972;5831047,17;13,61987394;52,53920934
197965;11;7;7200307;2018;2;14;1;2;0;7;0;0;1;0;0;0;0;0;794935,8147;5824320,672;13,3447673;52,48912902
197966;11;2;2500832;2018;2;14;4;3;2;6;0;1;0;0;0;0;0;0;803296,5792;5826762,044;13,46975322;52,50643012
197967;11;7;7100205;2018;2;13;6;3;6;7;0;0;1;1;0;0;0;0;796297,9453;5824918,963;13,36530207;52,49375457
197968;11;8;8100209;2018;2;14;4;3;2;6;0;1;1;0;0;0;0;0;801569,6322;5822303,204;13,44035174;52,46742205
197969;11;8;8200730;2018;2;12;3;3;0;2;0;0;0;0;0;0;1;0;802266,152;5818950,596;13,44753962;52,43698722
197970;11;5;5100317;2018;2;14;4;3;6;2;0;0;1;1;0;0;0;0;787067,8795;5828157,236;13,23251987;52,52772075
197971;11;11;11400927;2018;2;14;2;3;2;6;0;0;1;0;0;0;0;0;803513,2316;5826456,946;13,47265739;52,50357512
197972;11;1;1100206;2018;2;14;4;3;2;7;0;0;1;0;0;0;0;0;797763,4679;5827448,472;13,38908692;52,51563111
197973;11;10;10300734;2018;2;15;7;3;2;6;0;0;1;0;0;0;0;0;809582,4655;5824721,766;13,56017821;52,48461553
197974;11;8;8100415;2018;2;13;4;3;2;6;0;0;1;0;0;0;0;0;801997,2926;5823494,307;13,44770642;52,47786185
197975;11;4;4100101;2018;2;15;1;3;5;3;0;0;1;0;0;0;0;0;790184,5995;5829813,996;13,27978069;52,54092359
197976;11;7;7300517;2018;2;11;4;2;5;3;0;1;1;0;0;0;0;0;794203,5852;5822747,64;13,33262602;52,47542269
197977;11;6;6400844;2018;2;10;6;3;2;2;0;0;0;0;0;1;1;0;792367,6337;5820956,54;13,30410234;52,46035161
197978;11;4;4100101;2018;2;5;4;3;2;2;2;0;1;0;0;0;0;0;792855,956;5830509,484;13,31967114;52,54572919
197979;11;5;5200420;2018;2;15;3;3;2;2;0;0;1;0;0;0;0;0;783417,6282;5828638,56;13,17926765;52,53394647
197980;11;4;4501148;2018;2;12;5;3;2;2;0;0;1;0;0;0;0;0;792827,5985;5823232,113;13,31285032;52,48050533
197981;11;8;8401241;2018;2;17;2;3;5;3;1;1;1;0;0;0;0;0;804356,3043;5818319,574;13,47761805;52,43017243
197982;11;6;6100209;2018;2;20;3;3;5;2;2;0;1;0;0;0;0;0;794768,1005;5820917,511;13,33929683;52,45871224
197983;11;2;2200208;2018;2;10;2;3;0;6;0;0;1;0;1;0;0;0;797547,0635;5825062,796;13,38377516;52,49436438
197984;11;4;4300624;2018;2;14;3;3;0;5;0;0;1;0;0;0;1;0;792946,9101;5826087,875;13,31711322;52,50604234
197985;11;8;8100209;2018;2;16;7;3;5;5;0;0;1;0;0;0;0;0;801817,2502;5821957,557;13,44367319;52,46418721
197986;11;2;2100102;2018;2;22;6;2;2;6;2;0;1;0;0;0;0;0;798439,914;5826523,757;13,39819677;52,50697255
197987;11;1;1100102;2018;2;11;5;3;5;3;0;0;1;0;0;0;0;0;795167,843;5827098,005;13,35063644;52,51390039
197988;11;7;7300619;2018;2;13;3;3;5;2;0;1;0;0;0;0;1;0;796191,4301;5822784,925;13,36184155;52,47468256
197989;11;8;8100103;2018;2;18;3;3;2;6;2;0;1;0;0;0;0;0;800687,9407;5822947,891;13,42799282;52,47368658
197990;11;11;11300722;2018;2;14;3;3;5;3;0;0;1;0;0;0;0;0;804261,4109;5828605,551;13,48561051;52,52241559
197991;11;3;3601245;2018;2;17;6;3;5;3;2;0;1;0;0;0;0;0;800305,1604;5831588,836;13,43017155;52,55134883
197992;11;8;8100207;2018;2;15;3;3;2;6;0;0;1;0;0;0;0;0;800613,7655;5823398,531;13,42731022;52,47776666
197993;11;6;6300634;2018;2;1;6;3;2;7;2;0;1;0;0;0;0;0;791940,5969;5819047,277;13,29616592;52,44346343
197994;11;5;5200528;2018;2;16;4;3;0;6;0;0;1;0;0;0;1;0;783638,0702;5825870,377;13,18014816;52,50901168
197995;11;6;6300528;2018;2;21;3;3;6;4;2;0;1;1;0;0;0;0;790088,2765;5815771,09;13,26614775;52,41507711
197996;11;2;2500835;2018;2;18;3;3;0;6;2;0;1;0;0;0;1;0;803111,0118;5826127,667;13,46645002;52,50084743
197997;11;5;5200630;2018;2;9;2;3;1;5;0;1;1;0;0;0;0;0;784511,2641;5827117,425;13,19404587;52,5197381
197998;11;5;5100208;2018;2;18;3;3;1;5;2;0;1;0;0;0;1;0;781988,8554;5830588,438;13,15991481;52,55217104
197999;11;2;2400522;2018;2;13;7;3;2;2;0;0;1;0;0;0;0;0;801315,885;5828683,632;13,44239901;52,52475109
198000;11;1;1200629;2018;2;17;3;3;5;5;1;0;1;0;1;0;0;0;794853,1302;5827787,841;13,3466236;52,52025451
198001;11;12;12500926;2018;2;14;5;3;5;2;0;1;1;0;0;0;0;0;793413,891;5836084,821;13,33280777;52,59540853
198002;11;4;4300619;2018;2;17;3;3;6;4;1;0;0;1;1;0;0;0;792340,8408;5827412,617;13,30937287;52,5182434
198003;11;6;6300526;2018;2;16;3;3;5;3;0;0;1;0;0;0;0;0;788970,4184;5817726,994;13,25144695;52,43320419
198004;11;1;1100416;2018;2;18;3;3;5;3;2;1;1;0;0;0;0;0;798287,1562;5830079,42;13,39914169;52,53892787
198005;11;9;9200819;2018;2;13;3;2;6;4;0;0;0;1;0;0;1;0;810429,9001;5820336,885;13,56853942;52,44483873
198006;11;1;1100310;2018;2;11;3;3;2;6;0;0;1;0;0;0;0;0;799073,2287;5828999,35;13,40972558;52,52881583
198007;11;6;6400737;2018;2;12;1;3;5;3;0;0;1;0;0;0;0;0;785886,5932;5817772,064;13,2062485;52,43522879
198008;11;12;12500926;2018;2;10;3;3;2;6;0;0;1;0;0;0;0;0;792967,1066;5835551,673;13,32575904;52,59087004
198009;11;2;2100104;2018;2;0;3;2;5;3;2;1;1;0;0;0;0;0;799281,2641;5826219,832;13,41028294;52,50378743
198010;11;5;5100105;2018;2;7;2;3;5;3;0;0;1;0;0;0;1;1;784276,2798;5831383,631;13,19424216;52,55811168
198011;11;4;4400729;2018;2;2;3;3;2;6;2;0;1;0;0;0;0;0;790556,1806;5821887,409;13,27832643;52,46966318
198012;11;4;4300623;2018;2;9;7;2;0;7;0;1;0;0;0;0;0;0;792256,9036;5826004,443;13,30690271;52,50566446
198013;11;11;11200512;2018;2;6;3;3;2;6;1;0;1;0;0;0;1;0;803320,8714;5830097,061;13,47315121;52,53630761
198014;11;10;10100312;2018;2;7;3;2;6;7;0;0;1;1;0;0;0;0;808196,6516;5829256,917;13,54403289;52,52604316
198015;11;10;10400837;2018;2;8;3;3;5;3;0;1;1;0;0;0;0;0;810863,0059;5826875,804;13,58098512;52,50319137
198016;11;6;6300633;2018;2;14;3;3;5;2;0;1;1;0;0;0;0;0;793263,557;5819084,257;13,31560708;52,44308703
198017;11;2;2100101;2018;2;9;3;3;5;3;0;1;1;0;0;0;0;0;797383,5916;5825854,735;13,38208145;52,50155233
198018;11;2;2200210;2018;2;10;3;3;5;2;0;1;1;0;0;0;0;0;798045,2033;5824879,783;13,39092716;52,49245211
198019;11;8;8100311;2018;2;19;1;3;6;4;2;0;1;1;0;0;0;0;800771,0329;5824364,908;13,43049069;52,48634203
198020;11;9;9100304;2018;2;9;5;3;2;6;0;0;1;0;0;0;0;0;804336,6216;5821652,915;13,48036562;52,46005943
198021;11;8;8100105;2018;2;19;6;3;2;6;2;0;1;0;0;0;0;0;801072,2483;5821992,093;13,43277133;52,46490777
198022;11;4;4501041;2018;2;12;3;3;5;2;0;0;1;0;0;0;0;0;792837,3276;5825500,316;13,31498654;52,5008339
198023;11;11;11300620;2018;2;11;6;3;2;6;0;0;1;0;0;0;0;0;804211,8711;5829097,577;13,48533267;52,52685305
198024;11;10;10100102;2018;2;19;2;3;0;5;2;0;1;0;0;0;1;0;809818,778;5834146,938;13,57242848;52,56894582
198025;11;1;1400937;2018;2;15;6;3;5;2;0;0;1;0;0;0;0;0;793965,8206;5832015,82;13,33732466;52,55863479
198026;11;1;1100310;2018;2;2;2;2;9;1;2;0;1;1;0;0;0;0;799501,792;5828137,331;13,41524786;52,52085389
198027;11;11;11200514;2018;2;20;2;3;6;7;2;0;1;1;0;0;0;0;805129,4405;5830026,475;13,49966872;52,53466548
198028;11;2;2100104;2018;2;20;2;3;5;3;2;1;1;0;0;0;0;0;799281,7464;5826219,656;13,41028986;52,50378559
198029;11;8;8300934;2018;2;9;3;3;6;4;0;0;1;1;0;0;0;0;803508,3936;5818192,684;13,46506981;52,42950617
198030;11;3;3400725;2018;2;17;2;2;2;6;1;1;1;0;0;0;0;0;798681,9195;5834909,426;13,40929212;52,58200538
198031;11;6;6200421;2018;2;14;2;3;4;1;0;0;1;0;0;0;0;0;793521,3841;5817197,404;13,31773289;52,42603353
198032;11;4;4501042;2018;2;18;2;3;3;6;2;1;1;0;0;0;0;0;794234,9317;5825969,125;13,33593072;52,50428471
198033;11;2;2200213;2018;2;2;1;3;5;7;2;0;1;0;0;0;0;1;799980,0923;5824732,58;13,41920842;52,49007279
198034;11;3;3701556;2018;2;16;5;3;0;2;0;1;1;0;0;0;0;0;799744,0625;5829358,478;13,41990863;52,5316664
198035;11;3;3300411;2018;2;17;2;3;2;7;1;0;1;0;0;0;1;0;803545,8302;5839599,494;13,48515869;52,62134858
198036;11;6;6400844;2018;2;3;6;3;5;3;2;0;1;0;0;0;0;0;792668,975;5821776,962;13,3092444;52,46754525
198037;11;5;5200420;2018;2;21;4;3;0;1;2;0;1;0;0;0;0;0;781885,1369;5829144,553;13,15716364;52,53927823
198038;11;4;4100102;2018;2;16;2;3;2;6;0;0;1;0;0;1;0;0;791325,9521;5829214,588;13,29603704;52,53494097
198039;11;12;12500824;2018;2;14;5;3;2;2;0;0;1;0;0;0;0;0;790945,196;5836172,22;13,29654158;52,59751842
198040;11;1;1400938;2018;2;16;2;3;2;6;0;0;1;0;0;0;0;0;793938,9032;5830104,009;13,33523637;52,54151116
198041;11;1;1100310;2018;2;8;2;3;1;5;0;1;1;0;0;0;0;0;799133,6827;5828551,019;13,41021075;52,52476404
198042;11;1;1300834;2018;2;23;5;2;5;2;2;0;1;0;0;0;0;0;798080,6267;5829993,696;13,39602864;52,53827247
198043;11;2;2200208;2018;2;14;2;3;5;3;0;1;0;0;0;0;1;0;797804,931;5824909,685;13,38742538;52,49285128
198044;11;4;4501042;2018;2;21;7;3;0;1;2;0;0;0;1;0;0;0;793528,4739;5825909,191;13,32549959;52,50412794
198045;11;1;1200626;2018;2;9;2;3;3;6;0;0;1;0;0;0;0;0;795141,5673;5828263,009;13,35128398;52,52435798
198046;11;1;1401043;2018;2;14;2;3;5;2;0;1;1;0;0;0;0;0;795681,01;5830935,6;13,36158989;52,54802305
198047;11;3;3601451;2018;2;6;2;3;5;3;2;0;1;0;0;0;0;1;801321,1262;5829649,433;13,44335134;52,53340478
198048;11;6;6300633;2018;2;14;2;3;6;2;0;0;1;1;0;0;0;0;793263,5473;5819084,328;13,315607;52,44308767
198049;11;1;1300733;2018;2;16;7;3;6;4;0;0;1;1;0;0;0;0;797352,4086;5831202,463;13,38640532;52,54950542
198050;11;7;7200308;2018;2;20;5;3;5;7;2;0;1;0;0;0;0;0;795224,3058;5823517,338;13,34829232;52,48177175
198051;11;1;1300733;2018;2;14;2;3;1;5;0;0;1;0;0;0;1;0;797612,0094;5831788,392;13,39074783;52,55461575
198052;11;10;10100103;2018;2;13;6;3;6;4;0;0;1;1;0;0;0;0;809725,3178;5833730,976;13,57066557;52,56527137
198053;11;5;5300840;2018;2;16;4;3;5;7;0;0;1;0;0;0;0;0;789202,3075;5829285,452;13,26487703;52,53670734
198054;11;12;12200515;2018;2;14;2;3;5;3;0;0;1;0;0;0;0;0;789892,3449;5834748,24;13,2797946;52,58531481
198055;11;10;10100205;2018;2;14;2;2;5;3;0;1;1;0;0;0;0;0;808292,8654;5832807,906;13,5487417;52,55781204
198056;11;4;4200311;2018;2;8;2;3;2;6;0;0;1;0;0;0;0;2;790590,9394;5826702,95;13,28303647;52,5128165
198057;11;5;5200630;2018;2;7;5;3;6;2;0;0;1;1;0;0;0;0;784545,1338;5828017,309;13,19531367;52,52778882
198058;11;2;2500833;2018;2;10;2;3;5;3;0;0;1;0;0;0;0;0;802760,9849;5827129,541;13,46222031;52,51002145
198059;11;1;1300836;2018;2;13;7;3;1;5;0;1;1;0;0;0;0;0;796576,2927;5830887,573;13,37471153;52,54710589
198060;11;4;4501147;2018;2;9;2;3;5;5;0;1;1;0;0;0;0;0;793015,5561;5824347,768;13,31659085;52,49040601
198061;11;12;12500825;2018;2;9;5;3;6;7;0;0;1;1;0;0;0;0;791908,7137;5834092,363;13,30889415;52,57835693
198062;11;3;3500934;2018;2;7;2;3;6;7;0;0;1;1;0;0;0;0;800644,5064;5831839,966;13,43538877;52,55341257
198063;11;8;8200624;2018;2;6;2;3;6;2;2;0;1;1;0;0;0;0;801013,8193;5821492,821;13,43146359;52,46046481
198064;11;7;7400823;2018;2;16;3;3;6;4;0;0;1;1;0;0;0;0;797225,4102;5821223,864;13,37562969;52,46012753
198065;11;6;6100209;2018;2;20;2;3;1;5;2;1;1;0;0;0;0;0;794500,8923;5821451,78;13,33584686;52,46364575
198066;11;11;11300722;2018;2;14;2;2;5;3;0;1;1;0;0;0;0;0;803447,9878;5828360,392;13,47343464;52,52067156
198067;11;6;6200421;2018;2;16;2;2;5;3;0;1;1;0;0;0;0;0;793824,1955;5817784,161;13,32268904;52,43113112
198068;11;3;3500934;2018;2;15;3;3;5;3;0;0;1;0;0;0;0;0;800726,4541;5831667,57;13,43643764;52,55182211
198069;11;9;9100304;2018;2;18;2;2;5;2;2;0;1;0;1;0;0;0;804751,1768;5822290,82;13,48703072;52,46554576
198070;11;2;2100106;2018;2;10;2;1;6;2;0;0;0;1;0;1;0;0;799881,673;5825710,802;13,41864376;52,49889512
198071;11;6;6400737;2018;2;1;1;2;1;5;2;1;1;0;0;0;0;1;786550,7113;5817576,966;13,21582375;52,43313203
198072;11;12;12400617;2018;2;8;5;3;5;3;0;1;1;0;0;0;0;0;785681,4385;5838024,787;13,22063962;52,61691887
198073;11;5;5100317;2018;2;2;1;3;6;4;2;0;1;1;0;0;0;0;786057,0729;5828491,723;13,21794835;52,53125104
198074;11;2;2300315;2018;2;0;7;3;0;1;2;1;0;0;0;0;0;0;800432,0602;5825770,445;13,42678104;52,499127
198075;11;8;8200622;2018;2;20;1;3;1;5;2;0;1;0;0;0;0;0;801246,4181;5821589,473;13,43496395;52,46120297
198076;11;3;3601141;2018;2;18;1;3;2;6;2;0;1;0;0;0;0;0;799238,463;5831771,993;13,41465132;52,55357759
198077;11;11;11400931;2018;2;16;1;2;6;4;1;0;1;1;0;0;0;0;806137,9819;5827281,604;13,51196503;52,50949971
198078;11;8;8200832;2018;2;5;3;2;5;3;2;0;1;0;1;0;1;0;801389,8267;5817508,283;13,43338742;52,42454283
198079;11;3;3300412;2018;2;15;1;3;6;4;0;0;1;1;0;0;0;0;802542,6468;5838746,902;13,46960502;52,61426662
198080;11;5;5100316;2018;2;15;2;3;2;6;0;0;1;0;0;0;1;0;784423,3643;5828892,219;13,19427218;52,53569686
198081;11;6;6200423;2018;2;9;1;2;5;3;0;1;1;0;0;0;0;0;794753,898;5815618,55;13,33441637;52,41121722
198082;11;1;1100308;2018;2;16;1;3;2;6;0;0;1;0;0;0;0;0;797606,2711;5828388,654;13,38761834;52,52414452
198083;11;2;2200211;2018;2;8;1;3;6;7;0;0;0;1;0;0;1;0;798755,3247;5823991,272;13,40055899;52,48409959
198084;11;4;4300518;2018;2;13;1;2;5;2;0;0;1;0;0;0;0;0;792061,3003;5828235,179;13,30598714;52,52576726
198085;11;3;3400828;2018;2;8;5;3;5;3;0;0;1;0;0;0;0;0;799708,6612;5832506,182;13,42222861;52,55989984
198086;11;2;2500831;2018;2;6;1;3;5;3;2;0;1;0;0;0;1;0;803117,725;5827109,68;13,46744266;52,50964534
198087;11;1;1300835;2018;2;6;6;3;0;2;2;0;1;0;1;0;0;0;797408,1172;5830525,524;13,38661832;52,54340709
198088;11;3;3200310;2018;2;2;1;3;0;1;2;1;0;0;0;0;0;0;799574,8644;5837789,187;13,42503641;52,60732647
198089;11;1;1100206;2018;2;5;1;3;5;3;2;0;1;0;0;0;0;0;797949,7656;5827078,719;13,39149316;52,512215
198090;11;11;11100309;2018;2;10;3;3;6;4;0;0;1;1;0;0;0;0;805445,1351;5833340,76;13,50735698;52,56419229
198091;11;8;8100415;2018;2;20;7;3;6;7;2;0;1;1;0;0;0;0;801206,1462;5823701,651;13,43627998;52,48015723
198092;11;6;6300633;2018;2;12;2;3;5;3;0;0;1;0;0;0;0;0;792381,2404;5818486,04;13,30213952;52,43819655
198093;11;7;7400825;2018;2;0;7;3;2;3;2;0;1;0;0;0;0;0;797810,976;5820777,551;13,38382465;52,45580802
198094;11;8;8200727;2018;2;13;7;3;2;6;0;0;1;0;0;0;0;0;801375,0893;5819353,802;13,4348348;52,44109301
198095;11;3;3501038;2018;2;5;5;3;5;3;2;1;1;0;0;0;0;0;803457,0568;5832810,98;13,47763277;52,56055576
198096;11;11;11300620;2018;2;12;7;2;5;2;0;0;1;0;0;0;0;0;803550,9262;5829753,019;13,47621843;52,53309599
198097;11;1;1300834;2018;2;10;6;2;5;3;0;0;1;0;0;0;0;0;798072,456;5829993,791;13,39590861;52,5382778
198098;11;4;4300624;2018;2;18;4;2;0;5;2;1;1;0;0;0;0;0;793222,5862;5826094,599;13,32116919;52,50595453
198099;11;11;11401032;2018;2;12;7;3;5;3;0;0;1;0;0;0;0;0;806594,6699;5827752,872;13,51910725;52,51346684
198100;11;7;7601341;2018;2;6;5;3;0;5;2;0;1;0;0;0;0;0;796331,574;5814525,632;13,3565767;52,40056823
198101;11;1;1100101;2018;2;12;7;3;6;6;0;1;0;1;0;0;0;0;794536,6379;5826105,855;13,34048385;52,50534763
198102;11;3;3400724;2018;2;11;6;3;6;4;0;0;0;1;0;0;1;0;799983,5308;5835089,802;13,42860814;52,58290607
198103;11;4;4501040;2018;2;6;7;3;5;3;1;0;1;0;0;0;0;0;792707,6433;5825465,847;13,31305122;52,50059447
198104;11;7;7300516;2018;2;16;2;2;5;3;0;1;1;0;0;0;0;0;794143,3633;5822090,575;13,33116251;52,46956484
198105;11;9;9501941;2018;2;9;7;3;0;1;0;0;0;0;1;0;0;1;812054,6273;5821189,034;13,59316301;52,45155042
198106;11;12;12500927;2018;2;11;2;2;2;6;0;0;1;0;0;0;1;0;792829,1733;5836801,749;13,32483415;52,60215054
198107;11;10;10400835;2018;2;7;5;3;1;5;0;1;1;0;0;0;1;0;811420,9335;5828080,336;13,59030513;52,51366745
198108;11;1;1100309;2018;2;23;7;3;5;3;2;0;1;0;0;0;0;0;797983,7387;5828663,583;13,39341195;52,52640274
198109;11;9;9100101;2018;2;15;7;3;5;3;0;1;1;0;0;0;0;0;802205,2172;5824896,656;13,45202992;52,49031619
198110;11;4;4100102;2018;2;7;5;2;0;2;0;0;1;0;1;0;0;0;791168,9598;5829096,441;13,29362552;52,53396569
198111;11;1;1100313;2018;2;18;6;3;1;5;2;1;1;0;0;0;0;0;800286,8144;5826803,733;13,4255797;52,50846868
198112;11;1;1401047;2018;2;23;7;3;5;3;2;0;1;0;0;0;0;0;795398,3912;5830608,085;13,35714279;52,54524049
198113;11;7;7300517;2018;2;16;6;3;6;4;0;0;1;1;0;0;0;0;794257,5466;5822038,009;13,33279224;52,46903212
198114;11;6;6200317;2018;2;14;4;3;6;4;0;0;1;1;0;0;0;0;796222,6614;5817061,838;13,35722476;52,42336255
198115;11;8;8100207;2018;2;23;7;3;2;1;2;0;1;0;0;0;0;0;800714,5324;5823428,537;13,42881652;52,47798014
198116;11;5;5300736;2018;2;21;7;3;5;2;2;0;1;0;0;0;0;0;785747,7805;5829267,662;13,21406837;52,53837019
198117;11;4;4200311;2018;2;7;2;3;2;6;0;0;1;0;0;0;0;2;790371,7268;5825663,984;13,27890894;52,50361882
198118;11;9;9401534;2018;2;9;5;2;5;3;0;1;1;0;0;0;0;0;811256,8087;5820188,649;13,58052863;52,44304026
198119;11;2;2500833;2018;2;18;7;2;6;4;2;0;1;1;0;0;0;0;802679,0824;5827241,136;13,46111866;52,51106711
198120;11;7;7400927;2018;2;9;2;3;5;2;0;1;0;0;0;1;0;1;799146,878;5821297,909;13,40389265;52,45974284
198121;11;8;8200624;2018;2;12;5;3;5;2;0;0;1;0;0;0;0;0;800665,2778;5821110,365;13,42600463;52,45722857
198122;11;5;5100316;2018;2;18;7;2;6;4;2;0;1;1;0;0;0;0;784460,9156;5828881,624;13,19481525;52,53558226
198123;11;1;1100308;2018;2;16;7;3;9;1;0;0;1;0;0;0;0;0;797002,835;5828944,464;13,37924659;52,52945577
198124;11;2;2500727;2018;2;18;7;3;5;2;2;1;1;0;0;0;0;0;802710,0506;5828215,365;13,46245988;52,51978184
198125;11;3;3500934;2018;2;5;5;3;5;2;2;0;1;0;0;0;0;1;800197,3864;5832137,602;13,42908302;52,55632696
198126;11;9;9501737;2018;2;15;7;3;5;7;0;1;1;0;0;0;0;0;814156,4817;5820781,52;13,62360816;52,44669495
198127;11;10;10300732;2018;2;15;7;3;2;6;0;0;1;0;0;0;0;0;810015,0393;5829658,493;13,57112504;52,52861103
198128;11;2;2400625;2018;2;19;3;3;1;5;2;1;1;0;0;0;1;0;801421,0313;5826419,957;13,44189366;52,50440336
198129;11;2;2300316;2018;2;15;7;3;2;6;0;0;1;0;0;0;1;0;800505,8327;5826670,318;13,42867664;52,50715225
198130;11;12;12601235;2018;2;17;6;3;6;4;1;0;1;1;0;0;0;0;794848,3027;5836302,115;13,35411667;52,59658058
198131;11;8;8200622;2018;2;14;7;3;5;3;0;1;1;0;0;0;0;0;801910,6032;5821769,634;13,44487315;52,46245125
198132;11;6;6400844;2018;2;13;1;3;6;4;0;0;1;1;0;0;0;0;791905,374;5821419,992;13,2977233;52,46475356
198133;11;8;8100521;2018;2;0;5;2;9;1;2;0;1;0;0;0;0;1;802466,7847;5821917,782;13,45316894;52,46347155
198134;11;9;9501737;2018;2;13;6;3;6;4;0;0;1;1;0;0;0;0;814210,1916;5821992,056;13,62553464;52,45751166
198135;11;3;3601453;2018;2;7;6;3;5;2;0;1;1;0;0;0;0;0;802273,7481;5828573,474;13,45637463;52,52323357
198136;11;6;6300632;2018;2;17;6;2;6;7;1;0;1;1;0;0;0;0;792461,2167;5816988,664;13,30200301;52,4247299
198137;11;4;4501045;2018;2;13;5;3;2;2;0;1;1;0;0;0;0;0;794183,1552;5825307,384;13,3345855;52,49838048