OBJECTID;LAND;BEZ;LOR_ab_2021;UJAHR;UMONAT;USTUNDE;UWOCHENTAG;UKATEGORIE;UART;UTYP1;ULICHTVERH;IstRad;IstPKW;IstFuss;IstKrad;IstGkfz;IstSonstig;USTRZUSTAND;LINREFX;LINREFY;XGCSWGS84;YGCSWGS84
198138;11;7;7300516;2018;2;7;6;3;3;6;0;0;1;0;0;0;1;1;793992,6025;5821554,589;13,32847724;52,46484111
198139;11;7;7601443;2018;2;7;6;3;0;7;1;1;0;0;0;0;0;0;799937,3823;5814657;13,40953645;52,39978293
198140;11;4;4400729;2018;2;19;6;3;1;1;2;0;1;0;0;0;0;0;789398,1141;5823196,059;13,26246131;52,48201041
198141;11;4;4300412;2018;2;11;7;3;2;6;0;0;1;0;0;0;0;0;791357,3096;5828621,933;13,29597856;52,52961114
198142;11;12;12200515;2018;2;22;6;2;6;4;2;0;1;1;0;0;0;0;790371,7314;5835323,758;13,28735485;52,59021859
198143;11;8;8100105;2018;2;14;5;3;6;7;0;0;1;1;0;0;0;0;800581,9164;5822048,72;13,42562645;52,46568529
198144;11;1;1100311;2018;2;22;6;3;2;6;2;0;1;0;0;0;0;0;800057,8704;5827392,14;13,42274696;52,51386877
198145;11;4;4400835;2018;2;21;6;3;5;3;2;1;1;0;0;0;0;0;793359,1945;5822490,612;13,32000337;52,47357271
198146;11;2;2200211;2018;2;14;3;2;6;2;0;0;1;1;0;0;0;0;798628,993;5824517,488;13,3991756;52,48888555
198147;11;6;6300634;2018;2;12;6;3;8;1;0;0;1;0;0;0;0;0;791994,3863;5818974,524;13,29689149;52,44278248
198148;11;2;2100106;2018;2;13;6;3;5;2;0;0;1;0;0;0;0;0;798585,5188;5825563,889;13,39947502;52,49828894
198149;11;6;6100209;2018;2;23;1;2;1;1;2;1;1;0;0;0;0;0;794350,0644;5820849,206;13,3331018;52,45832523
198150;11;7;7400927;2018;2;15;5;3;5;2;0;0;1;0;0;0;0;0;798898,705;5821215,125;13,40017675;52,45913658
198151;11;1;1100206;2018;2;14;6;3;5;3;0;0;1;0;0;0;0;0;797770,0378;5827350;13,38909533;52,51474484
198152;11;8;8100311;2018;2;12;6;3;5;3;0;1;1;0;0;0;0;0;800523,6048;5824435,548;13,42692148;52,48711145
198153;11;9;9200715;2018;2;15;6;3;2;2;0;0;1;0;0;0;0;0;809521,4533;5818333,208;13,55336078;52,42739699
198154;11;7;7400927;2018;2;12;3;3;0;3;0;0;1;0;0;0;1;0;798627,5303;5820661,982;13,39570274;52,45432657
198155;11;7;7601442;2018;2;15;6;2;6;4;0;0;1;1;0;0;0;0;799141,6418;5816519,804;13,39953955;52,41691599
198156;11;11;11300721;2018;2;15;2;3;2;6;0;0;1;0;0;0;0;0;805186,8888;5830001,789;13,50049039;52,53441206
198157;11;8;8100312;2018;2;8;3;2;5;2;0;1;1;0;0;0;0;0;801708,6987;5824248,906;13,44415286;52,48478495
198158;11;1;1100313;2018;2;15;6;3;1;6;0;1;0;0;0;0;1;0;799961,9612;5826447,146;13,42048625;52,50545116
198159;11;11;11400929;2018;2;14;2;3;2;2;0;0;1;0;0;1;0;0;805359,9479;5827355,8;13,50060466;52,51060074
198160;11;6;6300633;2018;2;16;6;3;5;3;0;1;1;0;0;0;0;0;792633,2546;5818160,149;13,30555103;52,43514018
198161;11;8;8200623;2018;2;14;1;3;5;3;0;0;1;0;0;0;0;0;801399,5724;5821126,051;13,43679297;52,45696474
198162;11;4;4501042;2018;2;15;5;3;5;2;0;1;0;0;0;0;1;0;793996,4524;5826165,075;13,33260038;52,50616985
198163;11;6;6100101;2018;2;17;6;2;5;3;2;0;1;0;1;0;0;0;793410,8546;5820694,722;13,31918273;52,45744538
198164;11;4;4300622;2018;2;9;6;3;5;2;0;1;1;0;0;0;0;0;793677,8893;5826066,751;13,32783356;52,50545999
198165;11;10;10200524;2018;2;0;4;3;1;5;2;0;1;0;0;0;0;0;813624,7919;5830037,941;13,62452089;52,52994668
198166;11;1;1100206;2018;2;23;6;3;0;1;2;1;0;0;0;0;0;0;798541,6674;5827814,513;13,40084946;52,51848676
198167;11;4;4400832;2018;2;7;5;2;0;1;0;1;0;0;0;0;0;0;791909,3195;5822269,121;13,29852413;52,47236384
198168;11;1;1300733;2018;2;18;2;3;5;2;2;1;1;0;0;0;0;0;797279,7209;5831264,28;13,38539182;52,55009921
198169;11;8;8200832;2018;2;20;6;2;5;7;2;0;1;0;0;0;0;0;801239,8322;5816391,15;13,4301825;52,41461209
198170;11;7;7100102;2018;2;10;2;3;5;2;0;0;1;0;0;0;0;0;794951,9255;5825650,965;13,34618173;52,50104551
198171;11;3;3601142;2018;2;15;5;3;2;6;0;0;1;0;1;0;0;0;798743,0617;5831018,796;13,40668857;52,54709825
198172;11;1;1100207;2018;2;18;6;3;3;2;2;1;1;0;0;0;0;0;798558,0568;5826814,32;13,40019291;52,50951242
198173;11;4;4300622;2018;2;18;7;2;5;2;2;1;1;0;0;0;0;0;793246,8675;5826749,082;13,32210251;52,51180865
198174;11;1;1300732;2018;2;15;5;3;5;2;0;1;1;0;0;0;0;0;797395,7009;5832482,811;13,38818896;52,56095849
198175;11;7;7100206;2018;2;19;6;3;5;7;2;0;1;0;0;0;0;0;796769,4186;5824798,909;13,37211931;52,49242227
198176;11;5;5200632;2018;2;12;6;3;5;2;0;1;1;0;0;0;0;0;785650,7654;5828023,815;13,21157285;52,52726893
198177;11;9;9502043;2018;2;11;7;2;6;3;0;0;1;1;0;0;0;0;810974,3726;5822065,902;13,57813444;52,46002407
198178;11;6;6100103;2018;2;11;6;3;3;6;0;0;1;0;0;0;0;0;793579,1326;5821272,729;13,32216057;52,46253665
198179;11;4;4501042;2018;2;3;6;3;8;1;2;0;1;0;0;0;0;0;794078,9676;5826067,07;13,33372605;52,50524682
198180;11;10;10300731;2018;2;6;4;3;5;3;2;0;1;0;0;0;0;2;809120,9912;5829720,089;13,5580451;52,5296707
198181;11;1;1300733;2018;2;9;6;3;2;6;0;1;1;0;0;0;0;1;797184,5839;5831346,881;13,38406678;52,55089154
198182;11;3;3400721;2018;2;8;6;3;5;3;0;1;1;0;0;0;0;1;798366,7843;5832826,725;13,402781;52,56350995
198183;11;12;12400618;2018;2;8;2;2;4;6;0;0;1;0;0;0;0;0;786234,7128;5838980,555;13,22961683;52,62519665
198184;11;5;5100317;2018;2;6;6;3;0;6;1;0;1;0;0;0;1;1;786675,0232;5828222,602;13,22680111;52,52851353
198185;11;12;12200515;2018;2;13;7;3;5;7;0;0;1;0;0;0;0;0;790288,7188;5834597,73;13,28549679;52,58375414
198186;11;7;7601339;2018;2;6;6;2;6;2;2;0;1;1;0;0;0;1;795816,5734;5816020,647;13,35034976;52,41424859
198187;11;9;9200819;2018;2;6;6;3;1;5;1;0;1;0;0;0;0;1;810693,4518;5819460,044;13,57158954;52,43683111
198188;11;2;2200210;2018;2;5;6;3;6;2;2;0;1;1;0;0;0;1;797945,827;5825258,831;13,38980677;52,49590407
198189;11;7;7400928;2018;2;16;3;3;6;2;0;0;0;1;0;0;1;0;800311,9775;5821977,97;13,42160119;52,46519957
198190;11;9;9502043;2018;2;2;6;3;0;1;2;1;0;0;0;0;0;1;810977,1614;5822052,277;13,57816266;52,45990038
198191;11;1;1400938;2018;2;16;5;3;5;2;2;1;1;0;0;0;0;0;794020,3427;5830176,297;13,33649774;52,54211524
198192;11;4;4501042;2018;2;15;3;3;3;6;0;0;1;0;0;0;1;0;793863,6872;5825880,695;13,33039889;52,50369206
198193;11;1;1300836;2018;2;10;5;2;5;3;0;0;1;0;0;0;0;0;796857,9488;5830639,326;13,3786311;52,54472723
198194;11;1;1200522;2018;2;10;5;3;1;5;0;0;1;0;0;0;0;0;793842,2599;5828162,761;13,3320993;52,52416111
198195;11;1;1200625;2018;2;7;2;2;2;6;1;1;1;0;0;0;0;2;795312,8994;5828517,191;13,35402774;52,52654374
198196;11;1;1200517;2018;2;9;5;3;5;3;0;1;1;0;0;0;0;0;792966,0854;5828578,075;13,31958778;52,52835574
198197;11;7;7300517;2018;2;1;7;3;9;1;2;0;1;0;0;0;0;0;793990,3269;5822302,32;13,32910268;52,47154542
198198;11;1;1100310;2018;2;9;5;3;0;1;0;1;0;0;0;0;0;0;798764,2517;5828220,784;13,40448497;52,52200651
198199;11;9;9200613;2018;2;8;5;3;2;6;0;0;1;0;0;0;1;0;805350,5839;5822393,205;13,49592035;52,46612876
198200;11;6;6300632;2018;2;7;5;3;1;5;0;0;1;0;0;0;0;0;792328,7538;5816777,879;13,29987628;52,422911
198201;11;4;4501150;2018;2;14;3;2;6;2;0;0;1;1;0;0;0;0;793436,2868;5823918,234;13,32239154;52,4863294
198202;11;10;10200524;2018;2;7;5;3;8;1;0;0;1;0;0;0;0;1;813719,1488;5829979,823;13,62585246;52,5293716
198203;11;8;8100417;2018;2;6;5;3;6;2;2;0;0;1;0;1;0;0;802575,3312;5823075,309;13,4558115;52,47378643
198204;11;5;5200527;2018;2;18;1;3;5;2;2;0;1;0;0;0;0;0;782298,554;5827415,422;13,16177461;52,52356011
198205;11;7;7200307;2018;2;19;6;3;2;6;2;0;1;0;0;0;0;0;794947,9291;5824704,888;13,3452853;52,49256672
198206;11;9;9100304;2018;2;6;5;3;5;2;1;0;1;0;0;0;0;0;804391,9702;5821738,482;13,48125577;52,46079553
198207;11;8;8100419;2018;2;11;6;3;5;3;0;0;1;0;0;0;0;0;802525,031;5824245,842;13,45613516;52,48430581
198208;11;6;6200420;2018;2;13;1;3;5;3;0;0;1;0;0;0;0;0;792814,1689;5816196,135;13,30648529;52,4174362
198209;11;2;2500728;2018;2;1;5;3;5;3;2;0;1;0;0;0;0;0;803194,2432;5828314,026;13,46966405;52,52039713
198210;11;8;8401241;2018;2;16;6;3;2;6;0;0;1;0;0;0;0;0;803795,4057;5818801,065;13,46983099;52,43479975
198211;11;3;3200207;2018;2;8;5;3;2;6;0;0;1;0;0;0;0;0;799411,1762;5835782,344;13,42081172;52,58942879
198212;11;6;6100209;2018;2;19;5;3;6;2;2;0;1;1;0;0;0;1;794651,9686;5820890,616;13,33756883;52,45853376
198213;11;1;1400942;2018;2;10;3;3;6;4;0;0;1;1;0;0;0;0;795163,7221;5831066,434;13,35409963;52,54947639
198214;11;7;7400824;2018;2;19;5;3;0;2;2;0;1;1;0;0;0;0;797870,235;5822038,456;13,38581939;52,46707837
198215;11;1;1200517;2018;2;13;2;3;2;6;0;0;1;0;0;0;0;0;793516,9733;5829309,616;13,32833103;52,5346173
198216;11;6;6400843;2018;2;15;5;3;6;2;0;0;1;1;0;0;0;0;791611,7738;5820655,963;13,29274631;52,45806082
198217;11;2;2200210;2018;2;1;1;3;5;2;2;0;1;0;0;0;0;0;798278,1413;5824783,201;13,39426148;52,49145914
198218;11;7;7100205;2018;2;8;6;3;0;2;0;0;1;0;0;0;1;0;796016,7145;5824955,066;13,36120387;52,4942308
198219;11;9;9100306;2018;2;18;4;2;2;6;2;0;1;0;0;0;0;0;803666,1636;5820716,306;13,46967618;52,45203767
198220;11;1;1100310;2018;2;14;5;3;2;6;0;0;1;0;0;0;0;0;799476,5228;5828775,918;13,41545158;52,52659171
198221;11;3;3200207;2018;2;11;5;2;5;3;0;0;1;0;0;0;0;0;799337,0475;5835587,645;13,41954484;52,58772444
198222;11;7;7501029;2018;2;9;2;3;5;3;0;0;1;0;0;0;1;1;797312,753;5819373,643;13,37526436;52,44349458
198223;11;3;3300516;2018;3;17;2;3;2;6;0;0;1;0;0;0;0;0;800096,9483;5833877,631;13,42917982;52,5719786
198224;11;8;8401243;2018;3;17;2;3;1;5;0;1;1;0;0;0;0;0;806026,9157;5817316,005;13,50119547;52,42024599
198225;11;9;9200715;2018;3;16;2;3;6;4;0;0;1;1;0;0;0;0;808485,6696;5818740,928;13,53855146;52,43163597
198226;11;6;6300630;2018;3;1;3;3;9;1;2;0;1;0;0;0;0;0;793226,561;5819907,761;13,31578715;52,45048938
198227;11;2;2200210;2018;3;16;2;3;5;2;0;1;1;0;0;0;0;0;798842,184;5825105,835;13,40283377;52,49404262
198228;11;1;1300733;2018;3;16;2;3;6;4;0;0;1;1;0;0;0;0;797432,4009;5831388,357;13,38774808;52,55112806
198229;11;2;2400522;2018;3;16;2;3;2;6;0;0;1;0;0;0;0;0;802120,0622;5827734,991;13,45335481;52,51580343
198230;11;5;5200423;2018;3;17;3;2;6;7;0;0;1;1;0;0;0;0;782016,114;5828334,215;13,15840204;52,53194461
198231;11;4;4400830;2018;3;14;2;3;5;3;0;0;1;0;0;0;0;0;791669,9253;5823242,568;13,29586108;52,48121862
198232;11;11;11400931;2018;3;17;3;2;6;4;1;0;1;1;0;0;0;0;806309,5576;5826846,739;13,51408512;52,50550603
198233;11;7;7601340;2018;3;19;3;3;6;4;2;0;1;1;0;0;0;1;796088,5054;5815942,494;13,3542672;52,41340098
198234;11;6;6100208;2018;3;18;3;3;6;7;1;0;0;1;0;0;1;1;794722,1549;5820264,152;13,33804586;52,45288
198235;11;1;1100416;2018;3;19;3;3;5;3;2;1;0;0;0;0;1;1;798603,698;5829556,74;13,40332543;52,53406943
198236;11;1;1200522;2018;3;20;2;3;6;4;2;0;1;1;0;0;1;1;793945,0846;5828199,689;13,33364317;52,52443673
198237;11;8;8100415;2018;3;19;3;3;6;2;2;0;1;1;0;0;0;1;801463,1667;5823875,512;13,44021033;52,48157376
198238;11;1;1200628;2018;3;9;3;3;1;5;0;0;1;0;1;0;0;0;796180,894;5828115,092;13,36642682;52,52246845
198239;11;2;2200211;2018;3;20;3;3;1;5;2;1;1;0;0;0;0;1;798669,5228;5824518,419;13,39977157;52,48887172
198240;11;2;2200212;2018;2;10;4;3;2;7;0;1;1;0;0;0;0;0;800231,4185;5824399,362;13,42259871;52,48694785
198241;11;1;1300836;2018;3;20;3;2;6;4;2;0;0;1;0;0;1;1;796680,1664;5830162,719;13,37559149;52,54055181
198242;11;2;2200212;2018;3;19;2;3;2;6;2;0;1;0;0;0;0;0;799475,5372;5824521,999;13,4116102;52,48846226
198243;11;8;8100312;2018;3;21;3;3;6;2;2;0;1;1;0;0;0;1;801447,5735;5823876,233;13,43998206;52,48158883
198244;11;11;11501238;2018;3;21;3;3;2;7;2;0;1;0;0;0;0;1;804109,1651;5825985,885;13,48097992;52,49902135
198245;11;5;5100316;2018;3;18;2;3;6;4;1;0;1;1;0;0;0;0;784630,6854;5829666,274;13,19798366;52,54252879
198246;11;1;1401046;2018;3;21;3;3;6;2;2;0;1;1;0;0;0;1;794606,8673;5829879,6;13,34485827;52,53913876
198247;11;4;4300416;2018;3;20;2;2;6;4;2;0;1;1;0;0;0;1;791740,2309;5826105;13,29940009;52,50684246
198248;11;7;7100102;2018;3;21;3;3;2;6;2;0;1;0;0;0;0;1;794960,1329;5825658,041;13,34630856;52,5011045
198249;11;7;7601340;2018;3;21;3;2;9;1;2;0;1;0;0;0;0;1;796327,0684;5815918,49;13,35774324;52,41305671
198250;11;11;11401137;2018;3;23;3;2;6;4;2;0;1;1;0;0;0;1;807060,6871;5825902,416;13,52424639;52,49662067
198251;11;1;1200628;2018;3;16;2;3;5;3;0;1;1;0;0;0;0;1;796234,1763;5828127,853;13,36722121;52,5225539
198252;11;9;9501939;2018;3;22;2;3;2;6;2;0;1;0;0;0;0;0;809672,8136;5821536,95;13,55854842;52,45602275
198253;11;1;1100207;2018;3;17;2;3;5;3;1;0;1;0;1;0;0;1;798115,534;5826913,005;13,39378018;52,51063901
198254;11;7;7400721;2018;3;8;2;3;2;6;0;0;1;0;0;0;0;1;797258,8843;5822939,323;13,3776492;52,4754867
198255;11;5;5100316;2018;3;15;2;3;0;6;0;0;1;0;1;0;0;1;784865,6644;5829276,817;13,20110527;52,53891413
198256;11;3;3400829;2018;3;8;2;3;1;1;0;0;1;0;1;0;0;2;799730,1058;5832953,639;13,42294818;52,56389873
198257;11;1;1400937;2018;3;15;2;3;5;3;0;1;1;0;0;0;0;1;793145,7569;5831604,959;13,32489967;52,55539372
198258;11;7;7300619;2018;3;14;2;3;5;2;0;0;0;0;0;0;1;1;794591,7594;5821848,778;13,33753096;52,46715565
198259;11;8;8200726;2018;3;7;2;2;6;4;0;0;0;1;0;0;1;2;801696,9728;5820121,254;13,44024894;52,4477944
198260;11;6;6200312;2018;3;15;4;3;2;6;0;0;1;0;0;0;0;1;794809,8891;5819294,153;13,33847714;52,44413715
198261;11;4;4200308;2018;3;14;2;3;5;2;0;0;1;0;0;0;0;1;790216,8944;5827296,704;13,27805801;52,51833872
198262;11;11;11300721;2018;3;7;2;3;5;3;0;0;1;0;0;0;0;2;804948,4262;5829108,002;13,49616579;52,52653501
198263;11;9;9100203;2018;3;22;2;3;6;2;2;0;1;1;0;0;0;1;803789,7838;5823277,157;13,47382062;52,47492149
198264;11;7;7601443;2018;3;14;2;3;1;5;0;0;1;0;0;0;0;1;800146,2752;5815032,677;13,41293422;52,40303593
198265;11;8;8100417;2018;3;7;2;2;5;3;0;0;1;0;0;0;1;2;802486,9554;5823152,314;13,45458416;52,47452558
198266;11;12;12400722;2018;3;13;2;3;5;3;0;1;1;0;0;0;0;1;791175,2538;5837719,68;13,30128989;52,61126778
198267;11;5;5200525;2018;3;6;2;3;0;1;2;1;0;0;0;0;0;2;781078,5868;5827813,913;13,14417739;52,52776356
198268;11;3;3400619;2018;3;13;2;3;5;3;0;0;1;0;0;0;0;1;795773,6528;5835128,514;13,36669061;52,58555802
198269;11;4;4200308;2018;3;8;2;3;3;6;0;0;1;0;0;1;0;2;790319,3765;5827296,215;13,27956368;52,51827978
198270;11;2;2100104;2018;3;18;3;3;5;3;2;1;1;0;0;0;0;1;799326,9124;5826235,581;13,41096761;52,50390356
198271;11;3;3601449;2018;3;7;2;3;5;3;0;1;1;0;0;0;0;0;801893,6343;5830342,475;13,45239557;52,53929971
198272;11;6;6200421;2018;3;10;2;2;2;6;0;0;1;0;0;0;1;0;793251,5841;5817684,183;13,31420316;52,43054209
198273;11;2;2400521;2018;3;11;3;3;6;4;0;0;1;1;0;0;0;0;800965,811;5828228,589;13,43684282;52,52086581
198274;11;12;12400616;2018;3;15;2;3;5;3;0;0;1;0;0;0;1;1;786227,5422;5834758,562;13,22585965;52,58734795
198275;11;11;11401136;2018;3;11;2;3;1;5;0;1;1;0;0;0;0;0;805993,8899;5826343,759;13,50898658;52,50117527
198276;11;1;1100101;2018;3;12;2;3;5;3;0;1;1;0;0;0;0;0;795294,2818;5826264,331;13,35175461;52,50635871
198277;11;7;7300516;2018;3;19;2;3;6;2;2;0;1;1;0;0;0;1;793975,0844;5821720,822;13,32836656;52,46634075
198278;11;1;1100207;2018;2;10;4;3;5;3;0;0;1;0;0;0;0;0;797886,066;5826674,797;13,39019577;52,50862913
198279;11;7;7400927;2018;3;13;2;3;5;3;0;0;1;0;0;0;1;0;798622,8753;5820654,37;13,39562763;52,45426088
198280;11;4;4501044;2018;3;18;2;3;5;2;2;1;1;0;0;0;0;1;793216,6343;5825201,897;13,32029568;52,497955
198281;11;1;1100308;2018;3;14;2;3;6;7;0;0;1;1;0;0;0;0;796333,571;5829490,943;13,36989683;52,53471863
198282;11;12;12200515;2018;3;18;2;3;6;2;2;0;1;1;0;0;0;1;790035,7468;5835364,977;13,28244519;52,59076738
198283;11;5;5300841;2018;3;14;2;3;6;4;0;0;0;1;0;0;1;0;789914,1325;5829355,671;13,27540388;52,53695865
198284;11;5;5200629;2018;3;13;3;3;5;3;0;0;1;0;0;1;0;0;784607,2959;5828316,926;13,19648402;52,53044275
198285;11;2;2500835;2018;2;8;4;3;5;7;0;1;1;0;0;0;0;0;803085,4797;5825994,894;13,46595421;52,49967158
198286;11;1;1100309;2018;3;18;2;3;2;2;2;1;1;0;0;0;0;1;797943,881;5828778,419;13,39292907;52,52745388
198287;11;6;6400736;2018;3;19;1;2;1;5;2;0;1;0;0;0;0;0;787173,2152;5817123,225;13,22456553;52,4287374
198288;11;5;5200630;2018;3;18;2;3;6;4;2;0;1;1;0;0;0;1;783360,3194;5827670,368;13,17759975;52,52529523
198289;11;1;1401049;2018;3;17;2;3;6;4;1;0;1;1;0;0;0;1;795948,0839;5831561,02;13,3660745;52,5534843
198290;11;4;4300619;2018;3;10;1;3;5;3;0;0;1;0;0;0;0;0;792144,6953;5827392,745;13,30647293;52,51817037
198291;11;9;9501939;2018;3;13;1;3;5;2;0;0;1;0;0;0;1;0;810262,4381;5821445,845;13,56711344;52,45487194
198292;11;12;12200412;2018;3;18;2;3;5;2;2;0;1;0;0;0;0;1;791165,8005;5834026,53;13,2979037;52,57816478
198293;11;5;5300736;2018;3;19;2;3;2;6;2;0;1;0;0;0;0;1;786013,0008;5829181,36;13,21789391;52,53745729
198294;11;1;1300836;2018;3;13;1;3;2;6;0;0;1;0;0;0;0;0;797165,9997;5831089,365;13,38356305;52,54859336
198295;11;11;11501341;2018;3;21;2;3;2;6;2;0;1;0;0;0;0;1;807248,0036;5824213,129;13,52543957;52,48137562
198296;11;4;4501043;2018;3;4;1;3;1;1;2;0;1;0;0;0;0;0;792924,5769;5825063,911;13,31588438;52,49687484
198297;11;11;11100102;2018;3;20;2;3;5;3;2;1;1;0;0;0;0;1;807497,3068;5834096,56;13,53823786;52,5698106
198298;11;5;5100317;2018;3;7;3;2;5;2;0;0;1;0;1;0;0;1;786803,0425;5828196,393;13,22866046;52,52821121
198299;11;1;1200623;2018;3;19;2;3;1;5;2;1;1;0;0;0;0;1;795212,3994;5829327,553;13,35327025;52,53386241
198300;11;2;2200212;2018;3;19;2;3;1;5;2;1;1;0;0;0;0;1;799243,8407;5824639,878;13,40831388;52,48964593
198301;11;3;3601141;2018;3;1;1;3;5;2;2;0;1;0;0;0;0;0;799196,197;5831434,082;13,41372528;52,55057197
198302;11;1;1200629;2018;3;19;2;3;6;2;2;0;1;1;0;0;0;1;794414,1099;5827591,683;13,3399983;52,51873328
198303;11;1;1100206;2018;3;19;2;3;5;3;2;0;1;0;0;0;0;1;797761,934;5827442,915;13,38905941;52,51558214
198304;11;5;5200527;2018;3;20;1;3;3;6;2;0;1;0;0;0;0;0;782366,5868;5827205,181;13,1625962;52,52163978
198305;11;5;5200631;2018;3;19;2;3;6;2;2;0;1;1;0;0;0;1;784766,4202;5827278,423;13,19793405;52,52104842
198306;11;6;6100210;2018;3;11;2;3;1;5;0;0;1;0;0;0;0;1;794892,4373;5820927,125;13,34112998;52,45873135
198307;11;6;6300634;2018;3;19;1;3;5;2;2;0;1;0;0;0;0;0;792937,3532;5817765,427;13,30966569;52,43143878
198308;11;1;1200517;2018;3;4;2;3;4;6;2;0;1;0;0;0;0;0;794925,2969;5829537,953;13,34923654;52,53590391
198309;11;2;2400625;2018;3;16;1;3;6;2;0;0;1;1;0;0;0;0;801763,3023;5826246,416;13,44676377;52,50265871
198310;11;2;2500832;2018;3;5;2;3;5;2;2;0;0;0;1;1;0;0;803337,52;5826737,541;13,47033225;52,50618775
198311;11;7;7100102;2018;3;19;3;3;6;4;2;1;0;1;0;0;0;1;795235,6317;5825157,242;13,34991147;52,49646621
198312;11;11;11300722;2018;3;8;2;3;2;6;0;0;1;0;0;0;0;0;804271,97;5827855,195;13,48507937;52,51568455
198313;11;5;5100315;2018;3;8;2;3;2;6;0;0;1;0;0;0;0;1;784643,2924;5829715,016;13,19821082;52,54295923
198314;11;3;3601346;2018;3;16;1;3;6;7;0;0;1;1;0;0;0;0;799247,9842;5830509,099;13,41365338;52,54225251
198315;11;1;1100415;2018;3;9;2;3;0;1;0;1;0;0;0;0;0;0;798294,836;5829369,21;13,39861713;52,5325576
198316;11;7;7501134;2018;3;11;2;2;5;3;0;0;1;0;0;0;0;1;799225,7212;5817537,489;13,40168231;52,42599233
198317;11;2;2200210;2018;3;15;1;3;5;3;0;1;0;0;0;0;1;0;798426,7425;5824786,302;13,39644647;52,49140572
198318;11;1;1300733;2018;3;13;4;3;5;3;0;0;1;0;0;0;0;1;797714,6958;5831739,238;13,39221387;52,55411903
198319;11;2;2200209;2018;3;11;2;3;5;7;0;0;1;0;0;0;0;1;797752,4887;5824596,905;13,38637573;52,49007619
198320;11;3;3501038;2018;3;15;1;3;5;2;0;0;1;0;0;0;1;0;803004,8531;5832012,168;13,47025321;52,55364804
198321;11;9;9301025;2018;3;19;2;1;6;4;2;0;1;1;0;0;0;1;811175,4393;5815349,044;13,57483454;52,39971589
198322;11;6;6200420;2018;3;11;7;2;5;3;0;1;0;0;0;0;1;0;792707,3089;5816145,404;13,30487412;52,41703855
198323;11;6;6400736;2018;3;14;1;3;6;4;0;1;0;1;0;0;0;0;786159,4103;5816017,666;13,20874959;52,41935615
198324;11;1;1300836;2018;3;6;2;3;1;1;1;0;1;0;0;0;0;2;797031,6988;5831116,136;13,38161219;52,54890657
198325;11;3;3100103;2018;3;6;1;2;0;1;0;1;0;0;0;0;0;0;804356,1135;5840275,213;13,49771331;52,62695131
198326;11;12;12400721;2018;3;2;1;3;3;6;2;1;1;0;0;0;0;0;791105,1306;5841256,614;13,30337212;52,64301272
198327;11;11;11100309;2018;3;20;7;3;2;6;2;0;1;0;0;0;1;0;805484,123;5833368,7;13,5079561;52,56442082
198328;11;12;12500927;2018;3;16;1;3;1;6;0;1;1;0;0;0;1;0;791908,8997;5835710,602;13,31032248;52,59286373
198329;11;9;9100407;2018;3;19;7;3;2;6;2;0;1;0;0;0;1;0;805543,0371;5821558,585;13,49798051;52,45854087
198330;11;4;4500936;2018;3;18;1;3;5;2;2;1;1;0;0;0;0;0;792298,2332;5825390,385;13,30697085;52,50013742
198331;11;10;10400941;2018;3;0;7;3;1;5;2;0;1;0;0;0;0;0;813484,3067;5826250,623;13,61888929;52,49608961
198332;11;9;9200819;2018;3;16;3;3;5;2;0;1;1;0;0;0;0;1;810530,3871;5820024,379;13,56972276;52,4419811
198333;11;1;1401046;2018;3;17;1;3;5;3;1;1;1;0;0;0;0;0;795135,3491;5829976,66;13,3527141;52,53972286
198334;11;8;8401246;2018;3;9;7;3;5;3;0;0;1;0;0;0;1;0;805799,5417;5816835,95;13,49742366;52,41607054
198335;11;7;7601545;2018;3;4;7;3;1;7;2;0;1;0;0;0;0;0;800625,0449;5813896,263;13,41893102;52,39258697
198336;11;1;1401049;2018;3;17;1;3;2;6;0;0;1;0;0;0;0;0;796337,8678;5831942,662;13,37214742;52,55669338
198337;11;2;2300314;2018;2;8;4;3;1;6;0;1;0;0;0;0;1;0;800045,3822;5825927,911;13,42124376;52,50075117
198338;11;5;5100209;2018;3;15;1;3;5;3;0;1;1;0;0;0;0;0;783469,0188;5830261,927;13,18140846;52,54847515
198339;11;4;4500936;2018;3;11;7;2;1;5;0;1;1;0;0;0;0;0;792078,2138;5825546,806;13,30387603;52,50165752
198340;11;1;1100206;2018;3;13;1;3;0;2;0;1;0;0;0;0;1;0;797200,5195;5827492,554;13,38085472;52,51633331
198341;11;1;1400938;2018;3;12;7;3;2;6;0;0;1;0;0;0;0;0;794010,9818;5830167,227;13,33635208;52,54203898
198342;11;5;5100317;2018;3;15;7;3;2;6;0;0;1;0;0;0;0;0;787054,1162;5828144,241;13,23230632;52,52761149
198343;11;4;4200207;2018;3;11;1;2;1;5;0;1;1;0;0;0;0;0;786619,6231;5825109,082;13,22330468;52,50062771
198344;11;2;2500832;2018;3;16;7;3;2;2;0;1;1;0;0;0;0;0;803507,2382;5827093,606;13,47314977;52,5092847
198345;11;3;3500934;2018;3;10;1;3;5;2;0;0;1;0;0;0;0;0;801057,3884;5832027,706;13,44163036;52,55486724
198346;11;7;7100103;2018;3;17;7;3;6;7;0;0;1;1;0;0;0;0;795598,3781;5825466,55;13,3555138;52,49904257
198347;11;1;1300733;2018;3;15;3;3;9;1;0;0;1;0;0;0;0;0;797052,0305;5831616,017;13,38235837;52,55337633
198348;11;6;6200422;2018;3;10;1;3;5;3;0;1;1;0;0;0;0;0;795107,9553;5816208,515;13,3401268;52,41631523