OBJECTID;LAND;BEZ;LOR_ab_2021;UJAHR;UMONAT;USTUNDE;UWOCHENTAG;UKATEGORIE;UART;UTYP1;ULICHTVERH;IstRad;IstPKW;IstFuss;IstKrad;IstGkfz;IstSonstig;USTRZUSTAND;LINREFX;LINREFY;XGCSWGS84;YGCSWGS84
198559;11;1;1100309;2018;3;15;2;3;3;6;0;1;1;0;0;0;0;0;798239,3188;5829016,867;13,397485;52,5294297
198560;11;2;2200210;2018;3;16;2;3;2;6;0;0;1;0;1;0;0;0;798474,1195;5825220,336;13,39753103;52,49527037
198561;11;3;3701555;2018;3;18;1;3;5;5;1;0;1;0;1;0;0;0;799819,1517;5829818,583;13,42142731;52,53574919
198562;11;6;6400841;2018;3;15;2;3;5;2;0;1;0;0;0;0;1;0;789692,4871;5818445,269;13,26266091;52,43926189
198563;11;9;9200818;2018;3;17;1;3;2;6;0;0;1;0;0;0;0;0;809787,1565;5820524,15;13,55928646;52,44688147
198564;11;9;9501939;2018;3;15;2;3;2;6;0;0;1;0;0;0;0;0;810655,7632;5821077,542;13,57254065;52,45134797
198565;11;1;1401049;2018;3;17;1;3;2;6;0;0;1;0;0;0;0;0;795915,1225;5831967,769;13,36595235;52,5571483
198566;11;8;8100312;2018;3;15;2;3;5;2;0;0;1;0;0;0;0;0;801152,0357;5824100,759;13,43584612;52,48376438
198567;11;2;2500832;2018;3;14;1;3;6;2;0;0;1;1;0;0;0;0;803211,6414;5826810,421;13,46854967;52,50691094
198568;11;3;3701658;2018;3;15;1;3;1;5;0;1;1;0;0;0;0;0;800260,0974;5829816,176;13,42790666;52,53548487
198569;11;4;4500939;2018;3;9;2;3;5;3;0;1;1;0;0;0;0;0;792029,9289;5824073,344;13,30187502;52,48847402
198570;11;10;10100311;2018;3;12;1;3;5;2;0;0;1;0;0;0;0;0;806306,9025;5830188,751;13,51712348;52,53545939
198571;11;4;4400726;2018;3;12;1;3;5;7;0;0;1;0;0;0;0;0;790690,4982;5824207,662;13,28232113;52,49039306
198572;11;3;3500935;2018;3;16;2;3;6;7;0;0;1;1;0;0;0;0;801633,6029;5831291,149;13,44943455;52,54794667
198573;11;5;5100314;2018;3;11;1;3;2;7;0;0;1;0;0;0;0;0;785191,6682;5829502,343;13,20609258;52,54076565
198574;11;4;4501148;2018;3;12;1;2;5;7;0;0;1;0;1;0;0;0;793344,5504;5823122,262;13,320344;52,47924309
198575;11;2;2500833;2018;3;8;2;3;2;6;0;0;1;0;0;0;1;0;802845,5092;5827211,166;13,46353623;52,51070612
198576;11;12;12500930;2018;3;17;1;2;5;3;0;0;1;0;0;0;0;0;793602,6575;5835194,658;13,33479758;52,58732696
198577;11;7;7601341;2018;3;8;2;3;2;6;0;0;1;0;0;0;0;0;796987,0817;5815667,896;13,36719641;52,41045266
198578;11;1;1100416;2018;3;15;1;3;0;1;0;1;0;0;0;0;0;0;798605,1409;5829318,112;13,40313227;52,53192967
198579;11;1;1300836;2018;3;15;2;3;6;4;0;0;1;1;0;0;0;0;796039,109;5830339,043;13,36632384;52,54248103
198580;11;1;1100309;2018;3;23;1;3;6;4;2;0;1;1;0;0;0;0;798419,8907;5828954,267;13,40008278;52,52876976
198581;11;11;11300721;2018;3;20;1;3;2;6;2;0;1;0;1;0;0;0;806103,6221;5830140,002;13,51409091;52,5351367
198582;11;2;2500832;2018;3;7;2;3;5;3;0;1;1;0;0;0;0;0;803179,3066;5826845,942;13,46810706;52,50724727
198583;11;1;1200517;2018;3;20;1;3;8;1;2;0;1;0;0;0;0;0;793446,5887;5828205,392;13,32632164;52,52475638
198584;11;5;5100211;2018;3;14;2;3;5;3;0;0;1;0;0;0;0;0;782657,172;5829427,935;13,16875779;52,54141919
198585;11;1;1200517;2018;3;14;2;3;2;6;0;0;1;0;0;0;0;0;794388,298;5829409,668;13,34122856;52,53504426
198586;11;1;1300834;2018;3;19;1;3;6;2;2;0;1;1;0;0;0;0;798090,0861;5829998,821;13,3961723;52,53831324
198587;11;3;3601346;2018;3;13;1;3;5;2;0;1;1;0;0;0;0;0;799357,5596;5830719,511;13,41545392;52,54407833
198588;11;4;4400830;2018;3;14;2;3;5;2;0;1;1;0;0;0;0;0;792229,429;5823140,683;13,3039872;52,4800061
198589;11;7;7100204;2018;3;14;2;3;1;5;0;0;1;0;1;0;0;0;795500,5654;5824474,719;13,35319732;52,49020454
198590;11;11;11200411;2018;3;10;1;2;8;1;0;0;1;0;0;0;0;0;805599,1312;5831289,789;13,50773379;52,54572454
198591;11;7;7601341;2018;3;14;2;3;2;6;0;0;1;0;0;0;0;0;797281,3617;5815558,056;13,37141261;52,40930832
198592;11;5;5100316;2018;3;10;1;3;1;5;0;0;1;0;0;0;0;0;784947,7173;5829119,022;13,2021765;52,53745645
198593;11;5;5100211;2018;3;16;2;3;6;4;0;1;0;1;0;0;0;0;783182,7908;5830306,068;13,1772362;52,5490198
198594;11;7;7400721;2018;3;8;1;3;6;7;0;0;0;1;0;0;1;0;798238,8759;5823960,258;13,39294844;52,48410392
198595;11;1;1300733;2018;3;13;2;3;5;3;0;0;1;0;0;0;0;0;797325,3283;5831644,137;13,38640263;52,55347926
198596;11;3;3601142;2018;3;11;2;3;2;2;0;0;1;0;0;0;0;0;799183,0505;5831223,966;13,41334266;52,54869583
198597;11;5;5100317;2018;3;8;1;2;5;3;0;0;1;0;0;0;1;0;787367,3173;5828329,624;13,23707066;52,52910853
198598;11;7;7601237;2018;3;15;2;3;5;3;0;0;1;0;0;0;0;0;797299,158;5816718,653;13,37270434;52,4197024
198599;11;4;4300517;2018;3;16;2;3;6;7;0;0;1;1;0;0;0;0;791723,0339;5827928,355;13,30074606;52,52319775
198600;11;9;9501838;2018;3;7;1;2;9;1;0;0;1;0;0;0;0;0;821089,2639;5819466,223;13,72400564;52,43088354
198601;11;1;1300836;2018;3;17;2;2;5;2;0;1;1;0;0;0;0;0;796907,2404;5830719,383;13,3794274;52,54541799
198602;11;9;9401329;2018;3;17;2;3;2;7;1;0;1;0;0;0;0;0;814394,8611;5818352,973;13,62482032;52,42479578
198603;11;1;1100310;2018;3;3;1;3;5;3;2;0;1;0;0;0;0;0;799243,994;5828468,693;13,41175779;52,52396558
198604;11;7;7501029;2018;3;9;2;3;2;6;0;0;1;0;0;0;1;0;797701,8732;5819246,233;13,38085899;52,44214077
198605;11;5;5100316;2018;3;20;7;3;2;2;2;0;1;0;0;0;0;0;784773,6795;5828811,84;13,19935419;52,53479324
198606;11;11;11100309;2018;3;18;2;3;6;4;1;0;1;1;0;0;0;0;805340,6657;5833268,113;13,50575368;52,5635998
198607;11;10;10200420;2018;3;20;7;3;2;6;2;0;1;0;0;0;0;0;811833,4322;5830478,129;13,59861223;52,5349189
198608;11;6;6100101;2018;3;20;2;3;5;2;2;1;1;0;0;0;0;0;793313,5345;5820741,663;13,31779578;52,45791843
198609;11;5;5200629;2018;3;13;2;3;0;6;0;0;1;0;0;0;1;0;784730,359;5828642,709;13,19857234;52,53329945
198610;11;11;11200512;2018;3;20;7;2;0;1;2;1;0;0;0;0;0;0;804664,0384;5831484,542;13,49416555;52,5479937
198611;11;4;4300619;2018;3;20;2;3;5;2;2;0;1;0;0;0;0;0;792764,8593;5827047,051;13,31528236;52,51473876
198612;11;8;8200832;2018;3;18;2;3;2;6;1;0;1;0;0;0;0;0;801521,762;5817584,911;13,43539092;52,42515699
198613;11;9;9300920;2018;3;19;7;2;9;1;2;0;0;0;1;0;0;0;807283,263;5817773,428;13,52003225;52,42364163
198614;11;3;3601245;2018;3;18;7;3;5;2;1;0;1;0;1;0;0;0;801277,8102;5831038,741;13,44397441;52,5458812
198615;11;5;5100104;2018;3;5;2;3;5;3;0;0;1;0;0;0;0;0;785500,5808;5831794,466;13,21260611;52,56115463
198616;11;8;8100105;2018;3;17;7;3;3;6;0;0;1;0;0;0;0;0;801074,0563;5821961,12;13,43276992;52,46462915
198617;11;1;1300835;2018;3;5;2;3;0;2;2;0;1;0;0;0;1;0;796971,5411;5830138,633;13,37985367;52,54017719
198618;11;2;2400624;2018;3;16;7;3;5;2;0;1;1;0;0;0;0;0;801749,6141;5827411,871;13,44761915;52,51311235
198619;11;4;4500939;2018;3;12;1;3;5;2;0;0;1;0;0;0;0;0;792204,9294;5824068,755;13,30444102;52,48833923
198620;11;3;3601346;2018;3;16;7;2;5;7;0;0;0;0;1;0;1;0;799223,3981;5830466,277;13,41325335;52,54188218
198621;11;4;4501041;2018;3;17;1;3;0;6;1;0;1;0;1;0;0;0;793426,7619;5825687,384;13,32380991;52,50219425
198622;11;8;8401241;2018;3;15;1;3;5;3;0;0;1;0;0;0;1;0;804755,8678;5818461,191;13,48360587;52,43121928
198623;11;3;3200205;2018;3;14;7;3;2;2;0;0;1;0;1;0;0;0;797875,1566;5836022,057;13,39842077;52,59242078
198624;11;1;1100309;2018;3;20;1;3;1;5;2;1;1;0;0;0;1;0;798663,5962;5828360,262;13,40313109;52,52331188
198625;11;1;1100206;2018;3;13;7;2;6;4;0;1;0;1;0;0;0;0;797672,4638;5827988,177;13,38823269;52,52051859
198626;11;5;5100104;2018;3;16;1;3;2;4;0;0;1;1;0;0;0;0;785196,8819;5831560,43;13,20793699;52,55921546
198627;11;8;8200831;2018;3;12;7;3;6;7;0;0;1;1;0;0;0;0;799847,7492;5816527,296;13,40989778;52,41659678
198628;11;6;6300631;2018;3;11;7;3;6;4;0;0;1;1;0;0;0;0;792207,2885;5816633,524;13,29796902;52,42168174
198629;11;1;1300732;2018;3;8;1;3;6;2;0;0;1;1;0;0;0;0;797713,3393;5832891,935;13,39322795;52,56445216
198630;11;11;11200514;2018;3;10;7;3;1;7;0;0;1;0;0;0;0;0;804613,9061;5830174,759;13,49222758;52,53628284
198631;11;9;9200819;2018;3;10;7;3;2;6;0;0;1;0;0;0;0;0;810384,3219;5819645,74;13,56722907;52,43867077
198632;11;8;8401244;2018;3;9;1;3;2;6;0;0;1;0;0;0;1;0;805278,1764;5815046,617;13,48815014;52,40032425
198633;11;4;4300620;2018;3;5;1;2;8;1;2;0;1;0;1;0;0;0;793201,2081;5827785,941;13,32234537;52,5211282
198634;11;8;8100314;2018;3;9;7;3;5;3;0;0;1;0;0;0;1;0;800672,8169;5824166,325;13,42886949;52,48461617
198635;11;5;5100210;2018;3;12;1;3;2;6;0;0;1;0;0;0;0;0;783921,4568;5830122,805;13,18794399;52,54699214
198636;11;7;7300516;2018;3;0;7;3;5;2;2;0;1;0;0;0;1;0;793993,1634;5821579,048;13,32850702;52,46506007
198637;11;9;9100407;2018;3;3;7;2;8;1;2;0;1;0;0;0;0;0;805576,4622;5821463,999;13,49838435;52,45767444
198638;11;7;7601339;2018;3;6;1;3;1;1;0;0;1;0;0;0;0;0;795791,7587;5815938,136;13,34991306;52,41352234
198639;11;5;5100315;2018;3;18;6;3;5;3;2;0;1;0;0;0;0;0;784426,4517;5829931,933;13,1952077;52,54501734
198640;11;1;1400937;2018;3;13;1;2;9;1;0;0;1;0;0;0;0;0;793701,2903;5832239,396;13,33363165;52,56078175
198641;11;2;2200211;2018;3;17;6;3;3;6;0;1;1;0;0;0;0;0;798163,6372;5824758,766;13,39255812;52,49130266
198642;11;11;11400931;2018;3;9;6;3;6;7;0;0;0;1;0;0;1;0;806441,93;5826869,472;13,51605024;52,50563544
198643;11;8;8100102;2018;3;21;7;3;6;4;2;0;1;1;0;0;0;0;800561,0096;5823297,918;13,42644509;52,47689386
198644;11;3;3601142;2018;3;5;6;3;5;3;1;0;1;0;0;0;0;1;798941,2492;5831055,956;13,40963603;52,54732262
198645;11;4;4200309;2018;3;23;6;2;1;7;2;0;1;0;0;0;0;0;788972,1891;5826985,405;13,25949475;52,51620883
198646;11;1;1100103;2018;3;2;7;3;7;7;2;0;0;0;1;0;0;0;795681,3844;5825727,988;13,35696514;52,50134118
198647;11;1;1200628;2018;3;3;7;2;8;1;2;0;1;0;0;0;0;0;796288,5294;5828329,905;13,36819999;52,52433556
198648;11;2;2200210;2018;3;9;6;3;5;3;0;1;1;0;0;0;0;0;798622,1359;5825119,703;13,39961462;52,49428737
198649;11;2;2400623;2018;3;9;7;3;0;4;0;0;0;1;0;0;1;0;801062,5684;5827097,427;13,43724107;52,51067357
198650;11;1;1300836;2018;3;16;6;3;5;2;0;0;1;0;0;0;0;0;796291,1551;5830599,599;13,37026196;52,54467965
198651;11;9;9501737;2018;3;11;7;3;2;6;0;0;1;0;0;0;0;0;814243,9569;5820801,826;13,62491012;52,44682665
198652;11;1;1200624;2018;3;14;6;3;2;6;0;0;1;0;0;0;0;1;795499,0072;5829595,249;13,35772138;52,53610676
198653;11;1;1300836;2018;3;12;7;3;2;6;0;0;1;0;0;0;0;0;796936,8631;5830172,637;13,37937423;52,54050089
198654;11;9;9100304;2018;3;0;7;2;1;1;2;0;1;0;0;0;0;1;804182,9858;5821825,88;13,47826895;52,46169522
198655;11;10;10400938;2018;3;14;6;3;2;6;0;0;1;0;0;0;0;0;813045,6366;5828584,831;13,61464348;52,51725827
198656;11;9;9200717;2018;3;0;7;3;5;3;2;0;1;0;0;0;0;2;809363,4505;5819667,143;13,55227858;52,43944096
198657;11;12;12601134;2018;3;15;7;3;5;3;0;1;1;0;0;0;0;0;794115,5351;5836504,53;13,34350932;52,59879188
198658;11;1;1100416;2018;3;13;6;3;1;5;0;0;1;0;0;0;0;1;798539,2294;5829477,982;13,40230707;52,53339879
198659;11;2;2100105;2018;3;15;7;3;5;3;0;0;1;0;0;0;0;0;799147,7807;5825786,398;13,40793285;52,49997551
198660;11;3;3300413;2018;3;17;6;3;5;2;0;0;1;0;0;0;1;0;802957,6028;5837664,196;13,47472379;52,60433162
198661;11;6;6200422;2018;3;15;7;3;1;5;0;0;1;0;0;0;0;0;794156,6759;5816946,511;13,32682858;52,42344319
198662;11;12;12500926;2018;3;16;7;3;0;2;0;0;0;0;0;0;1;0;793522,9935;5836114,565;13,33444023;52,59561629
198663;11;11;11400928;2018;3;17;6;3;5;2;0;1;1;0;0;0;0;0;804467,7231;5826384,264;13,48660981;52,50239195
198664;11;7;7501030;2018;3;17;6;3;2;2;1;0;1;0;0;0;0;2;797970,889;5819922;13,3854078;52,44805178
198665;11;4;4501044;2018;3;17;6;3;2;6;0;0;1;0;0;0;0;0;793444,0848;5824710,5;13,32320373;52,49342757
198666;11;3;3400723;2018;3;13;6;3;6;4;0;0;1;1;0;0;0;0;798911,9187;5833273,116;13,41120145;52,56721214
198667;11;7;7300516;2018;3;17;6;3;2;6;1;0;1;0;0;0;0;0;793792,2432;5822050,337;13,32597296;52,46939307
198668;11;10;10100210;2018;3;14;6;3;5;3;0;1;0;0;0;0;1;0;808779,4769;5831663,415;13,55483247;52,54727979
198669;11;2;2300417;2018;3;21;6;2;6;4;2;0;0;1;0;0;1;2;800697,0304;5825393,8;13,43033261;52,49560509
198670;11;1;1100309;2018;3;19;6;3;3;6;2;1;1;0;0;0;0;0;798735,2177;5829076,887;13,40482741;52,52969616
198671;11;8;8100520;2018;3;19;6;3;2;6;2;0;1;0;0;0;0;2;802728,8526;5822971,252;13,45797043;52,4727687
198672;11;2;2200212;2018;3;21;6;3;2;6;2;0;1;0;0;0;0;0;799691,9997;5824489,112;13,41475908;52,4880487
198673;11;6;6200420;2018;3;18;6;3;1;1;2;0;1;0;1;0;0;2;792581,1095;5816411,398;13,30325635;52,41949065
198674;11;4;4200311;2018;3;5;6;3;5;2;2;0;1;0;0;0;0;1;790381,5625;5825664,345;13,27905375;52,50361683
198675;11;6;6400735;2018;3;13;6;3;8;1;0;0;1;0;0;0;0;1;783945,0426;5816056,124;13,17630823;52,42085441
198676;11;1;1300834;2018;3;7;6;3;2;6;0;0;1;0;0;0;1;1;798099,3628;5830003,786;13,39631313;52,53835267
198677;11;9;9200715;2018;3;8;6;2;2;6;0;1;1;0;0;0;0;1;808009,4674;5818574,025;13,53141548;52,43040846
198678;11;7;7100102;2018;3;10;6;3;6;2;0;0;1;1;0;0;0;0;795501,0553;5825488,256;13,35410355;52,49928985
198679;11;8;8100312;2018;3;8;6;3;2;6;0;0;1;0;0;0;0;1;801420,2001;5823923,503;13,43962293;52,48202763
198680;11;3;3701554;2018;3;8;6;3;6;7;0;1;0;1;0;0;0;1;799193,8332;5829455,45;13,41190861;52,53283789
198681;11;7;7400823;2018;3;15;6;3;2;6;0;0;1;0;0;0;0;1;797336,4448;5821828,333;13,37779761;52,46548559
198682;11;11;11400929;2018;3;15;6;3;3;6;0;1;1;0;0;0;0;1;805158,336;5827125,278;13,49743178;52,50864751
198683;11;5;5200527;2018;3;10;6;3;5;2;0;0;1;0;0;0;0;1;782362,4913;5827218,219;13,16254707;52,5217588
198684;11;6;6200317;2018;3;16;6;3;1;5;0;0;1;0;0;0;0;1;795936,054;5816522,26;13,35254493;52,41868065
198685;11;1;1100312;2018;3;11;6;3;5;2;0;1;0;0;1;0;0;1;799459,4993;5826567,636;13,41321382;52,50680718
198686;11;2;2200212;2018;3;16;6;3;6;2;0;0;1;1;0;0;0;1;799209,1808;5824544,513;13,4077193;52,48881011
198687;11;8;8100314;2018;3;13;6;3;6;4;0;1;0;1;0;0;0;1;801042,3665;5823862,355;13,43402072;52,48168797
198688;11;4;4300416;2018;3;13;6;2;3;6;0;1;0;0;0;1;0;0;791731,0612;5826074,153;13,29923834;52,50657083
198689;11;9;9501838;2018;3;17;6;3;2;7;1;0;1;0;0;1;0;1;820701,7742;5819508,696;13,71836645;52,43149136
198690;11;9;9401635;2018;3;13;6;3;4;6;0;1;0;0;1;0;0;0;817280,3916;5816912,015;13,66574901;52,41021875
198691;11;1;1200628;2018;3;20;6;1;9;1;2;0;0;0;1;0;0;0;796402,0493;5828207,371;13,36975912;52,52317547
198692;11;8;8401242;2018;3;18;6;3;2;2;2;0;1;0;0;0;0;1;804426,527;5816857,325;13,47731712;52,41702745
198693;11;4;4400831;2018;3;15;5;3;2;6;0;0;1;0;0;0;0;1;791272,5179;5822049,421;13,28898361;52,47073416
198694;11;6;6100209;2018;3;12;3;3;1;3;0;1;1;0;0;0;0;0;794500,1907;5820874,161;13,33532694;52,45846807
198695;11;1;1100205;2018;3;8;5;3;6;7;0;0;1;1;0;0;0;0;797131,6786;5827316,458;13,37968595;52,51479231
198696;11;7;7400927;2018;3;20;5;3;6;2;2;0;1;1;0;0;0;0;798439,8223;5821061,825;13,39330595;52,45801321
198697;11;2;2300315;2018;3;19;5;3;0;7;2;0;0;1;0;0;1;0;800681,7719;5826151,295;13,43079238;52,50240315
198698;11;9;9501941;2018;3;18;5;3;2;6;2;0;1;0;0;0;1;1;812086,0318;5821038,359;13,59348286;52,45018224
198699;11;9;9502043;2018;3;18;5;3;5;2;1;0;1;0;0;0;0;0;810956,3442;5822200,399;13,57799523;52,46123963
198700;11;2;2300314;2018;3;18;5;3;0;6;2;0;1;0;1;0;0;1;800025,435;5825734,499;13,42077654;52,49902851
198701;11;11;11501238;2018;3;13;3;3;2;6;0;0;1;0;0;0;1;0;805609,6061;5824290,582;13,50145981;52,48298915
198702;11;8;8100101;2018;3;14;5;3;6;7;0;0;1;1;0;0;0;0;800277,1142;5824290,238;13,42317135;52,4859446
198703;11;8;8200831;2018;3;18;5;3;5;3;2;0;1;0;0;0;0;1;799907,8711;5816245,15;13,41052634;52,41403478
198704;11;5;5200524;2018;3;18;5;3;5;3;2;0;1;0;0;0;0;0;780019,579;5827865,49;13,12865113;52,52877106
198705;11;11;11200411;2018;3;12;3;3;5;7;0;0;1;0;0;0;0;0;805724,2369;5831819,057;13,51006016;52,55039778
198706;11;1;1300836;2018;3;19;5;2;5;3;2;0;1;0;0;0;0;0;796578,0713;5830509,35;13,37439996;52,54371456
198707;11;4;4100101;2018;3;17;5;3;5;3;0;1;1;0;0;0;0;1;789943,1521;5829512,94;13,27596777;52,53835314
198708;11;2;2100106;2018;3;17;5;3;6;2;1;0;1;1;0;0;0;1;799075,5281;5825620,165;13,40672236;52,49852507
198709;11;11;11300617;2018;3;18;5;3;5;2;1;0;1;0;0;0;0;0;803069,7499;5829534,261;13,46894694;52,53140306
198710;11;3;3400725;2018;3;20;5;3;2;2;2;0;1;0;0;0;0;0;799735,9316;5835469,071;13,42530778;52,586442
198711;11;8;8401244;2018;3;16;5;3;2;6;0;0;1;0;0;0;0;1;805450,1715;5816553,124;13,4920445;52,41373073
198712;11;1;1401047;2018;3;12;3;3;6;2;0;0;1;1;0;0;0;0;795408,3709;5830269,482;13,3569884;52,54219981
198713;11;2;2500726;2018;3;8;5;3;5;2;0;1;0;0;0;0;1;0;801893,5331;5828456,01;13,45068095;52,52239138
198714;11;1;1401043;2018;3;15;5;3;1;5;0;0;1;0;0;0;0;1;795731,7793;5830848,545;13,3622589;52,54721513
198715;11;3;3500934;2018;3;12;3;2;5;2;0;1;0;0;0;0;1;0;800225,871;5832094,504;13,42946294;52,55592497
198716;11;3;3601141;2018;3;10;5;3;2;6;0;0;1;0;0;0;0;0;799192,8829;5831774,949;13,41398371;52,55362913
198717;11;12;12100103;2018;3;15;5;3;5;3;0;1;1;0;0;0;0;1;796310,1657;5833949,302;13,37353228;52,57469577
198718;11;2;2100104;2018;3;10;5;3;5;2;0;1;1;0;0;0;0;0;799491,7645;5826136,071;13,41329959;52,50292114
198719;11;10;10100208;2018;3;14;5;3;1;7;0;0;1;0;0;0;0;1;809004,0545;5831921,086;13,55837358;52,54946162
198720;11;6;6100206;2018;3;11;3;3;5;2;0;0;1;0;0;0;0;0;794730,0442;5820061,07;13,33798241;52,45105522
198721;11;12;12200309;2018;3;7;5;2;6;4;0;0;1;1;0;0;0;0;793318,3219;5832718,871;13,32842227;52,5652864
198722;11;11;11501341;2018;3;7;5;3;2;6;0;0;1;0;0;0;0;0;807219,0883;5823914,427;13,52473991;52,47871488
198723;11;1;1100312;2018;3;14;5;3;5;2;0;1;1;0;0;0;0;1;799306,2982;5827222,402;13,41155212;52,51276026
198724;11;9;9501737;2018;3;10;5;2;6;7;0;0;1;1;0;0;0;0;813742,1759;5821735,524;13,6184282;52,4554817
198725;11;11;11200513;2018;3;11;5;3;5;3;0;1;1;0;0;0;0;0;804043,5819;5830515,931;13,48415703;52,53965908
198726;11;8;8100418;2018;3;12;5;3;5;3;0;0;1;0;0;0;0;1;801929,0936;5823784,179;13,44696776;52,48049772
198727;11;5;5100316;2018;3;18;2;3;0;4;1;0;0;1;1;0;0;0;784209,8655;5828955,873;13,19118741;52,53637896
198728;11;10;10400938;2018;3;11;5;3;5;3;0;0;1;0;0;0;0;0;814987,3095;5829184,012;13,64373139;52,52150943
198729;11;1;1100101;2018;3;19;5;3;6;2;2;0;1;1;0;0;0;1;795322,6539;5826275,51;13,35218134;52,50644357
198730;11;7;7300618;2018;3;12;5;3;1;5;0;1;0;0;0;0;1;1;795000,231;5822853,17;13,34441469;52,47593901
198731;11;1;1300733;2018;3;20;5;2;5;2;2;1;0;0;0;0;1;1;797448,9298;5831267,603;13,38788297;52,55003662
198732;11;1;1300834;2018;3;23;2;2;6;4;2;0;1;1;0;0;0;0;797792,267;5830503,347;13,39224637;52,54299849
198733;11;1;1401048;2018;3;12;5;3;1;7;0;0;1;1;0;0;0;0;795068,5397;5831195,648;13,35281478;52,55068626
198734;11;4;4500939;2018;3;13;5;3;2;6;0;0;1;0;0;0;0;0;792089,2651;5824074,854;13,30274775;52,48845581
198735;11;1;1200522;2018;3;14;5;3;6;4;0;0;1;1;0;0;0;0;793785,5173;5828141,932;13,33124694;52,52400497
198736;11;1;1100308;2018;3;12;5;3;2;6;0;0;1;0;0;0;0;1;797002,835;5828944,464;13,37924659;52,52945577
198737;11;12;12601031;2018;3;13;5;3;3;6;0;0;1;0;0;0;1;0;793427,4049;5836674,323;13,33352911;52,60068572
198738;11;2;2100102;2018;3;12;5;3;6;4;0;0;1;1;0;0;0;1;797909,7727;5826461,577;13,39035322;52,50670492
198739;11;6;6300634;2018;3;14;2;3;5;2;0;1;1;0;0;0;0;0;792099,5657;5818837,235;13,29831453;52,44149551
198740;11;4;4100101;2018;3;15;5;3;2;6;0;0;1;0;0;0;0;0;790386,697;5829031,703;13,28206864;52,53380266
198741;11;10;10100313;2018;3;16;5;2;5;3;0;0;0;0;1;0;1;0;808509,9483;5831175,864;13,55041744;52,54306317
198742;11;4;4501041;2018;3;12;5;3;1;5;0;1;1;0;0;0;0;1;792959,9086;5825644,126;13,31691373;52,50205731
198743;11;1;1200625;2018;3;16;5;3;0;7;1;0;0;0;1;0;1;0;795340,8505;5828522,269;13,35444307;52,52657412
198744;11;8;8100206;2018;3;18;4;3;3;6;1;1;1;0;0;0;0;0;800529,6346;5823753,761;13,42639536;52,48099703
198745;11;10;10100311;2018;3;11;5;3;6;4;0;0;0;1;0;0;1;1;806530,5487;5829115,921;13,51942127;52,52571879
198746;11;9;9100305;2018;3;7;5;2;5;3;0;1;1;0;0;0;0;1;804973,875;5822616,78;13,49059661;52,46834297
198747;11;7;7100101;2018;3;11;2;3;6;7;0;0;1;1;0;0;0;0;794699,6791;5825900,729;13,34269748;52,50342076
198748;11;7;7400823;2018;3;14;4;2;5;7;0;1;1;0;0;0;0;0;796909,1405;5822294,022;13,37194054;52,46989242
198749;11;12;12200412;2018;3;7;5;3;5;2;0;0;1;0;0;0;0;1;791112,9146;5834239,284;13,29731228;52,58010036
198750;11;11;11501339;2018;3;10;4;3;5;3;0;1;1;0;0;0;0;0;807271,6828;5825406,111;13,52688693;52,49205398
198751;11;10;10300734;2018;3;8;5;3;6;4;0;0;1;1;0;0;0;1;809416,574;5825360,462;13,55833594;52,49043339
198752;11;4;4500937;2018;3;7;4;3;5;3;0;1;1;0;0;0;0;1;791588,4328;5825315,99;13,2964789;52,49985022
198753;11;6;6300526;2018;3;8;5;3;2;7;0;0;1;0;0;0;1;1;789269,424;5818018,792;13,25608536;52,43566226
198754;11;2;2200211;2018;3;8;5;3;5;2;0;1;1;0;0;0;0;1;798508,08;5824511,188;13,39739446;52,4888952
198755;11;12;12400619;2018;3;6;4;3;2;6;0;0;1;0;0;0;0;1;786428,4955;5837342,785;13,23105337;52,61041111
198756;11;1;1100205;2018;3;10;5;2;6;4;0;0;1;1;0;0;0;1;797230,5335;5826903,207;13,38076933;52,51103412
198757;11;1;1100310;2018;3;8;4;3;2;6;0;0;1;0;0;1;0;1;799452,0549;5828827,691;13,41513862;52,52706921
198758;11;1;1100101;2018;3;10;5;3;5;2;0;1;1;0;0;0;0;1;795258,056;5826615,301;13,35153373;52,5095245
198759;11;4;4100101;2018;3;11;5;2;5;2;0;0;1;0;0;0;0;1;793341,3273;5829716,685;13,32610823;52,53836104
198760;11;1;1100310;2018;3;11;2;3;5;3;0;1;1;0;0;0;0;0;799158,3451;5827808,446;13,40990532;52,51809445
198761;11;6;6300526;2018;3;18;4;3;5;2;2;0;1;0;0;0;0;0;788915,121;5817911,583;13,25079535;52,43488834
198762;11;6;6300528;2018;3;11;5;3;5;3;0;0;1;0;0;0;0;1;788966,9835;5816398,083;13,25024837;52,42129159
198763;11;2;2500832;2018;3;14;4;3;2;6;0;0;1;0;0;0;0;0;803505,832;5827090,442;13,47312623;52,50925712
198764;11;7;7200411;2018;3;19;4;3;1;5;2;1;1;0;0;0;0;0;795967,9546;5824084,882;13,35971486;52,48645677
198765;11;4;4300518;2018;3;8;4;3;4;2;0;1;1;0;0;0;0;0;792005,3181;5828910,619;13,30575755;52,5318524
198766;11;1;1300733;2018;3;20;4;3;6;7;2;0;1;1;0;0;0;0;797158,9046;5831369,177;13,38370912;52,55110541
198767;11;4;4200308;2018;3;17;4;3;5;3;0;0;1;0;0;0;0;0;789530,3499;5826964,277;13,26767897;52,51572338
198768;11;4;4400728;2018;3;12;2;3;5;7;0;0;1;0;0;0;0;0;790670,9995;5822822,259;13,28082667;52,47798316
198769;11;9;9501939;2018;3;15;4;3;6;4;0;0;1;1;0;0;0;0;810965,7158;5821676,272;13,57764454;52,4565373