OBJECTID;LAND;BEZ;LOR_ab_2021;UJAHR;UMONAT;USTUNDE;UWOCHENTAG;UKATEGORIE;UART;UTYP1;ULICHTVERH;IstRad;IstPKW;IstFuss;IstKrad;IstGkfz;IstSonstig;USTRZUSTAND;LINREFX;LINREFY;XGCSWGS84;YGCSWGS84
198770;11;7;7601544;2018;3;17;4;2;5;2;0;1;1;0;0;0;0;0;799854,5212;5813188,907;13,40700863;52,3866687
198771;11;7;7601544;2018;3;17;4;3;5;3;0;0;1;0;0;0;0;0;799775,2723;5813975,579;13,40655118;52,3937636
198772;11;12;12200309;2018;3;13;2;3;6;4;0;0;1;1;0;0;0;0;793405,9664;5832482,107;13,32950222;52,56311672
198773;11;2;2500726;2018;3;17;4;3;6;4;0;0;1;1;0;0;0;0;802120,4688;5828439,009;13,45400014;52,52211332
198774;11;1;1100206;2018;3;17;4;3;5;2;0;1;1;0;0;0;0;0;797199,138;5827496,139;13,38083762;52,5163662
198775;11;2;2500726;2018;3;16;4;3;5;2;0;0;1;0;1;0;0;0;801883,2354;5828451,057;13,45052514;52,52235269
198776;11;1;1100308;2018;3;16;4;3;5;2;0;1;1;0;0;0;0;0;797075,6027;5828178,422;13,37963175;52,52254941
198777;11;12;12500926;2018;3;15;4;3;6;4;0;0;1;1;0;0;0;0;793433,8473;5836094,56;13,33311018;52,59548507
198778;11;1;1100102;2018;3;15;4;3;0;7;0;1;0;0;0;0;0;0;795483,5946;5826342,707;13,35460533;52,50695879
198779;11;2;2400522;2018;3;15;4;3;2;6;0;1;0;0;0;0;0;0;801640,7482;5828333,532;13,44685539;52,5214335
198780;11;2;2400623;2018;3;15;4;2;6;4;0;0;1;1;0;0;0;1;801132,3033;5827520,608;13,43864843;52,51442814
198781;11;8;8100314;2018;3;14;4;3;1;5;0;1;1;0;0;0;0;1;801423,5327;5823868,285;13,43962194;52,48153086
198782;11;9;9200715;2018;3;15;4;3;1;5;0;0;0;0;1;0;1;0;807712,2015;5818226,328;13,52673705;52,42745961
198783;11;1;1300836;2018;3;13;4;2;6;4;0;0;1;1;0;0;0;1;796827,257;5831283,485;13,37875557;52,5505181
198784;11;4;4200311;2018;3;18;4;3;2;6;2;0;1;0;0;0;0;0;790563,5288;5825416,538;13,28151083;52,50129834
198785;11;4;4501148;2018;3;13;4;3;5;2;0;0;1;0;0;0;0;0;792824,7275;5823221,308;13,31279868;52,48041
198786;11;3;3400722;2018;3;19;4;3;1;7;2;1;1;0;0;0;0;0;798676,3458;5833844,749;13,40825093;52,57246525
198787;11;10;10200421;2018;3;12;4;3;0;4;0;0;0;1;0;0;1;1;812233,8858;5830802,058;13,60480133;52,53759241
198788;11;8;8200832;2018;3;11;4;2;6;4;0;0;1;1;0;0;0;1;800964,5414;5816267,15;13,42603556;52,41365204
198789;11;6;6400844;2018;3;15;4;2;6;2;0;0;1;1;0;0;0;0;790148,0336;5819783,737;13,27050621;52,45102015
198790;11;11;11200411;2018;3;12;4;3;5;3;0;1;1;0;0;0;0;1;805842,3369;5831853,577;13,5118283;52,55064087
198791;11;5;5100316;2018;3;10;4;3;2;6;0;0;1;0;0;0;0;0;784467,9663;5828879,634;13,19491722;52,53556074
198792;11;5;5100208;2018;3;14;4;3;5;2;0;1;1;0;0;0;0;0;782364,715;5830494,274;13,16536351;52,55113201
198793;11;9;9200510;2018;3;17;3;3;5;3;1;0;1;0;0;0;1;1;806607,163;5822762,808;13,51469932;52,46873759
198794;11;1;1100103;2018;3;18;3;3;2;6;1;0;1;0;0;0;0;0;795264,1925;5826017,49;13,35109366;52,50416225
198795;11;1;1400942;2018;3;14;4;3;3;6;0;0;1;0;0;0;0;0;794773,3329;5830362,043;13,34773368;52,54337347
198796;11;11;11200514;2018;3;12;3;2;3;6;0;0;1;0;0;0;0;0;803402,335;5829999,897;13,4742599;52,53539141
198797;11;7;7400721;2018;3;14;4;3;5;3;0;1;1;0;0;0;0;0;797311,1156;5823515,212;13,37892941;52,48062051
198798;11;6;6100206;2018;3;18;3;2;6;4;2;1;0;1;0;0;0;2;794785,7468;5819841,501;13,33860593;52,44905686
198799;11;11;11300721;2018;3;13;4;3;5;3;0;1;1;0;0;0;0;0;804919,1845;5829940,732;13,49649985;52,53401468
198800;11;7;7400825;2018;3;13;3;3;3;6;0;1;1;0;0;0;0;0;797830,0557;5820780,504;13,38410725;52,4558241
198801;11;9;9200510;2018;3;10;3;3;0;7;0;1;0;0;0;0;0;0;806946,4711;5823355,609;13,52022407;52,47385989
198802;11;1;1100310;2018;3;13;4;3;2;6;0;0;1;0;0;0;1;0;799043,128;5827583,914;13,40801055;52,51614503
198803;11;6;6300526;2018;3;14;3;3;6;4;0;0;1;1;0;0;0;1;789539,9931;5817433,259;13,25954728;52,43026954
198804;11;6;6400844;2018;3;15;3;3;5;2;0;0;1;0;0;0;0;0;790160,9051;5819783,408;13,2706948;52,45101037
198805;11;10;10400835;2018;3;12;4;3;2;2;0;0;1;0;0;0;0;0;812323,9847;5829699,343;13,6050894;52,52765927
198806;11;6;6100101;2018;3;8;4;3;1;5;0;1;1;0;0;0;1;0;793173,5311;5820501,054;13,3155299;52,45583655
198807;11;3;3500934;2018;3;13;3;3;6;4;0;0;1;1;0;0;0;1;800740,9757;5831698,866;13,43667952;52,55209461
198808;11;11;11501340;2018;3;6;4;3;5;2;0;1;1;0;0;0;0;0;807314,8842;5824798,191;13,52696065;52,48658141
198809;11;8;8401242;2018;3;7;4;3;5;3;0;0;1;0;0;0;0;1;805276,6919;5817240,458;13,49012871;52,41998786
198810;11;7;7200307;2018;3;16;3;3;1;5;0;1;1;0;0;0;0;0;794647,6419;5824659,014;13,34083459;52,49231767
198811;11;2;2300419;2018;3;7;4;3;5;3;0;1;1;0;0;0;0;0;801989,4605;5825599,604;13,44949901;52,49673618
198812;11;2;2100102;2018;3;7;4;3;1;5;0;0;1;0;0;0;1;0;798171,3468;5825848,856;13,39364708;52,50106976
198813;11;12;12500930;2018;3;16;3;3;5;2;0;1;1;0;0;0;0;0;792846,5597;5835131,477;13,3236132;52,58716813
198814;11;4;4501045;2018;3;10;3;2;5;2;0;1;1;0;0;0;0;0;793965,8941;5824966,037;13,331093;52,49543756
198815;11;6;6200420;2018;3;7;4;3;0;5;0;0;1;0;0;0;1;0;792872,9614;5815412,654;13,30666178;52,4103809
198816;11;4;4501148;2018;3;16;3;3;5;2;0;0;1;0;0;0;0;0;792824,1975;5823221,775;13,3127913;52,48041447
198817;11;7;7200410;2018;3;7;4;3;5;2;0;1;1;0;0;0;0;0;795523,9284;5823860,297;13,3529956;52,48468406
198818;11;3;3400721;2018;3;8;3;3;5;3;0;0;1;0;0;0;0;0;798256,399;5832668,421;13,40101506;52,56215146
198819;11;3;3601449;2018;3;8;4;3;5;3;0;1;1;0;0;0;0;0;801940,1956;5830653,944;13,45336306;52,5420656
198820;11;1;1100207;2018;3;9;4;3;5;2;0;0;1;0;1;0;0;0;798698,7787;5827084,181;13,40250242;52,51185432
198821;11;1;1100206;2018;3;9;4;3;0;7;0;0;1;0;0;0;0;0;797523,8734;5827209,731;13,38535304;52,51362184
198822;11;6;6300633;2018;3;8;4;3;2;6;0;0;1;0;0;0;1;1;792319,0972;5819290,433;13,30193159;52,4454411
198823;11;1;1100207;2018;3;8;3;3;5;7;0;1;0;0;0;1;0;1;798320,8556;5827444,014;13,39727265;52,51528656
198824;11;12;12500824;2018;4;14;2;3;5;3;0;0;1;0;0;0;0;0;790887,3002;5835434,326;13,29504111;52,59093434
198825;11;4;4501043;2018;4;16;2;3;9;7;0;0;1;0;0;0;0;0;792753,7303;5824448,573;13,31283418;52,49145018
198826;11;1;1100207;2018;4;9;3;3;2;6;0;0;1;0;1;0;0;1;798397,208;5826961,213;13,39796158;52,51091713
198827;11;1;1100416;2018;4;9;2;3;1;5;0;1;1;0;0;0;0;0;798533,7777;5829163,401;13,40194441;52,53058199
198828;11;7;7400721;2018;4;9;3;3;6;2;0;0;1;1;0;0;0;1;798343,1357;5823947,435;13,39446777;52,48393202
198829;11;2;2200213;2018;4;15;2;3;5;2;0;1;1;0;0;0;0;0;799568,4071;5824909,705;13,41332241;52,49188652
198830;11;8;8100208;2018;4;8;3;2;2;7;0;0;1;0;0;0;1;1;801582,8247;5822854,258;13,44104348;52,47235398
198831;11;12;12400619;2018;4;8;3;3;5;3;0;0;1;0;0;0;0;1;786748,0879;5837683,116;13,23605527;52,61329381
198832;11;5;5100210;2018;4;9;2;3;1;5;0;0;1;0;1;0;0;0;783577,2004;5829617,241;13,18244916;52,54263849
198833;11;6;6300629;2018;4;7;3;3;2;6;0;0;1;0;0;0;0;1;791765,344;5819277,35;13,29379569;52,44561958
198834;11;7;7400927;2018;4;7;3;3;5;3;0;0;1;0;0;0;0;1;798635,0743;5820659,994;13,39581165;52,45430463
198835;11;12;12500930;2018;4;15;2;2;4;7;0;0;1;0;0;0;0;0;793405,612;5834803,287;13,33155087;52,58392488
198836;11;8;8200832;2018;4;6;3;3;5;2;0;1;1;0;0;0;0;1;800314,6767;5816750,647;13,41694324;52,41834283
198837;11;7;7100206;2018;4;12;2;3;5;2;0;1;1;0;0;0;0;0;796029,0863;5824492,97;13,36097501;52,49008179
198838;11;1;1100102;2018;4;6;3;3;5;3;1;0;1;0;0;0;0;1;795049,3638;5827191,076;13,34897811;52,51479881
198839;11;2;2100105;2018;4;9;2;3;2;2;0;0;1;0;0;0;0;0;799445,0543;5825670,491;13,41219485;52,49877354
198840;11;2;2200208;2018;4;0;3;3;5;5;2;0;1;0;0;0;0;0;797586,4393;5824990,661;13,38428901;52,49369631
198841;11;11;11300721;2018;4;10;2;3;6;7;0;0;1;1;0;0;1;0;804925,856;5829900,934;13,49656139;52,53365426
198842;11;10;10100311;2018;4;10;2;3;5;2;0;0;1;0;1;0;0;0;806495,3017;5829454,646;13,51921557;52,52877432
198843;11;12;12400721;2018;4;9;3;3;5;3;0;1;1;0;0;0;0;0;791309,8867;5840598,956;13,30580967;52,63700726
198844;11;3;3601245;2018;4;7;2;2;5;3;0;1;1;0;0;0;0;0;800164,5079;5830949,156;13,42752517;52,54569275
198845;11;5;5300840;2018;4;7;2;3;2;2;0;0;1;0;0;0;0;0;788595,5048;5829322,45;13,25598748;52,53736071
198846;11;3;3601348;2018;4;8;3;3;1;5;0;0;1;0;1;0;0;0;799849,9178;5830825,118;13,42278792;52,54475418
198847;11;7;7601341;2018;4;5;2;2;5;3;1;1;0;0;0;1;0;0;798093,4291;5814982,731;13,38280375;52,40370955
198848;11;5;5100101;2018;4;14;2;3;1;5;0;0;1;0;1;0;0;0;785188,634;5832346,449;13,20849127;52,5662671
198849;11;3;3601450;2018;4;7;2;3;1;5;0;1;0;0;0;0;1;0;802271,2468;5829285,98;13,45698556;52,5296211
198850;11;11;11400931;2018;4;11;3;2;0;2;0;0;0;0;1;0;1;1;805934,8176;5827104,349;13,5088179;52,50802506
198851;11;6;6300528;2018;4;8;2;2;9;1;0;0;1;0;0;0;0;0;789970,0139;5816231,196;13,26481244;52,41926481
198852;11;12;12601235;2018;4;20;2;3;5;3;2;0;1;0;0;0;0;0;794826,2593;5836298,614;13,35378906;52,59656115
198853;11;4;4300622;2018;4;12;2;3;0;1;0;0;0;0;1;0;0;0;793559,8472;5826083,856;13,32611449;52,50567686
198854;11;3;3601449;2018;4;19;2;3;0;3;1;1;1;0;0;0;0;0;801181,2045;5830698,636;13,44224572;52,54288623
198855;11;1;1200628;2018;4;15;2;3;0;7;0;1;0;0;0;0;0;0;796129,5007;5828135,447;13,36568967;52,52267883
198856;11;10;10300734;2018;4;18;2;3;2;1;0;0;1;0;0;0;0;0;808807,5611;5826349,914;13,55031186;52,49964554
198857;11;2;2300315;2018;4;16;1;3;3;6;0;1;1;0;0;0;0;0;800406,1456;5825795,736;13,42642325;52,49936796
198858;11;12;12400722;2018;4;15;2;3;5;2;0;1;1;0;0;0;0;0;791128,658;5838280,716;13,30109742;52,61632226
198859;11;9;9501939;2018;4;17;1;3;2;6;0;0;1;0;0;0;0;0;809659,6682;5821487,061;13,55830931;52,45558311
198860;11;4;4501041;2018;4;7;1;3;8;1;0;0;1;0;0;0;0;0;792969,6683;5825362,909;13,3168097;52,49953105
198861;11;11;11100204;2018;4;13;3;3;0;3;0;0;1;0;0;0;1;0;806685,1136;5833405,647;13,52565299;52,56407679
198862;11;8;8100105;2018;4;15;2;3;2;6;0;0;1;0;0;0;0;0;801057,2633;5822031,349;13,43258683;52,46526789
198863;11;12;12200412;2018;4;13;1;3;1;5;0;0;1;0;0;0;0;0;790780,5561;5833708,96;13,29195591;52,57552381
198864;11;3;3100101;2018;4;14;2;3;5;3;0;1;1;0;0;0;0;0;800112,006;5840244,839;13,43517303;52,6290404
198865;11;2;2300417;2018;4;12;1;3;5;3;0;1;1;0;0;0;0;0;800597,6012;5825201,757;13,42869914;52,49393851
198866;11;7;7400826;2018;4;15;3;2;5;2;0;0;1;0;1;0;0;0;796643,6066;5819974,659;13,36598191;52,44924561
198867;11;5;5200630;2018;4;12;2;2;2;6;0;0;1;0;1;0;0;0;783342,2393;5827666,83;13,17733095;52,52527291
198868;11;6;6400840;2018;4;3;1;3;1;1;2;1;1;0;0;0;0;0;789378,5008;5819198,948;13,25870735;52,44618518
198869;11;2;2100102;2018;4;22;1;3;5;3;2;0;1;0;0;0;0;0;798332,9857;5825619,395;13,39581572;52,49892459
198870;11;6;6200313;2018;4;17;2;3;2;6;0;0;1;0;0;0;0;0;795196,0955;5818751,793;13,3436638;52,43906684
198871;11;10;10300734;2018;4;12;2;3;2;6;0;0;1;0;0;0;0;0;809585,7188;5824200,58;13,55974201;52,47994295
198872;11;4;4300415;2018;4;21;1;3;1;5;2;0;1;0;0;0;0;0;790865,4294;5826014,783;13,2864685;52,50650078
198873;11;10;10300734;2018;4;11;2;3;2;6;0;0;1;0;0;0;0;0;809542,0913;5827048,986;13,56174783;52,50549428
198874;11;5;5200629;2018;4;15;2;3;8;1;0;0;1;0;0;0;0;0;784761,68;5828734,599;13,19911157;52,53410697
198875;11;3;3200206;2018;4;18;1;2;6;2;0;0;1;1;0;0;0;0;798343,935;5834830,5;13,40424762;52,58148335
198876;11;7;7400823;2018;4;17;3;3;9;1;0;0;1;0;0;0;0;0;797285,266;5821316,624;13,37659068;52,46092648
198877;11;8;8300934;2018;4;21;2;3;5;3;2;0;1;0;0;0;0;0;802978,1495;5818314,796;13,45740539;52,43089457
198878;11;2;2200213;2018;4;15;1;3;5;2;0;1;1;0;0;0;0;0;799560,4764;5824887,924;13,41318636;52,49169564
198879;11;12;12400619;2018;4;21;2;3;0;1;2;0;0;0;1;0;0;0;787081,912;5836454,217;13,23990597;52,60210001
198880;11;2;2300315;2018;4;14;1;3;6;4;0;0;1;1;0;0;0;0;800557,1239;5825806,656;13,42865052;52,49938272
198881;11;10;10200629;2018;4;22;1;3;5;3;2;0;1;0;0;0;0;1;810901,3159;5828135,809;13,5827245;52,51446098
198882;11;2;2200210;2018;4;20;1;2;5;2;2;1;1;0;0;0;0;1;798311,3362;5825327,503;13,39523632;52,49631998
198883;11;2;2300314;2018;4;14;1;3;5;2;0;0;1;0;0;0;0;0;799721,118;5826051,275;13,4165921;52,50203514
198884;11;3;3400619;2018;4;19;1;2;1;7;1;0;1;0;0;0;0;1;796704,5433;5835802,362;13,38099378;52,59109134
198885;11;2;2400521;2018;4;16;1;3;5;3;0;0;1;0;0;0;0;1;800718,275;5827875,502;13,43288633;52,51783757
198886;11;1;1100308;2018;4;13;1;3;5;3;0;1;1;0;0;0;0;0;796954,644;5828917,376;13,37851408;52,52923921
198887;11;9;9100407;2018;4;22;1;3;8;1;2;0;1;0;0;0;0;1;805153,427;5821478,44;13,49219086;52,45804023
198888;11;3;3100101;2018;4;14;1;2;5;7;0;0;1;0;0;0;0;1;800858,6433;5838764,141;13,44482378;52,61535598
198889;11;9;9401635;2018;4;13;1;3;5;3;0;0;1;0;1;0;0;0;816989,3432;5817124,74;13,6616858;52,41229347
198890;11;8;8200832;2018;4;7;2;3;6;2;0;0;1;1;0;0;0;0;800321,6358;5816737,598;13,41703355;52,41822204
198891;11;9;9200715;2018;4;16;2;3;5;2;0;0;1;0;1;0;0;0;807713,6256;5818112,781;13,52665347;52,42644117
198892;11;1;1300730;2018;4;14;1;3;0;5;0;0;1;0;0;0;1;1;796638,2421;5832336,272;13,37691687;52,56005811
198893;11;10;10200629;2018;4;12;1;3;5;2;0;1;1;0;0;0;0;0;810542,7851;5827967,297;13,57730079;52,51315509
198894;11;2;2400521;2018;4;13;1;3;2;2;0;0;1;0;0;0;0;1;801249,38;5827831,795;13,44065024;52,5171527
198895;11;10;10200629;2018;4;10;1;3;5;7;0;0;1;0;0;0;0;0;810378,5507;5827950,447;13,5748727;52,51309758
198896;11;5;5100208;2018;4;10;1;3;5;2;0;0;1;0;0;0;0;1;782366,3126;5830500,679;13,16539246;52,55118861
198897;11;6;6300634;2018;4;14;2;2;5;2;0;0;1;0;1;0;0;0;792290,1989;5818588,935;13,300894;52,43916766
198898;11;9;9100409;2018;4;6;1;3;9;1;2;0;1;0;0;0;0;1;806771,4429;5818378,497;13,51308385;52,42935166
198899;11;11;11400929;2018;4;9;2;3;2;2;0;0;1;0;0;0;0;0;805355,1297;5827377,365;13,50055367;52,51079671
198900;11;4;4100101;2018;4;16;1;3;0;6;0;0;1;0;0;0;1;0;790446,0255;5829039,885;13,282948;52,5338444
198901;11;7;8200831;2018;4;1;1;3;3;6;2;0;1;0;0;0;0;1;799301,3272;5816285,089;13,40167065;52,41472476
198902;11;4;4300624;2018;4;7;1;3;2;7;0;0;1;0;0;0;0;0;792861,107;5826158,884;13,31591512;52,50672498
198903;11;6;6200317;2018;4;22;2;2;5;2;2;0;1;0;1;0;0;0;796364,8605;5816702,848;13,35899184;52,42006746
198904;11;4;4500937;2018;4;14;2;2;5;2;0;0;1;0;1;0;0;0;790966,3484;5824814,821;13,28690274;52,49568929
198905;11;1;1100309;2018;4;17;1;3;0;1;0;1;0;0;0;0;0;0;798546,7328;5828973,138;13,40196397;52,52886946
198906;11;8;8401241;2018;4;1;1;3;6;7;2;0;1;1;0;0;0;1;804776,9215;5817859,986;13,48336671;52,4258191
198907;11;3;3500935;2018;3;18;7;3;0;3;1;1;1;0;0;0;0;0;801622,1429;5831634,158;13,44957761;52,55102741
198908;11;6;6400844;2018;4;14;1;1;0;3;0;1;1;0;0;0;0;0;790970,3213;5820710,827;13,28338015;52,45889457
198909;11;2;2300316;2018;4;18;2;3;5;5;0;0;1;0;1;0;0;0;801075,9438;5826322,584;13,4367368;52,50372111
198910;11;6;6200421;2018;4;19;1;3;2;6;0;0;1;0;1;0;0;0;793452,3658;5817170,27;13,31669694;52,4258273
198911;11;9;9501736;2018;3;12;7;3;5;3;0;1;1;0;0;0;0;0;813655,7793;5821708,426;13,61713544;52,45528847
198912;11;5;5100314;2018;4;12;1;2;5;3;0;1;1;0;0;0;0;0;784907,8337;5830123,697;13,20245171;52,54648516
198913;11;1;1100207;2018;3;12;7;3;2;6;0;0;1;0;0;0;0;1;798634,6925;5827038,47;13,40151987;52,51147967
198914;11;11;11200513;2018;4;19;7;3;5;3;2;1;1;0;0;0;0;0;804727,3301;5831202,269;13,49483708;52,54542845
198915;11;12;12400721;2018;4;7;2;3;5;3;0;1;1;0;0;0;0;0;790284,0049;5840138,419;13,29028795;52,63342805
198916;11;5;5100316;2018;3;20;7;3;6;4;2;0;1;1;0;0;0;1;784700,2213;5828828,126;13,19828806;52,53497764
198917;11;5;5400942;2018;4;14;7;3;2;6;0;0;1;0;0;0;0;0;783458,4417;5821965,007;13,17418594;52,47408827
198918;11;10;10100311;2018;4;18;7;3;0;6;0;0;1;0;1;0;0;0;806852,6989;5830359,308;13,52530258;52,53668094
198919;11;12;12200309;2018;3;19;7;3;1;5;2;0;1;0;0;0;0;1;793132,2645;5832632,986;13,32560929;52,5646167
198920;11;8;8401242;2018;4;13;7;3;5;2;0;1;1;0;0;0;0;0;804732,1084;5816209,545;13,48120679;52,41105149
198921;11;4;4400835;2018;4;13;7;3;6;4;0;1;0;1;0;0;0;0;793059,2271;5822025,435;13,31519101;52,46956354
198922;11;7;7100102;2018;3;19;7;3;2;6;2;0;1;0;0;0;0;1;794977,2537;5824945,543;13,34592905;52,49470818
198923;11;2;2500833;2018;4;13;7;2;6;2;0;0;1;1;0;0;0;0;802796,3271;5827218,496;13,46282041;52,51079913
198924;11;9;9200715;2018;4;12;7;2;3;6;0;0;1;0;1;0;0;0;809178,958;5818319,534;13,54832694;52,42746809
198925;11;1;1100102;2018;3;18;7;3;0;6;0;0;1;0;1;0;0;1;796474,9293;5826312,039;13,36914145;52,50614608
198926;11;2;2100103;2018;4;12;7;3;3;6;0;1;0;0;0;0;0;0;798519,5603;5826508,368;13,39935298;52,50679104
198927;11;7;7100205;2018;3;17;7;3;6;2;0;0;1;1;0;0;0;1;796275,8397;5825315,411;13,36533002;52,49732037
198928;11;1;1200628;2018;4;9;7;3;5;2;0;1;0;0;0;0;1;0;796125,6247;5828422,674;13,36588846;52,52525565
198929;11;9;9501941;2018;3;16;7;3;2;6;0;0;1;0;0;0;0;1;812096,2172;5820981,872;13,59357948;52,44967023
198930;11;5;5200423;2018;4;8;7;3;5;2;0;0;1;0;0;1;0;0;780873,0764;5828322,241;13,14158548;52,53242747
198931;11;9;9200715;2018;4;8;7;3;5;3;0;0;1;0;0;0;0;0;808294,7906;5818596,372;13,53561947;52,43044804
198932;11;6;6300525;2018;4;15;3;2;5;3;0;0;1;0;1;0;0;0;789105,2604;5815563,47;13,25155509;52,41373579
198933;11;9;9100409;2018;3;15;7;3;5;3;0;0;1;0;0;0;0;1;806796,4981;5818225,175;13,51331057;52,42796348
198934;11;2;2100104;2018;4;16;7;3;5;2;0;1;1;0;0;0;0;0;799268,4386;5826094,626;13,40998201;52,50267217
198935;11;9;9401534;2018;4;17;7;3;1;5;0;1;1;0;0;0;1;0;811062,7869;5820281,723;13,5777699;52,44398474
198936;11;8;8100312;2018;3;15;7;3;1;5;0;0;1;0;0;0;0;1;800796,3773;5824308,734;13,43081212;52,48582456
198937;11;5;5200527;2018;3;15;7;3;5;2;0;0;1;0;0;0;0;1;782295,107;5827414,699;13,16172332;52,52355541
198938;11;1;1401048;2018;4;21;4;3;3;6;2;0;1;0;0;1;0;0;795423,3553;5831584,183;13,35837824;52,5539768
198939;11;1;1100309;2018;4;13;2;3;5;3;0;1;1;0;0;0;0;0;797992,9492;5828907,572;13,39376598;52,52858474
198940;11;9;9300921;2018;4;17;7;3;2;6;0;0;1;0;1;0;0;0;809844,9578;5816535,143;13,55643867;52,41109988
198941;11;4;4300518;2018;3;15;7;3;5;7;0;0;1;0;1;0;0;1;792076,6029;5828583,589;13,30651812;52,52888247
198942;11;12;12200411;2018;4;17;7;3;2;6;0;0;1;0;0;0;0;0;793173,3562;5832274,525;13,32589705;52,56138117
198943;11;3;3500934;2018;4;16;2;3;4;6;0;1;0;0;0;1;0;0;800467,63;5832015,969;13,43294711;52,55508772
198944;11;1;1400942;2018;3;14;7;3;6;4;0;0;1;1;0;0;0;1;795045,3508;5830934,042;13,35224133;52,54835373
198945;11;9;9301126;2018;4;16;7;3;0;1;0;0;0;0;1;0;0;0;811037,2288;5816925,273;13,5742736;52,41392006
198946;11;2;2200210;2018;3;14;7;3;2;3;0;0;1;0;0;0;0;1;798005,1205;5825276,462;13,39069336;52,49602975
198947;11;6;6100101;2018;4;16;7;2;1;1;0;0;1;0;0;0;0;0;792833,2007;5820944,31;13,31092442;52,4599927
198948;11;6;6100209;2018;4;16;7;3;1;5;0;1;1;0;0;0;0;0;794110,057;5821499,698;13,3301528;52,46428582
198949;11;12;12200310;2018;4;12;3;3;6;2;0;0;1;1;0;0;0;0;792159,0432;5833347,963;13,31192198;52,57154933
198950;11;3;3300413;2018;3;13;7;3;2;2;0;0;1;0;0;0;0;1;803576,4077;5838866,322;13,48493604;52,61476048
198951;11;3;3501038;2018;4;16;7;3;2;6;0;0;1;0;0;0;0;0;803629,3542;5831990,563;13,47941619;52,55310664
198952;11;4;4300414;2018;3;12;7;3;2;5;0;0;1;0;0;0;0;1;791814,0942;5826917,2;13,30119742;52,5140842
198953;11;9;9401534;2018;4;16;7;3;5;2;0;1;0;0;0;0;1;0;811359,0494;5820147,027;13,58198923;52,44260906
198954;11;7;7100103;2018;3;11;7;2;6;2;0;0;1;1;0;0;0;1;795700,7376;5825467,169;13,35701783;52,49899267
198955;11;8;8301036;2018;3;10;7;3;5;2;0;1;1;0;0;0;0;1;803731,2971;5817998,38;13,46816178;52,42764093
198956;11;1;1100206;2018;4;23;3;3;9;1;2;0;0;0;1;0;0;0;796932,7332;5827448,352;13,37688052;52,51608295
198957;11;3;3300411;2018;4;16;7;3;5;3;0;0;1;0;1;0;0;0;803641,6331;5839002,528;13,48602147;52,61594478
198958;11;5;5100316;2018;3;7;7;3;5;2;0;0;1;0;0;0;0;0;784783,5254;5828807,013;13,19949482;52,53474482
198959;11;8;8401241;2018;3;3;7;3;0;7;2;0;1;0;0;0;0;1;804302,8932;5819675,436;13,47806909;52,4423545
198960;11;6;6400735;2018;4;15;7;3;5;3;0;0;1;0;1;0;0;0;779429,8281;5815041,346;13,1092373;52,41407905
198961;11;2;2200210;2018;4;9;2;3;2;6;0;0;1;0;0;0;0;0;798062,0702;5824871,258;13,39116723;52,49236649
198962;11;6;6300632;2018;4;17;2;3;5;3;0;1;0;0;1;0;0;0;790936,8174;5817056,995;13,27970714;52,42615518
198963;11;12;12500929;2018;4;14;7;3;5;3;0;1;1;0;0;0;0;0;794039,5254;5838143,789;13,34384671;52,61352762
198964;11;5;5100211;2018;3;21;7;3;8;7;2;0;1;0;0;0;1;1;783247,1931;5830274,956;13,17815692;52,54870737
198965;11;4;4501041;2018;4;19;3;3;6;7;1;0;1;1;0;0;0;0;793144,5228;5825391,302;13,31940317;52,49969169
198966;11;1;1100415;2018;4;21;7;3;0;1;2;1;0;0;0;0;0;0;798298,1359;5829370,479;13,39866678;52,53256718
198967;11;11;11200515;2018;3;13;6;3;2;6;0;0;1;0;0;0;0;0;806243,2447;5830307,389;13,5162972;52,53655842
198968;11;4;4300619;2018;3;13;6;3;2;6;0;0;1;0;0;0;0;0;792447,9654;5827189,433;13,31075094;52,51618519
198969;11;10;10200421;2018;4;16;7;3;2;2;0;0;1;0;0;0;0;0;812187,8513;5830927,647;13,60424278;52,5387442
198970;11;2;2200210;2018;3;22;6;3;5;2;2;0;1;0;0;0;0;0;798310,0916;5825308,671;13,39520118;52,49615185
198971;11;4;4501041;2018;4;14;6;3;2;6;0;0;1;0;0;0;0;0;793274,0317;5825746,176;13,32161808;52,5028034
198972;11;7;7601546;2018;3;19;6;3;1;1;1;0;1;0;1;0;0;0;799137,7552;5812938,989;13,39628492;52,38482024
198973;11;2;2300419;2018;3;18;6;2;0;1;1;1;0;0;0;0;0;0;801256,4907;5825665,389;13,43879422;52,49773089
198974;11;12;12500930;2018;4;19;3;3;5;2;0;0;1;0;0;0;0;0;792867,8903;5835178,81;13,32396899;52,58758097
198975;11;12;12200412;2018;4;17;6;3;5;7;0;0;1;0;0;0;0;0;790922,001;5833917,825;13,29422057;52,57732065
198976;11;4;4300416;2018;3;16;6;2;5;3;0;1;1;0;0;0;0;0;791865,8813;5826237,21;13,30136206;52,5079605
198977;11;5;5300737;2018;3;15;6;3;5;3;0;0;1;0;1;0;0;0;787461,3631;5829582,949;13,23953726;52,54029567
198978;11;1;1200624;2018;4;15;6;3;0;6;0;0;1;0;1;0;0;0;795547,5682;5829637,013;13,35847239;52,53645481
198979;11;3;3601450;2018;4;20;2;3;5;2;1;1;1;0;0;0;0;0;802424,0607;5829262,776;13,45921027;52,52932838