OBJECTID;LAND;BEZ;LOR_ab_2021;UJAHR;UMONAT;USTUNDE;UWOCHENTAG;UKATEGORIE;UART;UTYP1;ULICHTVERH;IstRad;IstPKW;IstFuss;IstKrad;IstGkfz;IstSonstig;USTRZUSTAND;LINREFX;LINREFY;XGCSWGS84;YGCSWGS84
199190;11;7;7501133;2018;4;15;6;2;5;2;0;0;1;0;0;0;0;0;798362,3149;5818413,642;13,38980364;52,43431758
199191;11;1;1401049;2018;4;14;6;2;5;7;0;0;1;0;0;0;1;0;796139,4744;5831975,875;13,36925923;52,55709902
199192;11;10;10100311;2018;4;7;4;3;5;2;0;1;0;0;1;0;0;0;806693,3665;5829143,356;13,52183901;52,5258731
199193;11;2;2100106;2018;4;14;1;3;0;2;0;0;1;0;1;0;0;0;799577,1368;5825656,803;13,41412244;52,49857835
199194;11;12;12500930;2018;4;17;3;3;5;2;0;0;1;0;0;0;0;0;793946,0253;5835296,026;13,33994125;52,58805021
199195;11;12;12500927;2018;4;14;6;2;1;5;0;0;1;0;0;0;0;0;791799,2574;5835470,539;13,308497;52,59077049
199196;11;9;9100408;2018;4;16;2;2;5;3;0;0;1;0;0;0;0;1;806254,2593;5819257,61;13,50630607;52,43752045
199197;11;7;7501030;2018;4;14;6;3;6;4;0;0;1;1;0;0;0;0;797637,3571;5819588,741;13,3802177;52,44524612
199198;11;1;1100205;2018;4;14;6;3;6;4;0;0;0;1;0;0;1;0;796958,0002;5826843;13,37671158;52,51064286
199199;11;3;3100101;2018;4;18;2;3;2;6;0;0;1;0;0;0;1;1;803988,5907;5842050,777;13,49393389;52,64307029
199200;11;2;2300418;2018;4;14;6;3;0;3;0;0;1;0;0;0;1;0;801186,5947;5825187,925;13,43733602;52,49348986
199201;11;1;1100313;2018;4;14;6;3;5;3;0;0;1;0;0;0;0;0;800062,3355;5826417,058;13,42193355;52,50512627
199202;11;3;3400620;2018;4;15;1;3;5;3;0;1;1;0;0;0;0;0;797691,9849;5833807,519;13,39373556;52,57267081
199203;11;3;3701658;2018;4;13;6;3;2;6;0;0;1;0;0;0;1;0;800265,3913;5829609,238;13,42779753;52,53362711
199204;11;9;9200717;2018;4;7;3;3;4;2;0;1;1;0;0;0;0;0;809577,2394;5819561,644;13,55531597;52,43837453
199205;11;3;3701554;2018;4;13;1;3;0;7;0;1;1;0;0;0;0;1;799232,3289;5829268,872;13,41230648;52,53114437
199206;11;8;8100521;2018;4;16;3;3;5;7;0;1;1;0;0;0;0;0;803647,3238;5821885,059;13,47046271;52,46252353
199207;11;12;12200412;2018;4;13;6;3;5;3;0;1;1;0;0;0;0;0;791381,0661;5833134,436;13,30028756;52,57005216
199208;11;7;7100205;2018;4;14;2;3;6;4;0;1;0;1;0;0;0;0;796038,1633;5825375,795;13,36189279;52,49799064
199209;11;12;12100205;2018;4;13;6;3;2;6;0;0;1;0;0;0;1;1;794044,599;5835341,953;13,34143285;52,58840864
199210;11;11;11400931;2018;4;12;6;3;2;6;0;0;1;0;0;0;1;1;806598,2703;5827327,277;13,51876808;52,50965056
199211;11;3;3300517;2018;4;0;4;2;5;3;2;0;1;0;0;0;1;0;803373,534;5833513,606;13,47704687;52,56689968
199212;11;5;5200629;2018;4;13;1;3;2;6;0;0;1;0;0;0;0;0;784756,9504;5828595,875;13,19892318;52,53286564
199213;11;4;4500937;2018;4;11;6;3;2;6;0;0;1;0;0;0;0;1;791282,885;5825019,973;13,29173157;52,49735963
199214;11;4;4200311;2018;4;8;3;3;5;2;0;0;1;0;0;0;0;0;789513,7301;5825461,973;13,26612801;52,50226369
199215;11;2;2400625;2018;4;11;6;2;6;4;0;0;1;1;0;0;0;1;800925,6141;5826866,866;13,43502069;52,50868257
199216;11;4;4300623;2018;4;16;4;3;6;4;0;0;1;1;0;0;0;0;792397,7384;5826593,877;13,30948955;52,51087313
199217;11;1;1100309;2018;4;13;1;2;5;3;0;1;0;0;0;0;1;0;798789,2835;5829045,812;13,40559412;52,529388
199218;11;7;7601341;2018;4;11;6;2;5;3;0;0;1;0;0;1;0;1;797743,9306;5815399,615;13,37805208;52,40763667
199219;11;1;1100310;2018;4;10;3;3;1;5;0;1;1;0;0;0;1;0;799389,9971;5828874,713;13,41426892;52,52752478
199220;11;8;8200730;2018;4;14;3;3;5;7;0;0;1;0;1;0;0;0;801456,549;5818357,119;13,4351308;52,4321145
199221;11;2;2300418;2018;4;10;6;3;5;2;0;1;1;0;0;0;0;1;801291,1903;5825361,171;13,43902867;52,49498497
199222;11;7;7300517;2018;4;9;6;3;5;3;0;1;1;0;0;0;0;1;793974,785;5822407,874;13,32896756;52,47250004
199223;11;8;8200730;2018;4;14;2;2;0;6;0;0;1;0;1;0;0;0;801490,2271;5817789,299;13,43511277;52,42700637
199224;11;11;11200513;2018;4;9;6;3;5;3;0;0;1;0;0;0;0;1;804655,0862;5831000,269;13,49358976;52,54365843
199225;11;4;4501043;2018;4;9;6;3;0;2;0;1;0;0;0;0;1;1;792948,8045;5825312,346;13,31645876;52,49908897
199226;11;12;12500930;2018;4;13;4;3;5;2;0;0;1;0;1;0;0;0;792851,525;5835170,065;13,32372039;52,58751138
199227;11;9;9401635;2018;4;11;1;3;5;3;0;1;1;0;0;0;0;0;817195,215;5816983,676;13,66456885;52,41091022
199228;11;4;4501148;2018;4;8;6;3;2;6;0;0;1;0;0;0;0;1;793323,1847;5823067,923;13,3199825;52,47876744
199229;11;5;5200421;2018;4;16;3;3;1;7;0;0;1;0;0;0;0;0;780760,0874;5828516,872;13,14008856;52,53423088
199230;11;12;12200412;2018;4;8;6;3;4;7;0;0;1;0;0;0;1;0;789040,3689;5833645,998;13,26629331;52,57588639
199231;11;11;11100308;2018;4;20;2;3;9;1;1;0;1;0;0;0;0;1;804425,1571;5833385,7;13,4923971;52,56516632
199232;11;10;10200524;2018;4;7;6;3;5;3;0;1;1;0;0;0;0;1;812429,9807;5830414,134;13,6073185;52,53400383
199233;11;7;7100102;2018;4;7;6;3;5;3;0;1;1;0;0;0;0;0;795554,2266;5825250,521;13,35467359;52,49712995
199234;11;10;10100311;2018;4;13;3;3;5;3;0;1;1;0;0;0;0;0;806484,9039;5829673,894;13,51926489;52,5307451
199235;11;1;1300834;2018;4;20;6;3;5;3;2;0;1;0;0;0;0;1;797967,6027;5830528,193;13,39484648;52,54312534
199236;11;7;7501032;2018;4;18;6;3;6;4;0;0;1;1;0;0;0;0;799850,771;5819653,497;13,41274529;52,44461728
199237;11;8;8100311;2018;4;10;2;2;5;3;0;1;1;0;0;0;0;1;800654,6697;5824583,235;13,42897912;52,48836306
199238;11;4;4200308;2018;4;17;6;3;6;4;0;0;1;1;0;0;0;0;790343,8215;5827318,555;13,27994243;52,51846704
199239;11;4;4501042;2018;4;17;6;3;5;3;0;0;1;0;0;0;0;0;793918,7262;5825637,853;13,33099308;52,50148545
199240;11;1;1100102;2018;4;9;4;3;2;2;0;0;1;0;0;0;0;0;796852,4094;5826967,905;13,37527167;52,51181997
199241;11;6;6200313;2018;4;9;1;3;6;7;0;0;0;1;0;0;1;0;795418,213;5818348,164;13,34656522;52,43532861
199242;11;7;7100205;2018;4;16;6;3;5;3;0;1;1;0;0;0;0;0;796223,6594;5825329,446;13,3645761;52,4974745
199243;11;1;1100206;2018;4;19;3;3;1;5;0;1;1;0;0;0;0;0;797833,4139;5827460,034;13,390125;52,51569656
199244;11;1;1100312;2018;4;15;6;3;6;7;0;0;1;1;0;0;0;0;798940,0583;5827305,334;13,40624587;52,51370446
199245;11;5;5100316;2018;4;21;2;3;1;5;1;0;1;0;0;0;0;0;784794,1879;5828861,42;13,19969821;52,53522706
199246;11;5;5100316;2018;4;22;6;2;5;2;2;1;1;0;0;0;0;1;785045,7667;5829397,578;13,2038572;52,53990269
199247;11;1;1300733;2018;4;16;6;3;2;6;0;1;1;0;0;0;0;0;797172,5131;5831377,048;13,38391628;52,55116854
199248;11;5;5100104;2018;4;16;1;3;0;1;0;0;0;0;1;0;0;0;785958,2189;5831711,044;13,21926686;52,56016654
199249;11;6;6300525;2018;4;15;6;2;4;7;0;0;1;0;0;0;0;0;789431,3326;5815834,607;13,25657039;52,41599435
199250;11;3;3300411;2018;4;9;4;1;6;2;0;0;1;1;0;0;0;0;803734,8507;5839243,581;13,48761544;52,61805311
199251;11;3;3601245;2018;4;4;1;3;5;3;2;0;1;0;0;0;0;0;800321,5012;5831579,564;13,43040344;52,55125672
199252;11;6;6400839;2018;4;12;2;3;0;1;0;0;0;0;1;0;0;1;789424,0513;5818031,986;13,25836502;52,43569875
199253;11;12;12100204;2018;4;17;6;3;5;2;0;0;1;0;0;0;1;0;795064,768;5832467,59;13,35388999;52,56209017
199254;11;7;7601236;2018;4;17;6;3;5;2;0;0;1;0;0;0;1;0;797287,82;5817297,32;13,3730523;52,4248958
199255;11;7;7400824;2018;4;8;4;3;1;5;0;1;1;0;0;0;0;0;797408,5276;5821883,772;13,37890496;52,46594331
199256;11;8;8200730;2018;4;4;1;3;1;5;2;0;1;0;0;0;0;0;801824,0828;5819035,037;13,44113249;52,43798821
199257;11;7;7601546;2018;4;18;3;2;2;6;0;0;1;0;1;0;0;0;798695,8885;5814064,112;13,39081433;52,39514682
199258;11;6;6100205;2018;4;19;5;3;5;2;1;0;1;0;1;0;0;0;795228,301;5819844,628;13,34510181;52,44884609
199259;11;2;2300417;2018;4;16;2;3;6;4;0;0;1;1;0;0;0;0;800305,7328;5825546,433;13,4247237;52,49718863
199260;11;1;1100308;2018;4;9;5;3;6;7;0;1;0;1;0;0;0;0;796990,6188;5828811,851;13,37894857;52,5282737
199261;11;12;12200515;2018;4;16;5;3;3;6;0;1;0;0;0;0;0;0;790456,0844;5834742,121;13,28808662;52,58495925
199262;11;9;9501736;2018;4;21;5;3;5;3;2;0;1;0;0;0;0;0;813510,8964;5821643,683;13,61494944;52,45479141
199263;11;4;4501042;2018;4;9;3;3;2;6;0;1;1;0;0;0;0;0;794488,9324;5825894,827;13,33959637;52,50348164
199264;11;6;6300629;2018;4;15;3;3;2;6;0;1;0;0;0;0;1;0;791819,2616;5819205,989;13,29452443;52,44495106
199265;11;12;12601235;2018;4;20;5;3;6;4;2;0;1;1;0;0;0;0;794747,4621;5835812,399;13,35219637;52,59224538
199266;11;5;5100316;2018;4;13;3;3;6;4;0;1;0;1;0;0;0;0;784819,2003;5829042,478;13,20022116;52,53683734
199267;11;6;6400840;2018;4;18;5;3;5;3;0;0;1;0;0;0;0;0;789115,0696;5819586,328;13,2551774;52,44979759
199268;11;7;7400823;2018;4;16;2;3;6;4;0;0;1;1;0;0;0;1;797249,0666;5820829,66;13,37562586;52,45658101
199269;11;1;1401046;2018;4;18;5;2;5;7;0;0;1;0;1;0;0;0;795112,3818;5830356,311;13,35271368;52,54313855
199270;11;4;4200308;2018;4;18;5;3;5;3;0;0;1;0;0;0;0;0;789729,1745;5826928,73;13,27056985;52,51529911
199271;11;2;2200209;2018;4;16;4;3;6;4;0;1;0;1;0;0;0;0;797116,4128;5824121,389;13,3766111;52,48616025
199272;11;1;1200628;2018;4;17;1;3;0;1;1;0;0;0;1;0;0;0;796233,9604;5828513,802;13,36756183;52,52601367
199273;11;4;4300412;2018;4;18;5;3;3;6;0;0;1;0;0;0;0;0;791627,6311;5827513,117;13,2989798;52,51952624
199274;11;8;8100415;2018;4;9;3;3;0;3;0;1;0;0;1;0;0;0;801556,6384;5823835,608;13,44154648;52,48116449
199275;11;4;4501045;2018;4;14;3;3;2;6;0;0;1;0;1;0;0;0;793937,5697;5824961,042;13,33067258;52,49540803
199276;11;4;4400835;2018;4;18;5;3;0;1;0;1;0;0;0;0;0;0;793355,2836;5822860,12;13,32027097;52,47688732
199277;11;10;10200421;2018;4;17;5;3;5;3;0;0;1;0;0;0;0;0;812071,5109;5830619,557;13,60224367;52,53605
199278;11;9;9200715;2018;4;13;2;3;2;6;0;0;1;0;0;0;0;0;809357,5856;5818490,527;13,55110389;52,42889955
199279;11;12;12601235;2018;4;17;5;3;5;2;0;0;1;0;0;0;1;0;795279,5748;5836363,174;13,36051981;52,59689392
199280;11;4;4501043;2018;4;11;4;3;2;6;0;1;1;0;0;0;0;0;792700,653;5825367,299;13,31286192;52,49971476
199281;11;4;4501043;2018;4;19;7;2;3;6;0;1;1;0;0;0;0;0;792362,9924;5825172,68;13,30773103;52,49815106
199282;11;9;9100101;2018;4;15;2;2;5;3;0;1;1;0;0;0;0;0;801825,1081;5825010,017;13,44655124;52,49154255
199283;11;3;3500936;2018;4;17;5;3;6;4;0;0;1;1;0;0;0;0;801937,4658;5831295,906;13,45390648;52,54782099
199284;11;7;7300517;2018;4;17;5;2;6;4;0;1;0;1;0;0;0;0;793903,5327;5822952,418;13,32840143;52,47741998
199285;11;1;1100205;2018;4;14;4;3;6;4;0;0;0;1;1;0;0;0;797149,0165;5826889,025;13,37955903;52,5109514
199286;11;5;5200631;2018;4;19;7;2;6;4;0;0;1;1;0;0;0;0;784763,6196;5827183,707;13,1978118;52,52020066
199287;11;9;9501939;2018;4;17;5;3;4;6;0;1;0;0;0;0;0;0;810167,5082;5821569,165;13,56583542;52,45603097
199288;11;4;4400727;2018;4;7;3;3;0;2;0;0;1;0;1;0;0;0;791110,4528;5823160,95;13,28757471;52,48078546
199289;11;7;7601544;2018;4;16;5;3;1;5;0;1;1;0;0;0;0;0;799872,4781;5813190,113;13,40727278;52,38666968
199290;11;1;1100308;2018;4;11;3;3;1;5;0;1;1;0;0;0;0;0;797169,9768;5828214,356;13,38105075;52,5228201
199291;11;12;12200309;2018;4;16;5;2;2;7;0;0;1;0;1;0;1;0;793529,9861;5832379,803;13,33123607;52,56213279
199292;11;5;5100316;2018;4;12;5;3;5;2;0;1;1;0;0;0;0;0;784778,4513;5828793,967;13,19940903;52,5346305
199293;11;3;3601450;2018;4;7;2;3;5;3;0;1;0;0;0;0;1;1;801964,369;5829734,637;13,45288305;52,53381248
199294;11;1;1200519;2018;4;12;5;3;5;3;0;0;1;0;1;0;0;0;794051,1089;5828503,225;13,33546984;52,52710058
199295;11;5;5100316;2018;4;12;5;2;2;7;0;1;1;0;0;0;0;0;784910,3378;5829050,999;13,20156854;52,5368661
199296;11;4;4500937;2018;4;8;4;3;2;6;0;1;1;0;0;0;0;0;791306,8259;5825009,314;13,29207392;52,49725129
199297;11;7;7501031;2018;4;19;7;3;5;2;0;0;1;0;0;0;0;0;799469,5861;5820514,242;13,40792527;52,4525416
199298;11;11;11400929;2018;4;18;3;3;5;3;0;1;1;0;0;0;0;0;805040,3948;5826231,048;13,49488012;52,50069893
199299;11;4;4400727;2018;4;11;5;3;6;2;0;0;1;1;0;0;0;0;790950,4366;5823018,28;13,2851006;52,47959169
199300;11;12;12200309;2018;4;18;2;3;0;2;0;0;1;0;1;0;0;0;793419,0487;5832489,704;13,32970138;52,56317778
199301;11;6;6300528;2018;4;11;5;2;5;3;0;0;1;0;0;0;0;0;790093,6791;5817310,827;13,26756208;52,42887857
199302;11;10;10100311;2018;4;10;5;2;5;2;0;0;1;0;0;0;0;0;806443,3416;5829904,499;13,51886668;52,53283519
199303;11;1;1100206;2018;4;21;3;3;5;2;2;0;0;0;1;0;1;0;797158,2356;5827698,906;13,38041773;52,51820607
199304;11;4;4501043;2018;4;10;5;2;5;2;0;1;1;0;0;0;0;0;792835,7668;5824337,092;13,31394104;52,49040678
199305;11;8;8301036;2018;4;10;2;3;1;5;0;1;1;0;0;0;0;1;803407,7547;5817383,053;13,46285975;52,42230525
199306;11;9;9501737;2018;4;10;5;2;5;2;0;0;1;0;1;0;0;0;814241,479;5822305,135;13,62628827;52,46029915
199307;11;11;11300721;2018;4;14;5;3;3;6;0;0;1;0;1;0;0;0;805087,508;5829969,316;13,49899995;52,53417666
199308;11;4;4100101;2018;4;21;1;3;2;6;2;0;1;0;0;0;0;0;789724,0998;5829693,564;13,27290454;52,54008896
199309;11;4;4501045;2018;4;9;5;3;3;6;0;1;1;0;0;0;0;0;793979,0543;5824936,691;13,33126039;52,4951674
199310;11;3;3200205;2018;4;15;5;2;2;2;0;0;1;0;1;0;0;0;798125,578;5835605,58;13,40173182;52,58855048
199311;11;8;8200623;2018;4;7;4;3;1;5;0;1;1;0;0;0;0;0;801926,9572;5820904,062;13,44433034;52,45468392
199312;11;7;7400927;2018;4;16;7;2;0;6;0;0;1;0;1;0;0;1;798888,9317;5820760,397;13,39962626;52,45506586
199313;11;9;9100306;2018;4;17;3;3;5;7;0;0;1;0;1;0;0;0;804216,5815;5821057,854;13,47806209;52,45479287
199314;11;3;3601450;2018;4;8;5;3;2;6;0;0;0;0;1;0;1;0;802366,0471;5829239,026;13,45833608;52,52914769
199315;11;4;4200308;2018;4;16;2;3;5;3;0;1;1;0;0;0;0;0;789981,9517;5826972,06;13,27432225;52,51555322
199316;11;6;6400839;2018;4;8;5;3;1;5;0;1;1;0;0;0;0;0;787771,9908;5818248,968;13,23431695;52,43851587
199317;11;5;5100317;2018;4;13;5;2;0;7;0;0;1;0;0;0;0;0;786014,75;5828214,061;13,21708724;52,52878379
199318;11;1;1100207;2018;4;15;7;3;5;2;0;1;1;0;0;0;0;0;798549,679;5826818,624;13,40007369;52,50955558
199319;11;4;4501043;2018;4;7;5;3;6;4;0;0;1;1;0;0;0;0;792581,2772;5825299,666;13,31104894;52,49917247
199320;11;12;12500930;2018;4;8;5;3;5;2;0;1;1;0;0;0;0;0;792343,9059;5834060,608;13,31527026;52,57783864
199321;11;7;7100102;2018;4;18;1;3;2;2;0;0;1;0;0;0;0;0;794958,6331;5825672,698;13,34629951;52,5012367
199322;11;4;4501044;2018;4;7;5;3;1;5;0;1;1;0;0;0;0;0;793099,1693;5824500,98;13,31795358;52,49173461
199323;11;7;7100206;2018;4;11;3;3;1;7;0;0;1;0;0;0;0;0;796273,1869;5824599,01;13,36465395;52,49089992
199324;11;4;4400834;2018;4;15;7;3;5;2;0;1;1;0;0;0;0;1;792615,4604;5823018,688;13,30954819;52,47870573
199325;11;4;4501042;2018;4;16;3;3;5;7;0;0;1;0;1;0;0;0;794031,5047;5826056,001;13,333019;52,50517317
199326;11;4;4300414;2018;4;7;5;3;2;6;0;0;1;0;0;0;0;0;790931,6122;5826749,141;13,28808277;52,513049
199327;11;1;1100415;2018;4;21;5;2;4;1;2;1;0;0;0;0;1;0;797808,0942;5829268,67;13,39137256;52,53192255
199328;11;7;7100102;2018;4;16;2;3;2;6;0;0;1;0;1;0;0;1;794974,3303;5825100,972;13,34602374;52,49610308
199329;11;4;4300623;2018;4;12;5;3;8;1;0;0;1;0;0;0;0;0;792639,6705;5826097,316;13,31260772;52,50629186
199330;11;12;12400619;2018;4;15;5;3;5;2;0;1;1;0;0;0;0;0;786547,0648;5837973,846;13,23334628;52,61600638
199331;11;1;1100309;2018;4;9;5;3;0;1;0;1;0;0;0;0;0;0;797988,1396;5828493,639;13,39332434;52,524877
199332;11;7;7200409;2018;4;15;5;3;2;6;0;1;1;0;0;0;0;0;795607,4899;5824463,286;13,3547574;52,49004415
199333;11;11;11100102;2018;4;16;4;3;5;2;0;1;1;0;0;0;0;0;808262,1168;5834026,798;13,54942194;52,56875285
199334;11;1;1100207;2018;4;15;5;2;5;3;0;0;1;0;1;0;0;0;798482,412;5826666,364;13,39894894;52,50822758
199335;11;4;4400833;2018;4;13;7;3;5;2;0;0;1;0;0;0;0;1;792526,423;5822919,654;13,30815402;52,47786561
199336;11;2;2400623;2018;4;18;4;3;3;2;0;1;1;0;0;0;0;0;800587,4919;5827031,833;13,43020263;52,51034762
199337;11;1;1200628;2018;4;20;5;3;6;4;2;0;1;1;0;0;0;0;796400,9834;5828321,837;13,36984547;52,52420212
199338;11;1;1300834;2018;4;9;3;2;6;4;0;0;1;1;0;0;0;0;798143,1726;5830027,236;13,3969782;52,5385389
199339;11;1;1100311;2018;4;16;4;3;5;2;1;1;1;0;0;0;0;0;799852,7324;5827489,492;13,4198208;52,51485418
199340;11;5;5200631;2018;4;20;5;2;1;5;2;1;1;0;0;0;0;0;784733,7161;5827516,267;13,19765697;52,52319801
199341;11;10;10400940;2018;4;13;3;3;5;2;0;0;1;0;0;0;1;0;812380,7792;5824278,564;13,60083867;52,47905026
199342;11;7;7200307;2018;4;18;4;2;6;4;1;0;1;1;0;0;0;0;794790,9191;5824666,088;13,34294506;52,49230372
199343;11;7;7100102;2018;4;10;3;2;5;2;0;0;1;0;1;0;0;0;795455,5078;5825666,085;13,35359229;52,50090862
199344;11;7;7601546;2018;4;15;5;3;6;2;0;0;1;1;0;0;0;0;798544,0137;5814420,75;13,38890666;52,39842651
199345;11;9;9200715;2018;4;14;3;3;5;3;0;1;1;0;0;0;0;0;808986,4038;5818104,456;13,54530529;52,42564933
199346;11;10;10400939;2018;4;16;4;3;6;6;0;1;0;1;0;0;0;0;813561,8386;5827368,996;13,62108057;52,50606675
199347;11;1;1100308;2018;4;7;4;3;0;1;0;0;0;0;1;0;0;1;797055,2747;5828170,355;13,37932582;52,52248818
199348;11;10;10400941;2018;4;15;5;2;5;3;0;0;1;0;0;0;1;0;813101,0817;5824207,055;13,61134309;52,47799701
199349;11;9;9301126;2018;4;15;2;3;6;4;0;0;1;1;0;0;0;0;811244,9503;5817657,028;13,57799839;52,4203597
199350;11;6;6200421;2018;4;14;4;2;0;3;0;1;0;0;0;1;0;0;793131,2633;5817598,46;13,31236334;52,42983808
199351;11;1;1300732;2018;4;15;4;3;1;5;0;1;1;0;0;0;0;0;797319,832;5832317,784;13,3869252;52,55952067
199352;11;9;9501838;2018;4;14;5;3;5;2;0;1;1;0;0;0;0;0;818984,755;5820198,555;13,69385502;52,43867636
199353;11;9;9100304;2018;4;6;4;3;5;2;0;0;1;0;1;0;0;0;804476,715;5821868,971;13,48261826;52,46191786
199354;11;2;2100101;2018;4;13;5;3;3;6;0;1;1;0;0;0;0;0;797592,1818;5825950,019;13,3852305;52,50229273
199355;11;9;9301025;2018;4;11;7;3;5;3;0;0;0;0;1;0;1;0;809493,4173;5815226,359;13,55007733;52,39956944
199356;11;5;5300840;2018;4;15;4;3;2;6;0;0;1;0;1;0;0;0;789413,5266;5828654,652;13,26743322;52,53093996
199357;11;8;8100206;2018;4;19;5;3;1;5;0;1;1;0;0;0;0;0;800427,8414;5823790,892;13,4249344;52,48138585
199358;11;8;8100209;2018;4;14;3;3;5;3;0;1;1;0;0;0;0;0;801199,7523;5822135,074;13,43477155;52,46611908
199359;11;8;8100520;2018;4;15;4;3;6;4;0;0;0;1;0;0;1;0;803216,8695;5822727,056;13,46491131;52,47030933
199360;11;1;1100309;2018;4;19;5;3;5;7;0;0;1;0;1;0;0;0;798132,5883;5828446,057;13,39540452;52,52437152
199361;11;2;2200212;2018;4;8;2;3;5;3;0;1;1;0;0;0;0;0;799222,3477;5824585,69;13,40794961;52,48917199
199362;11;9;9200715;2018;4;16;4;3;3;6;0;0;1;0;1;0;0;0;807943,6138;5819089,35;13,53092453;52,43506397
199363;11;4;4100101;2018;4;16;4;3;0;2;0;0;1;0;0;0;1;0;791679,1767;5830692,694;13,30252767;52,54800294
199364;11;6;6300525;2018;4;19;5;2;5;2;0;1;1;0;0;0;0;0;790224,0944;5815099,114;13,26755653;52,4089806
199365;11;1;1100102;2018;4;6;2;2;5;3;0;1;1;0;0;0;0;0;796566,8556;5826869,613;13,37098865;52,51109421
199366;11;8;8300934;2018;4;14;4;3;5;2;0;0;1;0;0;0;0;0;803156,773;5818431,928;13,46013085;52,43184547
199367;11;4;4501042;2018;4;14;4;2;3;6;0;0;1;0;1;0;0;0;793877,0239;5825510,73;13,33026831;52,50036832
199368;11;7;7501030;2018;4;18;5;3;6;2;0;0;1;1;0;0;0;0;797901,2779;5820051,854;13,38450235;52,44925372
199369;11;12;12200414;2018;4;8;4;3;3;6;0;0;1;0;1;0;0;0;791923,8478;5831469,789;13,30680895;52,55483831
199370;11;8;8100417;2018;4;13;4;3;5;3;0;0;1;0;0;0;0;0;801741,2618;5822667,104;13,44319969;52,47058899
199371;11;4;4300619;2018;4;18;5;3;6;4;0;0;0;1;0;0;1;0;791834,8288;5827464,118;13,30198183;52,51897613
199372;11;9;9100407;2018;4;12;2;3;6;7;0;0;1;1;0;0;0;1;805681,59;5819291,583;13,49793895;52,43814529
199373;11;5;5300737;2018;4;13;4;3;5;2;0;0;1;0;0;0;1;0;788032,5992;5829370,155;13,24775235;52,53808622
199374;11;5;5100316;2018;4;13;5;3;6;7;0;1;0;1;0;0;0;0;785154,8694;5829169,12;13,20526546;52,53779727
199375;11;4;4400833;2018;4;10;4;2;5;2;0;0;1;0;0;0;0;0;792410,528;5822794,892;13,30634303;52,47680921
199376;11;7;7200409;2018;4;9;7;3;1;5;0;1;1;0;0;0;0;1;795871,4835;5824524,011;13,35868814;52,49044549
199377;11;1;1100313;2018;4;13;4;3;5;3;0;1;1;0;0;0;0;0;800375,554;5826506,906;13,42661546;52,50575927
199378;11;12;12400722;2018;4;12;5;3;8;1;0;0;1;0;0;0;0;0;791263,014;5838662,487;13,30341251;52,6196727
199379;11;1;1200517;2018;4;18;3;3;5;2;0;1;1;0;0;0;0;0;792738,6561;5828278,975;13,3159815;52,5257966
199380;11;5;5100316;2018;4;12;4;2;3;6;0;0;1;0;1;0;0;0;784207,0639;5828957,014;13,19114719;52,53639066
199381;11;3;3601245;2018;4;17;5;3;6;4;0;0;1;1;0;0;0;0;800625,1873;5830992,037;13,43433705;52,54582309
199382;11;1;1100207;2018;4;23;2;3;1;5;2;1;1;0;0;0;0;0;797827,9426;5827029,395;13,38965919;52,5118394
199383;11;1;1200522;2018;4;11;4;3;2;6;0;0;1;0;0;0;0;0;793713,5705;5828115,405;13,3301661;52,52380593
199384;11;5;5200421;2018;4;10;4;3;1;5;0;0;1;0;0;0;0;0;781391,9085;5828665,861;13,14950502;52,53524095
199385;11;6;6300527;2018;4;12;5;3;5;2;0;1;0;0;1;0;0;0;790497,4445;5818066,172;13,2741402;52,43543619
199386;11;8;8100209;2018;4;19;1;3;6;7;0;0;1;1;0;0;0;0;801215,6521;5822114,293;13,43498614;52,46592404
199387;11;10;10100312;2018;4;9;4;2;6;4;0;0;1;1;0;0;0;0;807691,9536;5830166,915;13,53745923;52,53448357
199388;11;6;6100102;2018;4;9;4;3;0;5;0;1;1;0;0;0;0;0;793060,6799;5821405,145;13,31466755;52,46400202
199389;11;2;2300316;2018;4;17;5;3;3;2;0;0;0;0;1;1;0;0;800625,7693;5826266,423;13,43007376;52,50346594
199390;11;2;2300314;2018;4;21;4;3;1;5;2;1;1;0;0;0;0;0;799931,9157;5826039,987;13,41967815;52,50181814
199391;11;2;2500832;2018;4;21;7;3;5;2;2;1;1;0;0;0;0;0;803612,5881;5827324,947;13,47490832;52,51129953
199392;11;11;11100308;2018;4;12;5;3;1;5;0;0;1;0;0;0;0;0;804874,2229;5833198,1;13,49882939;52,5632337
199393;11;9;9401329;2018;4;17;3;3;5;7;0;0;0;0;1;0;1;0;811809,583;5819902,541;13,58836816;52,44016142
199394;11;12;12100204;2018;4;9;4;3;5;2;0;1;1;0;0;0;0;0;795629,237;5833003,774;13,36267068;52,56659035
199395;11;8;8100310;2018;4;22;7;3;5;2;2;1;1;0;0;0;0;0;801052,9749;5824919,229;13,43513106;52,49115518
199396;11;9;9200510;2018;4;12;5;3;0;4;0;1;0;1;0;0;0;0;806604,8919;5822036,884;13,51399906;52,4622329
199397;11;4;4400726;2018;4;18;3;3;5;3;0;1;1;0;0;0;0;0;790854,8414;5823647,167;13,28424564;52,48528064
199398;11;8;8200730;2018;4;8;4;3;0;1;0;0;1;0;1;0;0;0;802164,2751;5818938,335;13,44603442;52,43693361
199399;11;10;10300734;2018;4;16;5;3;5;2;0;0;1;0;1;0;0;0;809633,6444;5825752,953;13,56188754;52,4938277
199400;11;11;11300721;2018;4;17;2;3;5;2;0;1;1;0;0;0;0;1;805200,8399;5828716,663;13,49951578;52,52288643