OBJECTID;LAND;BEZ;LOR_ab_2021;UJAHR;UMONAT;USTUNDE;UWOCHENTAG;UKATEGORIE;UART;UTYP1;ULICHTVERH;IstRad;IstPKW;IstFuss;IstKrad;IstGkfz;IstSonstig;USTRZUSTAND;LINREFX;LINREFY;XGCSWGS84;YGCSWGS84
199822;11;5;5200629;2018;4;12;6;3;5;2;0;1;1;0;0;0;0;0;783794,9602;5828688,054;13,18485792;52,53419389
199823;11;7;7501032;2018;4;8;3;3;2;6;0;0;1;0;0;0;1;0;799498,2103;5820506,627;13,40833841;52,45245766
199824;11;7;7501032;2018;4;17;6;3;0;1;0;0;0;0;1;0;0;0;799979,4886;5820426,305;13,41532742;52,45147379
199825;11;2;2200211;2018;4;11;6;3;6;4;0;0;0;1;0;1;0;0;797932,3256;5824576,168;13,38899803;52,48979219
199826;11;2;2400521;2018;4;6;3;3;9;1;0;0;1;0;0;0;0;0;800701,2404;5828469,842;13,43317331;52,52317417
199827;11;6;6200311;2018;4;16;6;3;0;7;0;0;1;0;0;0;1;0;795825,6738;5819051,844;13,35316433;52,44141641
199828;11;12;12400721;2018;4;10;6;3;5;3;0;0;1;0;0;0;0;0;789970,308;5841007,472;13,2864286;52,64138653
199829;11;2;2200213;2018;4;9;6;2;6;4;0;0;1;1;0;0;0;0;799563,9936;5824897,013;13,41324618;52,49177518
199830;11;9;9200716;2018;4;6;3;3;5;3;0;0;1;0;0;0;0;0;809467,5173;5819065,482;13,55324769;52,43399007
199831;11;12;12100205;2018;4;16;6;3;5;2;0;1;1;0;0;0;0;0;794575,4642;5833966,951;13,3480242;52,57579568
199832;11;9;9100407;2018;4;8;6;3;6;7;0;0;1;1;0;0;0;0;805830,0156;5819049,378;13,49989405;52,43589153
199833;11;11;11300722;2018;4;8;6;2;5;2;0;1;0;0;0;0;1;0;803861,9008;5828653,423;13,479784;52,52306742
199834;11;1;1100414;2018;4;6;3;3;6;2;0;0;1;1;0;0;0;0;797389,6357;5829301,139;13,38525082;52,53244205
199835;11;1;1200522;2018;4;16;6;3;5;2;0;0;1;0;1;0;0;0;794192,4994;5828318,094;13,33738421;52,52536471
199836;11;6;6100207;2018;4;16;6;3;2;7;0;0;1;0;0;0;0;0;794017,2919;5819732,844;13,32723538;52,44849662
199837;11;9;9200819;2018;4;7;6;3;2;6;0;0;1;0;0;0;1;0;810474,6072;5820273,797;13,56913648;52,44424797
199838;11;2;2100103;2018;4;13;3;3;6;4;0;1;0;1;0;0;0;0;798675,2962;5826439,998;13,40157941;52,50609296
199839;11;4;4500939;2018;4;16;6;2;0;4;0;0;0;1;1;0;0;0;792757,522;5824271,539;13,31273433;52,48986108
199840;11;10;10400940;2018;4;5;6;2;5;3;1;1;0;0;0;0;1;0;813094,2861;5826504,719;13,61340178;52,49859043
199841;11;3;3601450;2018;4;16;3;3;0;2;0;1;1;0;0;0;0;0;802261,2689;5829167,162;13,45673089;52,52856168
199842;11;2;2400624;2018;4;16;6;3;4;6;0;1;1;0;0;0;0;0;801562,986;5827207,014;13,44469173;52,51137941
199843;11;4;4300619;2018;4;11;6;3;3;5;0;0;1;0;0;0;1;0;792550,6033;5827124,077;13,31220172;52,51554424
199844;11;7;7200411;2018;4;21;6;3;3;6;2;1;1;0;0;0;0;0;795935,9973;5824082,856;13,3592438;52,48645593
199845;11;4;4200308;2018;4;20;3;3;2;6;2;0;1;0;0;0;0;0;790376,5825;5827323,59;13,28042829;52,51849474
199846;11;8;8200831;2018;4;15;6;2;0;6;0;0;1;0;0;0;1;0;800063,3828;5817401,224;13,41384264;52,42431219
199847;11;4;4400835;2018;4;20;3;3;6;7;1;0;1;1;0;0;0;0;793292,8308;5822210,789;13,31878308;52,47109982
199848;11;1;1100102;2018;4;15;6;3;0;6;0;0;1;0;1;0;0;0;795079,735;5827225,102;13,34945455;52,5150874
199849;11;1;1100102;2018;4;21;6;3;5;3;2;0;1;0;0;0;0;0;795162,8421;5827238,262;13,35068738;52,5151604
199850;11;8;8100102;2018;4;19;6;3;6;4;0;1;0;1;0;0;0;0;799833,137;5823659,833;13,41608556;52,48053796
199851;11;1;1100103;2018;4;20;3;3;2;6;1;0;1;0;0;0;0;0;795413,4123;5825851,084;13,35313807;52,50258978
199852;11;2;2300417;2018;4;14;6;3;5;3;0;0;1;0;0;0;0;0;800625,6097;5825680,611;13,4295426;52,49821521
199853;11;4;4300412;2018;4;19;6;3;5;7;0;1;1;0;0;0;0;0;791680,2017;5827498,06;13,29973919;52,51936314
199854;11;1;1100311;2018;4;19;6;3;0;5;0;0;1;0;1;0;0;0;799798,5619;5827886,303;13,41938247;52,51844074
199855;11;4;4300624;2018;4;18;3;2;6;4;0;0;1;1;0;0;0;0;793294,1737;5826416,083;13,32250415;52,50879802
199856;11;7;7601238;2018;4;15;6;3;2;6;0;0;1;0;0;0;0;0;798100,5348;5815823,753;13,3836566;52,41124461
199857;11;6;6100206;2018;4;15;6;2;5;2;0;1;0;0;0;0;0;0;794330,759;5819564,849;13,33168654;52,44682194
199858;11;9;9200511;2018;4;19;3;2;0;1;0;1;0;0;0;0;0;0;806640,338;5822049,714;13,51453095;52,46232799
199859;11;1;1300733;2018;4;14;6;3;3;6;0;0;1;0;1;0;0;0;797246,9435;5831311,675;13,38495227;52,55054194
199860;11;6;6400844;2018;4;17;6;3;4;6;0;1;0;0;0;0;0;0;792468,1826;5821566,109;13,3061122;52,46576251
199861;11;11;11400929;2018;4;17;3;1;6;4;0;0;0;1;0;0;1;0;805242,093;5827314,161;13,49883527;52,5102935
199862;11;10;10100315;2018;4;14;6;3;3;6;0;1;0;0;0;0;1;0;809868,376;5831291,159;13,57049219;52,54332559
199863;11;3;3601245;2018;4;17;6;3;0;2;0;0;1;0;1;0;0;0;800407,5165;5831531,377;13,43162464;52,55077738
199864;11;3;3601140;2018;4;19;2;3;5;2;0;1;1;0;0;0;0;0;798516,46;5831494,301;13,40378421;52,55148468
199865;11;1;1401046;2018;4;16;6;3;5;2;0;1;0;0;0;0;1;0;794726,0215;5830011,296;13,34672688;52,54025489
199866;11;10;10300734;2018;4;8;2;3;2;6;0;0;1;0;0;0;0;0;809546,0829;5826940,981;13,56170604;52,50452411
199867;11;3;3400619;2018;4;21;2;3;5;3;2;1;1;0;0;0;0;0;796032,7142;5835733,42;13,3710437;52,59083942
199868;11;4;4300518;2018;4;14;6;3;5;3;0;1;1;0;0;0;0;0;792065,1352;5828105,728;13,30592981;52,52460471
199869;11;1;1200625;2018;4;16;6;3;0;7;0;1;0;0;0;0;0;0;794711,9982;5828701,913;13,34535964;52,52852481
199870;11;4;4500937;2018;4;19;2;3;2;6;0;0;1;0;0;0;0;0;791222,0848;5824998,504;13,29081971;52,4971996
199871;11;8;8100521;2018;4;14;6;3;5;3;0;0;1;0;0;0;0;0;802055,289;5822125,486;13,44731838;52,46556085
199872;11;4;4300620;2018;4;19;2;3;6;2;0;0;1;1;0;0;0;0;793611,6864;5827931,372;13,32850623;52,52221105
199873;11;1;1300733;2018;4;15;6;3;5;2;0;1;1;0;0;0;0;0;797236,78;5831320,483;13,3848107;52,55062644
199874;11;4;4501042;2018;4;18;2;3;2;6;0;0;1;0;0;0;0;0;793810,6436;5825858,208;13,32959982;52,50351903
199875;11;1;1100311;2018;4;13;6;3;5;3;0;0;1;0;0;0;0;0;799718,555;5827664,615;13,41800717;52,51649764
199876;11;8;8200726;2018;4;13;6;3;5;3;0;1;1;0;0;0;0;0;801260,2899;5819808,863;13,43356124;52,44523513
199877;11;7;7400823;2018;4;18;2;3;5;2;0;1;1;0;0;0;0;0;796882,6602;5822236,751;13,37150089;52,46939343
199878;11;1;1100311;2018;4;12;6;3;0;2;0;1;1;0;1;0;0;0;799730,1678;5827539,924;13,41806547;52,51537359
199879;11;6;6300633;2018;4;16;6;2;5;7;0;0;1;0;1;0;0;0;793214,1348;5819728,575;13,31544752;52,44888969
199880;11;10;10400940;2018;4;18;2;3;5;3;0;1;1;0;0;0;0;0;811982,494;5826843,854;13,59739475;52,50226617
199881;11;2;2200208;2018;4;12;6;3;3;6;0;1;0;0;0;0;0;0;797259,3884;5824806,128;13,37932128;52,49222038
199882;11;10;10400938;2018;4;16;6;2;5;3;0;1;1;0;0;0;0;0;814743,6764;5829892,369;13,64082278;52,52799745
199883;11;12;12200310;2018;4;18;2;3;5;3;0;0;1;0;0;0;0;0;792132,7022;5833150,14;13,31136016;52,56979007
199884;11;2;2300315;2018;4;22;6;3;5;7;2;0;1;0;0;0;0;0;800389,7636;5825794,902;13,42618189;52,4993695
199885;11;6;6300526;2018;4;18;2;3;5;2;0;1;1;0;0;0;0;0;789414,6956;5817994,395;13,25819524;52,43536668
199886;11;8;8401243;2018;4;12;6;3;0;6;0;1;1;0;0;0;0;0;805771,9016;5818046,866;13,49812514;52,42693894
199887;11;8;8301037;2018;4;17;2;3;0;2;0;0;1;0;1;0;0;0;804133,0722;5817759,635;13,47383562;52,42527791
199888;11;11;11400930;2018;4;11;6;3;5;3;0;0;1;0;0;0;0;0;806041,0216;5826605,785;13,50991956;52,50349721
199889;11;1;1100311;2018;4;15;6;3;3;6;0;0;1;0;0;0;0;0;799956,4314;5827463,918;13,42132133;52,51456793
199890;11;1;1100313;2018;4;16;2;3;5;3;0;1;1;0;0;0;0;0;799660,7792;5827044,376;13,41659975;52,51096991
199891;11;8;8100312;2018;4;12;6;3;3;6;0;0;1;0;0;0;0;0;801052,3537;5824186,74;13,43446027;52,48459002
199892;11;2;2300316;2018;4;16;2;3;2;6;0;0;1;0;0;0;0;0;801066,8615;5826327,976;13,43660827;52,50377446
199893;11;7;7300619;2018;4;11;6;3;2;6;0;0;1;0;0;0;0;0;794645,107;5821861,994;13,33832567;52,46724535
199894;11;6;6400843;2018;4;15;6;3;2;6;0;0;1;0;1;0;0;0;791532,7799;5820649,707;13,29158154;52,45804688
199895;11;9;9501737;2018;4;15;6;3;1;7;0;0;1;0;0;0;0;0;814046,4034;5820772,728;13,62198554;52,44667939
199896;11;2;2200212;2018;4;15;2;3;6;7;0;1;0;1;0;0;0;0;800039,0203;5824451,142;13,41982034;52,48751775
199897;11;6;6200420;2018;4;21;6;2;0;1;2;1;0;0;0;0;0;0;792855,8846;5816228,315;13,30712509;52,41770236
199898;11;1;1100102;2018;4;16;6;3;6;4;0;0;1;1;0;0;0;1;795174,0259;5826923,398;13,35057241;52,51233183
199899;11;1;1100310;2018;4;20;6;3;0;1;2;1;0;0;0;0;0;0;799562,39;5828244,567;13,41623489;52,52178181
199900;11;4;4300623;2018;4;8;6;3;2;6;0;0;1;0;0;0;1;0;792739,2651;5826457,601;13,31438776;52,50946828
199901;11;11;11300724;2018;4;15;2;3;6;4;0;0;1;1;0;0;0;0;804659,0366;5827831,18;13,49074385;52,51525325
199902;11;2;2200212;2018;4;18;6;3;0;1;0;0;0;0;1;0;0;0;799811,1876;5824470,865;13,41649276;52,4878197
199903;11;8;8200832;2018;4;9;5;3;0;4;0;0;0;1;0;0;1;1;800917,5775;5816851,985;13,42587297;52,41892002
199904;11;7;7400823;2018;4;12;5;2;2;6;0;0;1;0;0;0;0;1;797295,2976;5821387,099;13,37680067;52,46155275
199905;11;4;4300518;2018;4;15;2;3;5;2;0;1;1;0;0;0;0;0;792061,5809;5828220,744;13,30597859;52,5256377
199906;11;9;9301228;2018;4;14;6;2;9;1;0;0;1;0;0;0;0;0;816372,046;5809746,024;13,64568079;52,34653157
199907;11;1;1200517;2018;4;15;2;2;5;2;0;1;1;0;0;0;0;0;795199,8797;5829647,546;13,35337045;52,53673766
199908;11;1;1100308;2018;4;17;5;3;3;2;0;1;1;0;0;0;0;0;797603,2531;5828357,501;13,38754611;52,52386691
199909;11;1;1200517;2018;4;18;5;3;5;3;0;0;1;0;1;0;0;1;794880,0039;5829527,054;13,34856103;52,53583072
199910;11;6;6300528;2018;4;15;2;3;5;3;0;0;1;0;0;0;0;0;789461,4437;5816416,588;13,25751533;52,42119617
199911;11;2;2300316;2018;4;16;5;2;5;3;0;1;1;0;0;0;0;0;801417,9555;5826073,797;13,44153514;52,50130237
199912;11;3;3300411;2018;4;5;5;3;5;3;0;0;1;0;0;0;0;0;804454,9302;5838806,761;13,49781679;52,61373524
199913;11;1;1100415;2018;4;15;2;3;6;6;0;1;0;1;0;0;0;0;797325,6742;5829122,133;13,38415055;52,53087237
199914;11;6;6300633;2018;4;8;5;3;0;3;0;1;0;0;0;0;1;0;792363,1945;5819231,366;13,30252688;52,44488799
199915;11;2;2300314;2018;4;21;5;2;2;7;2;1;1;0;0;0;0;0;799874,7099;5825991,7;13,41879442;52,50141675
199916;11;1;1100309;2018;4;20;5;3;1;1;2;0;1;0;0;0;0;0;797987,3835;5828623,553;13,39342964;52,52604192
199917;11;3;3701556;2018;4;8;5;3;6;4;0;1;0;1;0;0;0;0;799575,4515;5829849,809;13,41787323;52,53616309
199918;11;2;2100104;2018;4;18;5;3;5;3;0;0;1;0;1;0;0;1;798789,1494;5826406,641;13,40322194;52,50573162
199919;11;5;5100316;2018;4;18;5;3;5;3;0;0;1;0;0;0;0;1;783780,9415;5829108,815;13,18501112;52,53797379
199920;11;10;10100315;2018;4;22;5;2;5;2;2;0;1;0;0;0;0;0;809837,21;5831003,717;13,56976603;52,5407674
199921;11;7;7100102;2018;5;16;2;3;5;2;0;0;1;0;1;0;0;0;794948,2941;5825651,992;13,3461293;52,50105668
199922;11;9;9100101;2018;5;16;2;3;6;4;0;0;1;1;0;0;0;0;802249,4869;5825207,111;13,45296157;52,49307431
199923;11;12;12500930;2018;5;9;6;3;5;2;0;0;1;0;0;0;1;0;792355,6142;5834060,858;13,31544277;52,57783459
199924;11;2;2500835;2018;5;14;2;3;6;4;0;0;0;1;1;0;0;0;803170,4469;5826336,229;13,4675128;52,50268371
199925;11;2;2500728;2018;5;9;6;3;5;2;0;1;1;0;0;0;0;0;803198,368;5828314,865;13,46972542;52,52040236
199926;11;3;3601142;2018;5;14;2;3;1;5;0;0;1;0;1;0;0;0;798957,9469;5830382,674;13,40927558;52,5412785
199927;11;8;8100102;2018;5;21;6;3;6;4;2;0;1;1;0;0;0;0;800472,1429;5823546,144;13,42536423;52,4791677
199928;11;1;1200517;2018;5;8;6;3;5;2;0;0;1;0;1;0;0;0;795264,1334;5829656,531;13,35432302;52,53678341
199929;11;7;7501133;2018;5;14;2;3;0;6;0;1;1;0;0;0;0;0;797398,2279;5818336,707;13,37559557;52,43415295
199930;11;7;7400823;2018;5;23;6;2;1;5;2;1;1;0;0;0;0;0;797309,3306;5821621,075;13,37721502;52,46364249
199931;11;3;3400827;2018;5;8;6;3;5;3;0;0;1;0;0;0;0;0;799490,9419;5831866,555;13,4184494;52,55428642
199932;11;9;9401534;2018;5;14;2;3;1;5;0;1;1;0;0;0;0;0;810871,0942;5820585,125;13,5752409;52,44681272
199933;11;8;8100314;2018;5;13;2;3;0;5;0;1;0;0;0;0;1;0;801314,8372;5823834,534;13,43799569;52,48128833
199934;11;4;4100101;2018;5;13;2;3;5;2;0;0;1;0;0;0;0;0;791299,6003;5830670,939;13,29692662;52,54801101
199935;11;7;7501134;2018;5;7;6;3;5;3;0;0;1;0;0;1;0;0;798915,6552;5819084,225;13,39851857;52,44002645
199936;11;12;12100204;2018;5;14;2;3;6;4;0;0;1;1;1;0;0;0;795720,5179;5832549,59;13,36360865;52,56246947
199937;11;3;3701555;2018;5;7;6;3;5;3;0;1;1;0;0;0;0;0;799598,1759;5829903,167;13,41825537;52,53662887
199938;11;1;1100312;2018;5;7;6;2;5;2;0;1;0;0;0;1;0;0;799508,0816;5826689,837;13,41403743;52,50787586
199939;11;12;12200412;2018;5;14;2;2;5;2;0;0;1;0;1;0;0;0;791202,5334;5834041,951;13,2984578;52,57828337
199940;11;10;10300731;2018;5;7;6;3;1;5;0;1;1;0;0;0;0;0;809133,816;5829217,872;13,55776665;52,52516271
199941;11;4;4501042;2018;5;16;5;3;5;2;0;0;1;0;1;0;0;0;793914,6359;5825531,284;13,33083894;52,50053232
199942;11;9;9200717;2018;5;15;2;2;6;4;0;0;1;1;0;0;0;0;809806,0723;5819959,412;13,5590403;52,44180968
199943;11;4;4200310;2018;5;16;5;3;5;3;0;0;1;0;1;0;0;0;790074,2772;5826675,619;13,27542059;52,51284649
199944;11;8;8200730;2018;5;15;2;3;5;7;0;0;1;0;0;0;0;0;801963,386;5818966,401;13,44311355;52,43729612
199945;11;7;7100101;2018;5;16;2;3;0;7;0;0;1;0;0;0;0;0;794698,3899;5824907,935;13,34180007;52,49452169
199946;11;6;6200312;2018;5;13;2;3;2;6;0;0;1;0;0;0;0;0;794377,8887;5819093,422;13,33196264;52,44257043
199947;11;6;6300632;2018;5;15;5;3;6;7;0;0;1;1;0;0;0;0;791264,5288;5816279,353;13,28383615;52,41900913
199948;11;11;11100102;2018;5;16;2;3;2;6;0;0;1;0;1;0;0;0;807885,8119;5833931,202;13,54379859;52,56810909
199949;11;9;9300920;2018;5;7;5;3;5;3;0;1;1;0;0;0;0;0;808623,197;5817619,336;13,53953307;52,42150662
199950;11;11;11300618;2018;5;18;5;3;5;3;0;0;1;0;0;0;0;0;802399,0305;5829014,391;13,45861652;52,52711601
199951;11;1;1300835;2018;5;7;2;3;0;3;0;0;0;0;1;1;0;0;797890,6776;5830097,24;13,3933291;52,53930448
199952;11;2;2500831;2018;5;23;2;3;5;3;2;0;1;0;1;0;0;0;803027,9072;5827345,215;13,46633771;52,5118063
199953;11;2;2100104;2018;5;19;5;3;5;3;1;1;1;0;0;0;0;0;799300,3894;5826172,889;13,41052167;52,50335616
199954;11;2;2200212;2018;5;19;2;2;5;2;0;1;0;0;0;0;0;0;799052,339;5824537,368;13,40540984;52,488832
199955;11;10;10100316;2018;5;19;5;3;2;6;0;0;1;0;0;0;0;0;810557,5888;5831917,03;13,58120783;52,54854189
199956;11;12;12100101;2018;5;20;2;3;5;3;1;1;1;0;0;0;0;0;796401,4648;5832671,089;13,37373335;52,56318832
199957;11;1;1200520;2018;5;10;2;3;3;2;0;0;1;0;0;0;1;0;794562,752;5828729,403;13,34319032;52,5288519
199958;11;7;7200307;2018;5;19;5;3;2;7;0;1;0;0;0;0;1;0;794585,7343;5824655,041;13,33992188;52,49231547
199959;11;4;4501149;2018;5;20;2;3;5;2;1;1;1;0;0;0;0;0;793714,3871;5824027,382;13,32657153;52,48715833
199960;11;8;8100415;2018;5;20;2;3;6;7;0;0;1;1;0;0;0;0;801914,1932;5823571,874;13,44655679;52,47860304
199961;11;3;3500936;2018;5;7;5;3;0;6;0;1;0;0;0;0;1;0;802713,9026;5831757,168;13,46574248;52,55152431
199962;11;2;2300315;2018;5;20;5;3;5;3;1;1;0;0;0;0;1;0;800389,6253;5825782,576;13,42616874;52,4992591
199963;11;9;9200715;2018;5;17;2;3;6;2;0;0;1;1;0;0;0;0;808499,1556;5818733,65;13,53874248;52,43156314
199964;11;12;12400619;2018;5;16;5;3;4;1;0;0;1;0;0;0;0;0;787168,8367;5836434,117;13,2411685;52,6018739
199965;11;12;12200309;2018;5;16;5;3;0;5;0;1;0;0;0;0;1;0;792682,4646;5832790,37;13,31913118;52,56626957
199966;11;10;10200628;2018;5;18;2;3;1;5;0;0;0;0;0;1;1;0;811638,509;5829781,304;13,59509451;52,52878598
199967;11;4;4501149;2018;5;18;2;3;5;7;0;1;1;0;0;0;0;0;793442,1409;5824114,67;13,32265046;52,48808724
199968;11;1;1200623;2018;5;18;5;3;3;6;0;1;1;0;0;0;0;0;794872,0466;5829008,478;13,34798399;52,53118639
199969;11;5;5100317;2018;5;0;2;3;8;1;2;0;1;0;0;0;0;0;787153,2807;5828123,821;13,23374642;52,52737618
199970;11;4;4500936;2018;5;17;5;3;5;7;0;0;1;0;0;0;1;0;792205,4736;5825334,769;13,30555945;52,49968852
199971;11;4;4501149;2018;5;18;2;3;5;2;0;1;0;0;1;0;0;0;793454,0968;5824423,74;13,32309821;52,4908515
199972;11;5;5100208;2018;5;16;5;3;2;6;0;0;1;0;0;0;0;0;781330,7996;5830750,776;13,15037243;52,55396697
199973;11;8;8100103;2018;5;19;5;3;2;6;0;0;1;0;0;0;0;0;800714,7221;5822881,136;13,42832574;52,47307348
199974;11;5;5200629;2018;5;18;2;3;0;2;0;0;1;0;0;0;1;0;784559,0525;5828207,847;13,19568138;52,52948992
199975;11;10;10200421;2018;5;18;5;2;5;2;0;0;1;0;1;0;0;0;812070,5782;5830619,062;13,6022295;52,5360461
199976;11;12;12500824;2018;5;18;5;2;5;3;0;0;1;0;0;0;0;0;790239,1442;5835855,498;13,28586911;52,59505635
199977;11;1;1100206;2018;5;18;2;3;1;5;0;0;1;0;1;0;0;0;798136,6664;5827208,632;13,39435548;52,51327738
199978;11;3;3500933;2018;5;17;5;3;2;6;0;0;1;0;0;0;0;0;802400,2465;5832547,496;13,46185051;52,55878211
199979;11;9;9501737;2018;5;16;5;2;5;3;0;1;1;0;0;0;0;0;814279,002;5822677,418;13,62718923;52,46361358
199980;11;9;9300920;2018;5;7;2;3;5;2;0;1;1;0;0;0;0;0;807568,547;5815418,875;13,52205119;52,40237915
199981;11;5;5100208;2018;5;7;2;2;5;7;0;0;1;0;1;0;0;0;781315,0691;5830754,688;13,15014434;52,55401017
199982;11;3;3601449;2018;5;15;5;2;5;3;0;1;1;0;0;0;0;0;801415,2525;5830908,45;13,44587688;52,54463738
199983;11;9;9502043;2018;5;8;2;3;5;7;0;0;1;0;0;0;0;0;809788,6795;5821966,349;13,56064657;52,45980528
199984;11;5;5100314;2018;5;22;5;3;8;1;2;0;1;0;0;0;0;0;785277,4943;5830275,883;13,20801904;52,54765619
199985;11;1;1300835;2018;5;7;2;3;0;2;0;1;1;0;0;0;0;0;797545,5918;5829412,713;13,38764307;52,53335707
199986;11;3;3500932;2018;5;4;5;3;6;7;2;1;0;1;0;0;0;0;800965,2273;5832156,908;13,44039224;52,55607623
199987;11;10;10100209;2018;5;7;5;2;5;3;0;0;1;0;0;0;0;0;809965,6947;5832052,597;13,57263325;52,55009385
199988;11;3;3500936;2018;5;7;2;3;0;7;0;0;1;0;1;0;0;1;802774,8908;5831648,074;13,46653975;52,55051263
199989;11;7;7100102;2018;5;7;5;3;5;2;0;1;1;0;0;0;0;0;795014,5197;5825653,705;13,34710362;52,50103623
199990;11;4;4500939;2018;5;8;2;3;2;6;0;1;0;0;0;0;0;0;792034,9482;5824055,696;13,30193327;52,48831311
199991;11;8;8100209;2018;5;9;2;3;5;3;0;0;1;0;0;0;0;0;801472,8706;5822058,616;13,43871069;52,46528314
199992;11;1;1100102;2018;5;7;2;3;5;3;0;1;1;0;0;0;0;0;796407,0668;5826804,923;13,36858342;52,51060118
199993;11;1;1300733;2018;5;9;5;3;2;7;0;0;1;0;1;0;1;0;797344,4472;5831227,644;13,3863108;52,54973549
199994;11;11;11401137;2018;5;9;5;3;5;2;0;1;1;0;0;0;0;0;806474,6741;5825556,585;13,51532306;52,49385061
199995;11;5;5200528;2018;5;8;2;2;2;6;0;0;0;0;1;0;1;0;782644,2231;5826958,588;13,16646776;52,51928488
199996;11;2;2200212;2018;5;9;2;3;2;6;0;0;1;0;0;0;1;0;799789,2255;5824488,533;13,41618617;52,48799012
199997;11;4;4300619;2018;5;9;2;3;2;6;0;0;1;0;0;0;0;0;791743,0121;5827486,064;13,30065174;52,519222
199998;11;6;6200422;2018;5;10;5;3;5;3;0;1;1;0;0;0;0;0;794480,3714;5816577,913;13,3312507;52,41996476
199999;11;6;6100209;2018;5;9;2;3;5;2;0;1;1;0;0;0;0;0;794091,5279;5821506,634;13,32988695;52,46435798
200000;11;6;6400844;2018;5;11;5;3;6;4;0;1;0;1;0;0;0;0;792574,7127;5821690,299;13,30778476;52,46681882
200001;11;1;1100309;2018;5;12;5;2;0;1;0;1;0;0;0;0;0;0;798533,8045;5828995,119;13,40179369;52,52907357
200002;11;2;2100104;2018;5;12;5;3;4;6;0;0;1;0;0;0;0;0;799345,7256;5826283,85;13,41128735;52,50432589
200003;11;3;3200205;2018;5;10;2;3;5;3;0;0;1;0;0;0;0;0;797883,1435;5836023,267;13,39853941;52,59242725
200004;11;6;6400844;2018;5;10;2;3;5;3;0;1;1;0;0;0;0;0;791979,3515;5821480,635;13,2988622;52,4652577
200005;11;12;12601235;2018;5;15;5;3;6;4;0;0;1;1;0;0;0;0;795299,6664;5836227,428;13,36069452;52,59566617
200006;11;1;1100206;2018;5;10;2;3;5;3;0;1;1;0;0;0;0;0;797761,7831;5827443,901;13,38905808;52,51559106
200007;11;3;3200206;2018;5;15;5;3;5;3;0;0;1;0;0;0;0;0;797284,838;5834874,92;13,3887027;52,58246121
200008;11;12;12400720;2018;5;10;2;3;0;3;0;0;1;0;0;0;1;0;789669,6389;5840022,539;13,28113387;52,63271723
200009;11;6;;2018;5;15;5;3;2;6;0;1;1;0;0;0;0;0;781030,606;5812644,453;13,1307005;52,39176668
200010;11;4;4501040;2018;5;13;5;3;1;5;0;1;1;0;0;0;0;0;792674,6715;5825893,419;13,31294269;52,50444521
200011;11;6;6100101;2018;5;11;2;3;3;6;0;1;1;0;0;0;0;0;793385,4927;5820708,14;13,31882233;52,45757928
200012;11;8;8100415;2018;5;0;4;3;3;6;2;1;1;0;0;0;0;0;802025,7871;5823501,107;13,44813086;52,47790704
200013;11;1;1100310;2018;5;11;2;2;6;2;0;0;1;1;0;0;0;0;799053,8219;5828341,054;13,40884833;52,52292582
200014;11;2;2200212;2018;5;13;5;3;1;5;0;1;1;0;0;0;0;0;800148,1573;5824417,079;13,42139214;52,48715244
200015;11;9;9200819;2018;5;17;4;3;0;2;0;1;1;0;0;0;0;0;810478,0767;5820324,636;13,5692346;52,44470161
200016;11;5;5300840;2018;5;12;2;3;0;2;0;0;1;0;1;0;0;0;789194,0657;5829303,301;13,26477139;52,53687173
200017;11;1;1300834;2018;5;17;4;3;3;6;0;1;1;0;0;0;0;0;798061,9681;5830036,297;13,39579256;52,53866454
200018;11;1;1100309;2018;5;12;2;3;5;7;0;0;1;0;0;0;1;0;798053,1769;5828928,901;13,39467029;52,52874301
200019;11;1;1401048;2018;5;21;4;3;5;2;0;1;1;0;0;0;0;0;795524,8388;5831633,715;13,35991481;52,55436576
200020;11;8;8100312;2018;5;22;4;3;1;5;2;1;1;0;0;0;0;0;800790,41;5824311,771;13,43072724;52,48585508
200021;11;4;4200203;2018;5;11;4;3;5;2;0;0;1;0;0;0;0;0;787700,2828;5826423,084;13,24031638;52,51183978
200022;11;7;7400822;2018;5;12;2;2;5;2;0;1;1;0;0;0;0;0;796146,0797;5820791,328;13,35940659;52,45683615
200023;11;9;9200717;2018;5;13;4;3;3;6;0;1;0;0;0;0;1;0;809206,5856;5819559,981;13,54987908;52,43856929
200024;11;6;6300633;2018;5;7;4;2;5;3;0;1;1;0;0;0;0;0;793159,4311;5818233,005;13,31333283;52,43551157
200025;11;1;1100103;2018;5;12;2;3;0;1;0;1;0;0;0;0;0;0;795331,901;5826145,07;13,35220147;52,50526926
200026;11;6;6300633;2018;5;12;2;2;0;1;0;0;0;0;1;0;0;0;793200,1366;5819800,813;13,31530555;52,44954479
200027;11;7;7100206;2018;5;20;1;3;0;6;1;0;1;0;0;0;1;0;796533,2533;5824862,433;13,36870756;52,49312005
200028;11;12;12100205;2018;5;8;4;3;2;6;0;0;1;0;0;0;0;0;794246,3291;5835450,283;13,34449821;52,58927065
200029;11;11;11300620;2018;5;13;4;3;0;1;0;1;0;0;0;0;0;0;804048,9335;5829074,199;13,48291692;52,52673442
200030;11;2;2200210;2018;5;11;4;3;5;3;0;0;1;0;1;0;0;0;798005,1125;5825276,524;13,3906933;52,49603031
200031;11;9;9100203;2018;5;13;4;2;6;4;0;0;1;1;0;0;0;0;803898,9645;5823393,489;13,47552916;52,47590342
200032;11;2;2400623;2018;5;16;1;3;1;5;0;1;1;0;0;0;1;0;800563,7414;5826972,639;13,42980027;52,50983014