OBJECTID;LAND;BEZ;LOR_ab_2021;UJAHR;UMONAT;USTUNDE;UWOCHENTAG;UKATEGORIE;UART;UTYP1;ULICHTVERH;IstRad;IstPKW;IstFuss;IstKrad;IstGkfz;IstSonstig;USTRZUSTAND;LINREFX;LINREFY;XGCSWGS84;YGCSWGS84
200243;11;9;9200818;2018;4;15;2;3;2;6;0;0;1;0;0;0;0;0;809766,1635;5820692,886;13,55913501;52,44840554
200244;11;4;4300412;2018;5;15;3;3;5;3;0;0;1;0;0;0;1;0;790926,208;5827403,898;13,28857589;52,51892177
200245;11;4;4501042;2018;5;14;6;3;3;6;0;1;1;0;0;0;0;0;793884,9475;5825512,248;13,33038604;52,50037766
200246;11;12;12601235;2018;4;15;2;3;2;6;0;0;1;0;0;0;0;0;795152,4503;5836346,854;13,35863387;52,59681663
200247;11;10;10100205;2018;4;15;2;3;5;7;0;0;1;0;0;0;0;0;806954,9775;5832580,524;13,5288586;52,55652997
200248;11;12;12200309;2018;5;15;3;3;6;4;0;0;1;1;0;0;0;0;793300,496;5832565,027;13,32802402;52,56391688
200249;11;7;7501031;2018;5;14;6;3;0;7;0;0;0;0;0;0;1;0;798250,7871;5819909,828;13,38950323;52,44779005
200250;11;1;1100206;2018;5;11;6;3;5;2;0;1;1;0;0;0;0;0;797899,8732;5827470,934;13,39111126;52,51575797
200251;11;2;2300314;2018;5;15;3;3;2;5;0;1;1;0;0;0;1;0;799853,1434;5825826,081;13,41832854;52,49994409
200252;11;1;1100206;2018;5;17;6;3;3;6;0;1;1;0;0;0;0;0;797558,0156;5827315,342;13,38594911;52,51454989
200253;11;1;1200517;2018;4;15;2;3;2;6;0;0;1;0;0;0;0;0;793002,4191;5828298,437;13,31987542;52,52582938
200254;11;6;6200422;2018;5;16;3;2;0;6;0;0;1;0;0;0;1;0;794146,9906;5817470,818;13,32714763;52,42814864
200255;11;11;11300721;2018;5;15;6;2;5;2;0;1;1;0;0;0;0;0;804945,7444;5829098,581;13,49611774;52,52645208
200256;11;1;1300836;2018;4;14;2;3;5;7;0;1;1;0;0;0;0;0;796509,4539;5829904,65;13,37285141;52,53833142
200257;11;11;11200411;2018;5;16;3;3;5;2;0;1;1;0;0;0;0;0;805694,0334;5831384,14;13,50921576;52,5465169
200258;11;6;6300528;2018;4;14;2;3;6;4;0;0;1;1;0;0;0;0;790200,3056;5815173,845;13,26727256;52,4096632
200259;11;1;1100102;2018;5;17;3;3;0;2;0;1;1;0;0;0;0;0;796510,913;5827616,735;13,3708325;52,51782183
200260;11;8;8401246;2018;5;16;3;2;5;3;0;1;1;0;0;0;0;0;806337,1411;5816452,01;13,50495231;52,41232886
200261;11;1;1200628;2018;5;19;6;2;6;2;0;0;1;1;0;0;0;0;796288,935;5828296,268;13,36817598;52,52403382
200262;11;7;7200409;2018;4;14;2;3;1;5;0;1;1;0;0;0;0;0;795364,0138;5824040,139;13,35080684;52,48638274
200263;11;1;1100102;2018;5;17;3;3;0;1;0;0;0;0;0;0;1;0;796484,297;5827516,353;13,37035194;52,51693647
200264;11;8;8100312;2018;5;13;6;3;3;6;0;0;1;0;1;0;0;0;801074,3135;5824916,277;13,43544173;52,49111695
200265;11;1;1401044;2018;5;22;3;3;5;5;2;0;1;0;0;0;0;0;796118,1498;5831191,647;13,3682461;52,55008081
200266;11;9;9501941;2018;4;14;2;2;5;2;0;0;1;0;1;0;0;0;811596,4118;5821153,36;13,58640869;52,45149208
200267;11;10;10100101;2018;5;16;2;3;5;3;0;0;1;0;0;0;0;0;808476,5377;5833800,253;13,55236491;52,56660116
200268;11;6;6400735;2018;5;13;6;3;5;2;0;1;1;0;0;0;0;0;784619,957;5816691,862;13,18674716;52,42620401
200269;11;6;6200422;2018;5;13;6;3;5;3;0;0;1;0;1;0;0;0;794715,0587;5816703,157;13,33480211;52,42096118
200270;11;5;5300736;2018;5;7;2;3;5;2;0;1;1;0;0;0;0;0;785851,9013;5829243,559;13,21557864;52,53809948
200271;11;12;12400722;2018;5;12;6;3;5;3;0;1;1;0;0;0;0;0;791815,222;5837953,4;13,31092068;52,61301976
200272;11;9;9100408;2018;4;13;2;2;5;3;0;0;1;0;0;0;0;0;806640,0665;5820421,734;13,51303204;52,44773761
200273;11;9;9501737;2018;5;10;2;3;0;2;0;1;1;0;0;0;0;0;814202,8751;5821345,882;13,62481936;52,45172553
200274;11;2;2300419;2018;5;12;6;3;5;3;0;1;0;0;0;0;0;0;801075,3214;5825680,588;13,43614725;52,4979671
200275;11;8;8401242;2018;4;14;2;3;0;1;0;1;0;0;0;0;0;0;804066,51;5816940,349;13,47211516;52,41797171
200276;11;1;1100206;2018;5;20;2;3;5;3;1;0;1;0;0;0;0;0;797851,0503;5827166,159;13,39012109;52,5130527
200277;11;4;4500939;2018;4;13;2;3;0;4;0;0;1;1;0;0;0;0;791958,8369;5824415,923;13,30113113;52,49158321
200278;11;2;2100105;2018;5;17;2;2;5;7;0;1;1;0;0;0;0;0;799713,9887;5825788,905;13,41625126;52,49968731
200279;11;2;2200212;2018;5;11;6;3;5;2;0;1;1;0;0;0;0;0;799075,3501;5824614,956;13,40581736;52,48951487
200280;11;9;9200715;2018;5;16;2;3;2;7;0;0;1;0;1;0;0;0;808895,4763;5818363,831;13,5442118;52,42802518
200281;11;9;9501737;2018;5;11;6;3;5;2;0;0;1;0;0;0;1;0;815405,4821;5821894,508;13,64297593;52,45594914
200282;11;11;11300620;2018;4;13;2;3;6;2;0;0;0;1;0;0;1;0;803548,4835;5829724,227;13,47615623;52,53283929
200283;11;1;1300835;2018;5;8;2;3;5;2;0;1;1;0;0;0;0;0;797531,8367;5829427,892;13,38745447;52,53350064
200284;11;1;1400939;2018;5;11;6;3;5;7;0;0;1;0;0;0;0;0;795001,2522;5831542,58;13,35213354;52,55383266
200285;11;12;12200310;2018;5;0;2;3;5;3;2;0;1;0;0;1;0;0;792285,0435;5833928,419;13,31428753;52,57668524
200286;11;3;3300514;2018;5;11;6;3;5;3;0;0;1;0;0;0;0;0;802503,6726;5836816,117;13,46726648;52,5969833
200287;11;10;10100209;2018;4;13;2;3;6;4;0;0;1;1;0;0;0;0;809369,2867;5831846,604;13,56367347;52,54858686
200288;11;8;8100206;2018;4;12;2;3;1;5;0;1;1;0;0;0;1;0;800354,2929;5824282,663;13,42429771;52,48583426
200289;11;3;3300514;2018;5;17;2;3;4;6;0;1;0;0;0;0;0;0;801119,232;5836034,51;13,44617806;52,59074613
200290;11;1;1401044;2018;5;14;6;3;5;3;0;1;1;0;0;0;0;0;796485,0612;5831282,231;13,37372242;52,55069323
200291;11;1;1400942;2018;4;12;2;3;5;3;0;1;1;0;0;0;0;0;794915,8293;5830563,368;13,35000758;52,54510108
200292;11;12;12601134;2018;5;20;6;3;1;5;0;0;0;0;1;0;1;0;794061,6406;5836729,545;13,34291574;52,6008381
200293;11;10;10300731;2018;4;12;2;3;3;6;0;1;1;0;0;0;0;0;809317,8497;5829224,395;13,56047671;52,5251168
200294;11;1;1100207;2018;5;17;2;3;5;3;0;1;1;0;0;0;0;0;798570,2537;5826874,036;13,40042566;52,51004102
200295;11;1;1100310;2018;5;20;6;3;5;7;0;0;1;0;1;0;0;0;798889,4033;5827911,348;13,40604603;52,51916428
200296;11;4;4501042;2018;4;12;2;3;0;7;0;1;0;0;0;0;1;0;793673,3112;5825799,796;13,32753084;52,50306933
200297;11;1;1200522;2018;4;12;2;3;0;2;0;1;0;0;0;0;1;0;794568,6749;5828329,813;13,34292337;52,52526665
200298;11;4;4500937;2018;5;17;2;3;5;3;0;1;1;0;0;0;0;0;791181,4333;5824995,936;13,29022033;52,49719827
200299;11;12;12200515;2018;5;10;6;3;5;2;0;1;1;0;0;0;0;0;789991,5798;5835723,894;13,28210927;52,5940086
200300;11;9;9501838;2018;5;17;2;3;5;7;0;0;1;0;1;0;0;0;820793,7635;5820295,148;13,72046943;52,43848386
200301;11;12;12200412;2018;5;20;6;2;6;4;1;0;1;1;0;0;0;0;790966,8582;5833770,169;13,29475108;52,57597297
200302;11;3;3601141;2018;4;12;2;3;5;2;0;1;1;0;0;0;0;0;798990,6002;5831816,739;13,4110467;52,55411479
200303;11;3;3601244;2018;5;16;2;3;3;6;0;1;0;0;0;1;0;0;800246,2684;5831622,309;13,42933585;52,55168132
200304;11;2;2100102;2018;5;20;6;3;6;4;0;1;0;1;0;0;0;0;798032,1896;5826481,389;13,39216928;52,50681566
200305;11;7;7300619;2018;4;10;2;3;2;6;0;0;1;0;1;0;0;0;796076,7424;5822847,81;13,36021375;52,47530845
200306;11;1;1100207;2018;5;16;2;3;5;2;0;1;1;0;0;0;0;0;797904,1184;5826567,306;13,39036478;52,50765574
200307;11;9;9401329;2018;5;10;6;3;1;5;0;1;1;0;0;0;0;0;811828,1596;5818291,716;13,58713836;52,42571548
200308;11;2;2100102;2018;4;19;1;3;2;6;0;0;1;0;0;0;0;0;798326,9151;5825573,096;13,39568509;52,4985129
200309;11;2;2100101;2018;4;18;1;2;0;1;0;0;1;0;1;0;0;0;797859,4728;5825643,409;13,38888243;52,49939849
200310;11;3;3500935;2018;5;9;6;3;4;6;0;1;1;0;0;0;0;0;801647,2924;5831633,408;13,44994672;52,55100676
200311;11;11;11400929;2018;4;18;1;2;6;7;0;0;1;1;0;0;0;0;805075,1786;5826834,806;13,49594411;52,50609067
200312;11;9;9200715;2018;4;18;1;3;2;6;0;0;1;0;0;0;0;0;808992,047;5818092,538;13,54537701;52,42553933
200313;11;5;5100208;2018;5;7;5;3;5;3;0;1;1;0;0;0;0;0;781771,711;5829983,135;13,156207;52,54685602
200314;11;5;5200420;2018;5;10;2;2;5;3;0;0;1;0;1;0;0;0;781901,2156;5829209,336;13,15745505;52,53985079
200315;11;11;11300722;2018;5;7;5;3;5;2;0;1;1;0;0;0;0;0;803790,9027;5827652,332;13,47782661;52,51413451
200316;11;5;5400943;2018;5;10;2;2;5;2;0;0;1;0;1;0;0;0;780599,992;5820606,56;13,13106956;52,46338333
200317;11;4;4400834;2018;5;7;5;3;5;3;0;1;1;0;0;0;0;0;792758,5205;5822308,982;13,31102567;52,47226671
200318;11;10;10100311;2018;5;7;2;2;5;2;0;0;0;0;0;0;1;0;806700,1065;5829146,285;13,52194074;52,52589557
200319;11;4;4501153;2018;5;11;2;3;1;5;0;0;1;0;1;0;0;0;794148,8112;5823925,315;13,33286089;52,48600947
200320;11;8;8200624;2018;5;6;5;3;2;6;0;0;1;0;1;0;0;0;800186,3712;5820493,702;13,41842322;52,45196434
200321;11;3;3300411;2018;5;11;2;3;4;6;0;0;1;0;0;0;0;0;803965,2387;5839736,753;13,4914613;52,62234429
200322;11;10;;2018;5;7;2;2;2;6;0;0;1;0;0;0;0;0;810977,568;5832054,562;13,58751039;52,54953478
200323;11;10;10100311;2018;5;6;2;2;3;6;0;0;1;0;0;1;0;0;806555,6274;5828739,72;13,51944302;52,52233311
200324;11;2;2500834;2018;5;6;5;3;5;5;0;0;1;0;0;0;0;0;802067,897;5826906,471;13,4518364;52,50840628
200325;11;12;12100101;2018;5;19;2;3;5;3;0;0;1;0;0;0;0;0;796021,5759;5832723,071;13,36819177;52,56386096
200326;11;1;1100207;2018;5;4;5;3;1;1;2;1;0;0;0;1;0;0;797826,034;5827041,417;13,38964191;52,5119482
200327;11;2;2100106;2018;5;19;2;3;5;2;1;1;1;0;0;0;0;0;799075,5619;5825614,256;13,40671755;52,49847209
200328;11;7;7501135;2018;5;12;5;3;5;3;0;0;1;0;1;0;0;0;798826,0313;5817339,363;13,39564458;52,4244348
200329;11;11;11400927;2018;5;20;5;3;0;3;0;0;1;0;1;0;0;0;803670,2512;5826661,467;13,47515014;52,50532083
200330;11;4;4300415;2018;5;19;2;3;9;1;0;0;1;0;1;0;0;0;791047,7453;5826348,86;13,28943921;52,50939854
200331;11;10;10100311;2018;5;13;5;3;2;6;0;0;1;0;0;0;0;0;806514,9362;5829428,772;13,51948025;52,52853139
200332;11;2;2300315;2018;5;18;2;2;5;2;0;0;1;0;0;0;1;0;800418,1292;5825786,483;13,4265909;52,49927843
200333;11;5;5100316;2018;5;13;5;3;5;2;0;0;1;0;0;0;1;0;784832,5116;5829007,031;13,20038651;52,53651257
200334;11;2;2400625;2018;5;11;5;3;5;2;0;0;1;0;0;1;0;0;801348,5022;5826459,448;13,44086406;52,50479739
200335;11;8;8200622;2018;5;18;2;3;5;2;0;0;1;0;1;0;0;0;801277,649;5821476,753;13,4353205;52,46017541
200336;11;11;11300618;2018;5;11;5;3;2;2;0;0;1;0;0;0;0;0;802431,5624;5828911,973;13,45900144;52,52618
200337;11;5;5200528;2018;5;7;5;3;5;2;0;1;1;0;0;0;0;0;782987,967;5825960,096;13,17067109;52,51015378
200338;11;4;4501045;2018;5;18;2;3;5;2;1;1;1;0;0;0;0;0;793479,1578;5824951,558;13,32393121;52,4955697
200339;11;11;11100308;2018;5;5;5;2;5;3;1;1;1;0;0;0;0;0;804827,7085;5833261,105;13,49820319;52,56382442
200340;11;7;7300619;2018;5;18;2;3;5;3;0;0;1;0;1;0;0;0;795545,4291;5822681,005;13,35226602;52,47410093
200341;11;5;5300839;2018;5;7;5;2;6;4;0;0;1;1;0;0;0;0;789090,1267;5830601,968;13,26437339;52,54856972
200342;11;1;1300836;2018;5;18;2;3;3;6;0;0;1;0;1;0;1;0;796737,1314;5831177,157;13,37733525;52,5496141
200343;11;3;3601346;2018;5;19;5;3;5;2;0;1;1;0;0;0;0;0;799358,9788;5830705,507;13,41546216;52,54395202
200344;11;1;1100102;2018;5;18;5;3;5;2;0;1;1;0;0;0;0;0;795772,0005;5826685,542;13,3591469;52,50987573
200345;11;6;6300528;2018;5;17;2;3;5;3;0;1;1;0;0;0;0;0;790375,3336;5816668,815;13,27113564;52,4229733
200346;11;10;10300733;2018;5;18;5;3;2;6;0;0;1;0;0;0;0;0;809523,8687;5827199,841;13,56162045;52,50685654
200347;11;9;9100306;2018;5;18;2;3;5;3;0;1;1;0;0;0;0;0;804938,19;5820711,406;13,48833247;52,45128569
200348;11;8;8200832;2018;5;17;5;3;2;6;0;0;1;0;0;0;0;0;801232,8273;5817173,948;13,43078445;52,4216325
200349;11;4;4300619;2018;5;16;2;3;6;4;0;0;1;1;0;0;0;0;792322,8503;5827226,432;13,30894489;52,51658395
200350;11;7;7300516;2018;5;17;5;3;0;3;0;1;0;0;0;0;1;0;793988,1526;5821553,401;13,32841088;52,46483285
200351;11;4;4501043;2018;5;17;5;3;5;3;0;1;1;0;0;0;0;0;792568,2319;5824666,604;13,31030129;52,49350422
200352;11;1;1100103;2018;5;17;2;2;5;2;0;1;1;0;0;0;0;0;795397,7951;5825831,038;13,35289088;52,50241853
200353;11;1;1300733;2018;5;17;2;3;2;6;0;0;1;0;0;0;0;0;797153,7821;5831896,646;13,38410591;52,55583632
200354;11;3;3200207;2018;5;16;5;3;5;3;0;1;1;0;0;0;0;0;799307,3072;5836003,397;13,41948277;52,59146732
200355;11;2;2500836;2018;5;17;2;3;2;6;0;0;1;0;0;0;0;0;803126,6268;5825698,269;13,46628855;52,49699011
200356;11;12;12601235;2018;5;18;2;2;6;4;0;0;0;1;0;0;1;0;795349,0268;5836375,796;13,36155346;52,59696934
200357;11;1;1200518;2018;5;16;5;3;5;7;0;0;1;0;1;0;0;0;793557,5977;5828923,551;13,32858727;52,53113455
200358;11;4;4501151;2018;5;16;2;3;5;3;0;0;1;0;0;0;0;0;793616,6523;5823082,72;13,32430427;52,47874239
200359;11;1;1100206;2018;5;16;5;3;6;4;0;1;1;1;0;0;0;0;797679,3521;5827945,696;13,3882959;52,52013404
200360;11;11;11300724;2018;5;16;2;3;1;5;0;0;1;0;0;0;0;0;804470,5479;5827852,192;13,48799398;52,51554682
200361;11;7;7300618;2018;5;16;5;3;1;5;0;1;1;0;0;0;0;0;794743,4634;5822673,424;13,34048626;52,47446631
200362;11;11;11300725;2018;5;16;2;3;6;4;0;1;0;1;0;0;0;0;805397,6054;5828199,235;13,50193188;52,51813887
200363;11;12;12400722;2018;5;15;2;3;6;4;0;0;0;1;1;0;0;0;791180,2322;5838373,996;13,30193916;52,61713085
200364;11;12;12100205;2018;5;16;5;3;2;6;0;0;1;0;0;0;0;0;795064,0277;5833173,447;13,35450689;52,56841796
200365;11;12;12500927;2018;5;15;2;3;5;3;0;1;1;0;0;0;0;0;792683,3356;5835975,522;13,32195657;52,5948224
200366;11;1;1100308;2018;5;15;2;2;6;4;0;0;0;1;0;0;1;0;797235,2074;5829075,616;13,38277924;52,53050474
200367;11;2;2300314;2018;5;15;5;3;3;6;0;1;1;0;0;0;0;0;800170,3631;5825869,133;13,42302644;52,50015559
200368;11;3;3501038;2018;5;15;2;3;5;2;0;0;1;0;0;0;0;0;803004,6332;5832010,469;13,47024843;52,55363293
200369;11;1;1100103;2018;5;15;2;3;5;3;0;0;1;0;0;0;0;0;795328,2287;5826172,251;13,35217163;52,50551491
200370;11;12;12400723;2018;5;16;5;3;1;5;0;0;1;0;0;0;0;0;792869,1532;5838574,856;13,32699221;52,61802382
200371;11;6;6100207;2018;5;15;2;3;5;2;0;0;1;0;0;0;0;0;793842,4722;5820507,075;13,32535161;52,45553131
200372;11;6;6200312;2018;5;15;5;3;0;6;0;0;0;0;0;0;1;0;795040,1268;5819070,113;13,34165698;52,44200457
200373;11;2;2200210;2018;5;15;2;3;5;3;0;0;1;0;0;0;0;0;798946,1928;5825234,8;13,40447694;52,49514166
200374;11;1;1100416;2018;5;21;5;3;0;1;1;1;0;0;0;0;0;0;798675,5159;5829454,65;13,40428935;52,53311498
200375;11;5;5100316;2018;5;14;2;3;2;6;0;0;1;0;0;0;0;0;784843,3727;5829216,868;13,20072608;52,53838828
200376;11;1;1300732;2018;5;15;2;3;5;2;0;1;1;0;0;0;0;0;797268,6638;5832227,41;13,38609168;52,55873851
200377;11;11;11300722;2018;5;16;4;3;5;7;0;1;0;0;0;0;0;0;804274,8546;5827887,575;13,48515136;52,51597315
200378;11;7;7400721;2018;5;15;2;2;3;6;0;1;0;0;1;0;0;0;797205,1588;5823526,329;13,37738368;52,48077784
200379;11;7;7200308;2018;5;10;4;3;5;7;0;1;1;0;0;0;0;0;794802,8275;5823571,365;13,34215161;52,48248378
200380;11;1;1200517;2018;5;23;4;3;6;2;2;0;0;1;0;0;1;0;793533,2012;5829137,274;13,32841738;52,5330636
200381;11;11;11300722;2018;5;14;2;3;2;6;0;0;1;0;0;0;0;0;803851,4207;5828625,694;13,47960467;52,52282473
200382;11;5;5100210;2018;5;14;2;3;2;6;0;0;1;0;1;0;0;0;783678,1243;5829848,475;13,18413084;52,54465923
200383;11;2;2400624;2018;5;23;4;3;5;3;2;1;0;0;0;0;0;0;801965,8941;5827005,48;13,45042784;52,50935017
200384;11;1;1100309;2018;5;21;4;3;2;6;2;1;1;0;0;0;0;0;798702,0418;5828335,928;13,40367421;52,5230727
200385;11;3;3501038;2018;5;13;2;3;0;3;0;0;1;0;0;0;1;0;803401,3452;5833106,421;13,47708357;52,56323474
200386;11;2;2500833;2018;5;20;4;3;2;7;0;1;1;0;0;0;0;0;802356,6545;5827106,92;13,45626017;52,51004294
200387;11;6;6400844;2018;5;13;2;3;1;5;0;1;1;0;0;0;0;0;792015,0286;5821184,65;13,29912689;52,46258515
200388;11;12;12400618;2018;5;22;4;2;5;2;2;1;1;0;0;0;0;0;787346,0032;5837835,696;13,24499431;52,61434594
200389;11;6;6200317;2018;5;13;2;3;5;3;0;0;1;0;0;0;0;0;795644,2963;5816605,683;13,34834096;52,41958617
200390;11;6;6200421;2018;5;13;4;2;6;4;0;0;1;1;0;0;0;0;793065,1667;5816625,591;13,31054157;52,42115186
200391;11;5;5100105;2018;5;15;4;3;6;2;0;0;1;1;0;0;0;0;784439,4693;5831823,218;13,19701964;52,56196779
200392;11;1;1300733;2018;5;13;2;3;2;6;0;1;1;0;0;0;0;0;797122,1657;5831808,905;13,38356241;52,55506708
200393;11;4;4300416;2018;5;17;4;3;0;6;0;0;1;0;1;0;0;0;791611,9353;5826088,99;13,29750115;52,50676753
200394;11;11;11400929;2018;5;18;4;3;5;2;0;1;0;0;0;0;1;0;805073,0935;5826827,662;13,49590694;52,5060278
200395;11;12;12200309;2018;5;16;2;3;0;1;0;0;0;0;1;0;0;0;792516,9892;5832836,13;13,31673714;52,56676873
200396;11;4;4300416;2018;5;18;4;3;0;6;0;1;0;0;0;0;0;0;791561,8339;5826497,456;13,29712284;52,51045616
200397;11;1;1200623;2018;5;18;4;3;5;2;0;1;1;0;0;0;0;0;795475,6326;5829574,439;13,35735925;52,53593289
200398;11;8;8401244;2018;5;20;2;2;5;3;1;0;1;0;1;0;0;0;805833,314;5816733,009;13,49782463;52,41512904
200399;11;4;4501042;2018;5;19;4;3;5;3;0;1;1;0;0;0;0;0;794098,7843;5825961,121;13,33392358;52,50428636
200400;11;9;9100306;2018;5;13;2;3;0;1;0;1;0;0;0;0;0;0;803766,6504;5820844,701;13,47126715;52,45313263
200401;11;11;11400931;2018;5;15;4;3;5;2;0;1;1;0;0;0;0;0;806685,1452;5826906,824;13,51965681;52,50583354
200402;11;1;1100206;2018;5;12;2;3;1;5;0;0;1;0;0;0;1;0;797546,21;5827489,571;13,38593146;52,51611808
200403;11;9;9501736;2018;5;19;4;3;2;6;0;0;1;0;0;0;0;0;813031,3715;5821420,542;13,60770638;52,45306662
200404;11;3;3500936;2018;5;20;4;3;5;3;0;1;1;0;0;0;0;0;802784,7866;5831607,024;13,46664782;52,55013921
200405;11;1;1200628;2018;5;23;1;3;0;7;2;0;0;0;1;0;0;0;795917,8616;5828146,845;13,36258955;52,5228959
200406;11;9;9200715;2018;5;15;4;3;5;3;0;1;1;0;0;0;0;0;807642,8804;5819360,275;13,52676401;52,43766127
200407;11;6;6400843;2018;5;13;4;3;6;4;0;1;0;1;0;0;0;0;792063,572;5820240,974;13,2990138;52,45409921
200408;11;2;2400623;2018;5;16;1;3;5;3;0;1;1;0;0;0;0;0;800147,4606;5827339,668;13,42401589;52,51334915
200409;11;8;8100313;2018;5;18;1;3;5;7;0;0;1;0;1;0;0;0;801702,9459;5824319,69;13,44413246;52,48542258
200410;11;12;12500825;2018;5;13;4;3;5;2;0;0;1;0;0;0;1;0;792393,8604;5835223,159;13,31703106;52,58823353
200411;11;2;2100102;2018;5;15;1;3;5;3;0;0;1;0;0;0;1;0;798175,131;5826505,641;13,39429084;52,50695494
200412;11;11;11400929;2018;5;12;4;3;5;3;0;1;0;0;0;0;1;0;804590,8299;5826371,583;13,48840625;52,5022096
200413;11;8;8100105;2018;5;15;1;3;1;5;0;0;1;0;1;0;0;0;800775,1237;5821879,881;13,42830975;52,46406561
200414;11;6;6200315;2018;5;12;4;3;0;3;0;0;1;0;1;0;0;0;795473,0316;5817633,449;13,34673767;52,428892
200415;11;1;1200629;2018;5;15;1;3;5;2;0;0;1;0;0;0;0;0;794557,564;5827506,865;13,34203128;52,51789548
200416;11;1;1100102;2018;5;10;4;3;0;7;0;0;1;0;1;0;0;0;795355,1428;5826631,197;13,35297422;52,50961443
200417;11;11;11400927;2018;5;9;4;3;5;3;0;1;0;0;0;1;0;0;803700,1497;5826387,025;13,47533897;52,50284443
200418;11;1;1401047;2018;5;18;1;2;5;2;0;0;1;0;1;0;0;0;795534,6992;5830743,844;13,35926781;52,54638354
200419;11;4;4300518;2018;5;8;4;3;5;2;0;1;1;0;0;0;0;0;792068,981;5828578,075;13,30640124;52,52883713
200420;11;9;9200715;2018;5;19;1;3;2;6;0;0;1;0;0;0;0;0;807671,5698;5819390,581;13,52721262;52,43791675
200421;11;5;5200633;2018;5;8;4;3;5;2;0;0;1;0;0;0;0;0;783993,5385;5826853,358;13,18621067;52,51764031
200422;11;5;5100103;2018;5;14;1;2;1;7;0;0;1;0;0;0;0;0;785221,195;5832054,447;13,20871931;52,563632
200423;11;8;8100417;2018;5;20;1;3;5;3;1;0;1;0;0;0;0;0;802351,8737;5822752,467;13,45223898;52,4710165
200424;11;1;1401045;2018;5;14;4;2;0;1;0;0;1;0;1;0;0;0;796825,2525;5831552,085;13,37896622;52,55292688
200425;11;4;4200311;2018;5;12;1;3;2;6;0;0;1;0;0;0;0;0;790426,4237;5825881,263;13,27990204;52,50553764
200426;11;1;1100309;2018;5;12;1;3;1;5;0;1;1;0;0;0;1;0;798729,013;5829078,025;13,40473724;52,52970977
200427;11;9;9501939;2018;5;17;4;2;5;3;0;1;1;0;0;0;0;0;810886,887;5821458,79;13,57628567;52,45463317
200428;11;8;8100415;2018;5;18;4;2;6;4;0;1;0;1;0;0;0;0;801146,8281;5823764,147;13,43546561;52,48075011
200429;11;6;6100205;2018;5;13;1;3;0;3;0;0;1;0;1;0;0;0;795888,4752;5819881,645;13,35482045;52,44882102
200430;11;5;5200632;2018;5;15;4;3;1;1;0;0;1;0;0;0;0;0;786134,2622;5827829,951;13,21851361;52,52527723
200431;11;7;7501031;2018;5;12;1;3;3;2;0;0;1;0;1;0;0;0;798886,1047;5820526,418;13,39937536;52,45297008
200432;11;5;5200629;2018;5;12;1;3;5;3;0;0;1;0;0;0;0;0;783802,0121;5828688,887;13,18496232;52,53419769
200433;11;2;2100102;2018;5;17;4;3;1;5;0;1;0;0;0;0;1;0;798071,3148;5826350,716;13,39262704;52,50562296
200434;11;7;7200307;2018;5;9;1;3;6;2;0;0;1;1;0;0;0;0;794967,9033;5824310,648;13,34522966;52,48902182
200435;11;8;8100105;2018;5;14;1;2;6;4;0;0;1;1;0;0;0;0;800629,1133;5822061,09;13,42633025;52,4657702
200436;11;11;11501340;2018;5;13;4;2;0;1;0;1;0;0;0;0;0;0;807241,535;5824242,006;13,52537123;52,48163806
200437;11;12;12100204;2018;5;11;1;2;5;7;0;0;1;0;1;0;0;0;795637,0831;5833006,234;13,36278829;52,56660815
200438;11;7;7400927;2018;5;23;1;2;5;3;2;0;1;0;0;0;0;0;798347,301;5821895,152;13,39269314;52,46553352
200439;11;9;9100306;2018;5;16;1;2;0;7;0;1;0;0;0;0;0;0;804441,5337;5820838,171;13,48116212;52,45269866
200440;11;1;1100309;2018;5;15;4;3;0;1;0;1;0;0;0;0;0;0;798213,7027;5828414,387;13,39656818;52,52404328
200441;11;3;3400618;2018;5;11;1;2;3;6;0;1;1;0;0;0;0;0;796158,0713;5836532,534;13,37360337;52,59793431
200442;11;5;5100101;2018;5;1;1;3;0;1;2;1;0;0;0;0;0;0;784998,5342;5834339,48;13,20740744;52,58423585
200443;11;6;6400844;2018;5;14;7;3;1;5;0;0;1;0;0;0;0;0;790351,463;5820672,31;13,27426398;52,45887841
200444;11;1;1300836;2018;5;19;4;3;3;6;0;0;1;0;0;0;1;0;796293,193;5830598,858;13,37029126;52,5446719
200445;11;8;8100520;2018;5;1;1;2;5;3;2;0;1;0;0;0;0;0;803194,8413;5822706,034;13,46456891;52,47013313
200446;11;2;2100106;2018;5;17;7;2;1;6;0;1;0;0;0;1;1;0;798884,8763;5825600,267;13,40390436;52,49845116
200447;11;7;7100101;2018;5;8;4;3;5;2;0;1;1;0;0;0;0;0;794964,8684;5824892,758;13,34570041;52,49424169
200448;11;7;7200308;2018;5;17;7;3;5;3;0;1;1;0;0;0;0;0;794750,4703;5823713,885;13,34150886;52,48378965
200449;11;9;9300923;2018;5;11;7;3;5;3;0;1;0;0;0;0;1;0;808375,4369;5816244,283;13,53463432;52,40932286
200450;11;1;1100311;2018;5;7;4;2;6;4;0;0;1;1;0;0;0;0;799735,7179;5827854,507;13,41843042;52,51819028
200451;11;4;4300517;2018;5;23;7;3;0;5;2;0;1;0;0;0;1;0;791671,9506;5827893,105;13,29996435;52,52290907
200452;11;3;3300413;2018;5;7;4;2;5;3;0;0;1;0;1;0;0;0;802708,3711;5837338,135;13,47075664;52,60154807