OBJECTID;LAND;BEZ;LOR_ab_2021;UJAHR;UMONAT;USTUNDE;UWOCHENTAG;UKATEGORIE;UART;UTYP1;ULICHTVERH;IstRad;IstPKW;IstFuss;IstKrad;IstGkfz;IstSonstig;USTRZUSTAND;LINREFX;LINREFY;XGCSWGS84;YGCSWGS84
200453;11;8;8100209;2018;5;19;7;3;5;7;0;0;1;0;0;0;0;0;801205,6845;5822209,917;13,43492617;52,46678665
200454;11;11;11200410;2018;5;5;4;3;5;2;0;1;1;0;0;0;0;0;805006,8233;5833015,223;13,50061143;52,56152043
200455;11;10;10300732;2018;5;5;4;3;1;5;0;0;1;0;0;0;1;0;809894,151;5827921,36;13,56773041;52,51311231
200456;11;1;1100102;2018;5;18;7;3;6;4;0;0;1;1;0;0;0;0;796924,6029;5826415,78;13,37583982;52,50683147
200457;11;2;2500833;2018;5;19;7;3;5;7;1;1;1;0;0;0;0;0;802201,9838;5827336,926;13,4541969;52,51219019
200458;11;1;1100311;2018;5;0;4;3;2;6;2;0;1;0;0;0;0;0;799546,9811;5828068,474;13,41584988;52,52021187
200459;11;7;7400826;2018;5;8;3;3;3;6;0;0;1;0;0;0;1;0;796666,3631;5819995,966;13,36633471;52,44942425
200460;11;7;7601547;2018;5;19;7;3;5;3;0;1;1;0;0;0;0;0;800037,685;5813263,096;13,40975836;52,38723344
200461;11;1;1300733;2018;5;22;3;3;2;6;2;0;1;0;0;0;0;1;797541,2402;5831712,136;13,38963874;52,55397088
200462;11;3;3500935;2018;5;15;7;3;5;7;0;0;1;0;1;0;0;0;801474,09;5831873,301;13,4476178;52,55325281
200463;11;3;3701555;2018;5;16;7;3;1;5;0;1;1;0;0;0;0;0;799345,0192;5830083,423;13,41469643;52,53838368
200464;11;6;6100103;2018;5;9;3;2;3;6;0;1;0;0;0;0;1;0;793328,5397;5821376,885;13,3185742;52,46360495
200465;11;1;1200623;2018;5;15;7;3;5;3;0;1;1;0;0;0;0;0;795485,2374;5829583,303;13,35750833;52,53600714
200466;11;7;7400823;2018;5;14;7;3;5;3;0;0;1;0;0;0;0;0;796826,5611;5822175,658;13,37062311;52,46887627
200467;11;11;11401136;2018;5;15;3;3;5;3;0;0;1;0;0;0;0;0;805533,067;5825996,95;13,50190074;52,49832523
200468;11;2;2300419;2018;5;13;7;3;3;6;0;0;1;0;1;0;0;0;801482,5029;5826023,203;13,44243736;52,50081324
200469;11;11;11300722;2018;5;13;7;3;2;6;0;0;1;0;1;0;0;0;803796,4011;5827717,752;13,47796711;52,51471778
200470;11;2;2200209;2018;5;15;3;3;0;2;0;0;1;0;1;0;0;0;797500,7218;5824741,364;13,38280756;52,49150836
200471;11;6;6400844;2018;5;18;7;3;5;2;0;0;1;0;0;0;0;0;791565,7806;5821713,998;13,29299561;52,46757065
200472;11;2;2300316;2018;5;13;7;3;2;6;0;0;1;0;1;0;0;0;801155,0383;5825945,193;13,43755726;52,50029483
200473;11;2;2100101;2018;5;18;3;3;5;7;0;1;1;0;0;0;0;1;797837,4408;5825792,22;13,38869191;52,50074443
200474;11;1;1100310;2018;5;11;7;3;3;6;0;1;0;0;0;0;0;0;799481,7209;5828848,394;13,41559325;52,52723848
200475;11;4;4300416;2018;5;11;3;3;5;3;0;1;1;0;0;0;0;0;791765,411;5826421,102;13,30004711;52,50966281
200476;11;4;4501042;2018;5;12;7;3;5;3;0;1;0;0;0;0;1;0;794103,723;5826435,898;13,33441557;52,50853981
200477;11;4;4400727;2018;5;10;3;3;5;2;0;1;1;0;0;0;0;0;790959,7072;5823006,017;13,28522602;52,47947682
200478;11;10;10400938;2018;5;20;7;3;5;3;1;0;1;0;0;0;0;0;814755,4276;5829893,128;13,64099615;52,52799747
200479;11;8;8401246;2018;5;10;7;3;2;7;0;1;1;0;0;0;0;0;806283,7655;5816404,03;13,50412611;52,4119287
200480;11;2;2200210;2018;5;10;3;3;5;3;0;1;1;0;0;0;0;0;799101,4896;5825225,688;13,40674944;52,4949749
200481;11;7;7400720;2018;5;20;7;3;1;5;1;1;1;0;0;0;0;0;797509,5948;5823703,123;13,38201109;52,48219683
200482;11;2;2100106;2018;5;6;7;3;5;7;0;0;1;0;0;0;0;0;799727,1629;5825336,166;13,41603736;52,49562195
200483;11;12;12400723;2018;5;10;3;3;0;3;0;1;1;0;0;0;0;0;791762,082;5838979,752;13,3110435;52,62224909
200484;11;7;7300517;2018;5;20;7;3;0;1;0;0;0;0;1;0;0;0;794038,1332;5822211,626;13,32972453;52,47070666
200485;11;1;1100311;2018;5;15;7;3;5;2;0;1;1;0;0;0;0;0;799707,9329;5827840,449;13,4180095;52,51807955
200486;11;1;1100309;2018;5;18;7;3;3;6;0;0;1;0;0;0;0;0;798628,136;5829091,679;13,40326686;52,52988743
200487;11;3;3601451;2018;5;7;3;3;6;7;0;1;0;1;0;0;0;0;801392,2468;5829733,607;13,444473;52,53411992
200488;11;7;7400720;2018;5;15;7;2;5;2;0;0;1;0;0;0;0;0;797292,5068;5822601,454;13,37784163;52,47243975
200489;11;8;8200624;2018;5;15;7;3;5;3;0;0;1;0;0;0;0;0;801179,932;5820606,977;13,43310207;52,45243317
200490;11;7;7100204;2018;5;14;7;3;1;5;0;0;1;0;0;0;1;0;795500,7283;5824740,73;13,35343562;52,49258903
200491;11;1;1100416;2018;5;20;3;3;2;6;2;0;1;0;0;0;0;1;798087,3491;5829978,215;13,39611358;52,53813003
200492;11;9;9200819;2018;5;14;7;2;6;4;0;0;0;1;0;0;1;0;810697,284;5819264,517;13,57146402;52,43507669
200493;11;4;4200308;2018;5;11;7;3;0;1;0;1;0;0;0;0;0;0;788220,6936;5827817,198;13,24917148;52,52406388
200494;11;9;9200715;2018;5;15;6;3;3;2;0;0;1;0;0;1;0;0;807227,5415;5818272,083;13,51967337;52,42814202
200495;11;5;5200420;2018;5;19;3;3;5;3;1;0;1;0;0;0;0;1;781919,7026;5828605,096;13,15721426;52,53442333
200496;11;1;1400942;2018;5;13;7;3;1;5;0;1;1;0;0;0;0;0;794641,3896;5830502,613;13,34591837;52,54470494
200497;11;3;3200205;2018;5;19;3;3;5;3;1;0;1;0;0;0;0;1;797900,5556;5835186,99;13,39804374;52,5849217
200498;11;10;10100311;2018;5;8;7;2;5;2;0;1;1;0;0;0;0;0;806694,303;5829146,409;13,52185558;52,52589994
200499;11;3;3300517;2018;5;15;6;3;5;3;0;1;1;0;0;0;0;0;805054,0937;5836931,5;13,5049104;52,59659277
200500;11;7;7100205;2018;5;18;3;3;2;6;0;0;1;0;0;0;0;1;796095,5572;5825361,6;13,36272316;52,49783225
200501;11;12;12100103;2018;5;8;7;2;5;3;0;1;1;0;0;0;0;0;795962,7222;5833892,237;13,3683693;52,5743733
200502;11;9;9100408;2018;5;15;6;3;2;6;0;0;1;0;0;0;0;0;806189,2427;5819215,815;13,50531433;52,43718226
200503;11;7;7501029;2018;5;9;3;3;5;2;0;1;1;0;0;0;0;0;797460,735;5820319,233;13,37827715;52,45189038
200504;11;12;12100101;2018;5;9;7;3;5;2;0;1;1;0;0;0;0;0;795788,7371;5832580,935;13,36464005;52,56271339
200505;11;1;1100310;2018;5;0;6;3;1;5;2;1;1;0;0;0;0;0;799127,3142;5828887,264;13,41041964;52,52778147
200506;11;2;2100106;2018;5;17;6;3;6;2;0;0;0;1;0;0;1;0;799769,5168;5825595,898;13,41689311;52,4979268
200507;11;9;9501939;2018;5;9;3;3;2;6;0;0;1;0;1;0;0;0;809665,9009;5821388,333;13,55830919;52,4546948
200508;11;8;8200832;2018;5;10;7;3;1;5;0;0;1;0;0;0;0;0;801547,1898;5817525,964;13,43571061;52,42461461
200509;11;7;7300517;2018;5;16;6;3;6;7;0;1;0;1;0;0;0;0;794356,3811;5822214,687;13,33439888;52,47056271
200510;11;4;4300412;2018;5;15;6;3;0;2;0;1;1;0;0;0;0;0;791441,3673;5827480,183;13,29621356;52,51933057
200511;11;7;7400927;2018;5;9;3;3;5;2;0;1;1;0;0;0;0;0;799556,6274;5820750,662;13,4094144;52,45461308
200512;11;9;9100407;2018;5;12;7;2;5;3;0;0;1;0;1;0;0;0;805502,2835;5819235,757;13,49525835;52,43774512
200513;11;9;9401635;2018;5;15;6;3;4;6;0;1;1;0;0;0;0;0;818788,1287;5818577,864;13,68942723;52,42426934
200514;11;2;2300315;2018;5;8;3;3;5;2;0;1;0;0;1;0;0;0;800651,469;5826090,633;13,43029253;52,50187611
200515;11;7;7300517;2018;5;12;7;3;5;2;0;0;1;0;0;0;1;0;794245,4836;5822043,378;13,3326199;52,46908675
200516;11;8;8100206;2018;5;18;6;3;5;3;0;0;1;0;0;0;0;0;800622,0936;5823769,086;13,42776656;52,4810835
200517;11;12;12200515;2018;5;8;3;3;5;2;0;1;1;0;0;0;0;0;790570,556;5834485,955;13,28954684;52,58260164
200518;11;2;2500833;2018;5;4;7;2;5;3;1;1;1;0;0;0;0;0;802846,5637;5826939,611;13,46330465;52,50827162
200519;11;5;5200629;2018;5;1;7;3;5;3;2;0;1;0;0;0;0;0;784628,3933;5828424,965;13,1968867;52,53140041
200520;11;12;12200412;2018;5;14;6;3;2;6;0;0;1;0;0;0;0;0;789247,6411;5833657,905;13,26935384;52,57588302
200521;11;3;3300412;2018;5;7;3;3;5;3;0;0;1;0;1;0;0;0;802359,6154;5838813,759;13,46697106;52,6149677
200522;11;7;7400824;2018;5;0;7;3;9;1;2;0;1;0;0;0;0;0;797621,7247;5821384,034;13,38158836;52,46134759
200523;11;12;12400617;2018;5;12;6;3;5;3;0;1;1;0;0;0;0;0;786054,4152;5839051,109;13,22702156;52,62592417
200524;11;11;11501238;2018;5;6;3;2;5;7;0;0;1;0;0;0;1;0;805198,137;5824822,464;13,49590637;52,48798629
200525;11;10;10100312;2018;5;14;7;2;6;4;0;0;1;1;0;0;0;0;808054,896;5829218,988;13,54191485;52,52578336
200526;11;1;1100206;2018;5;11;6;3;1;5;0;1;1;0;0;0;0;0;797789,9777;5827267,855;13,3893148;52,51399763
200527;11;4;4300414;2018;5;9;6;3;0;2;0;1;1;0;0;0;0;0;790944,2954;5826751,204;13,28827095;52,51306073
200528;11;2;2300315;2018;5;13;3;3;5;3;0;1;1;0;0;0;0;0;800338,0758;5825814,753;13,42544065;52,49957589
200529;11;9;9401534;2018;5;12;7;3;0;1;0;1;0;0;0;0;0;0;811040,0866;5820313,842;13,57746689;52,44428549
200530;11;1;1100102;2018;5;9;6;3;5;3;0;1;1;0;0;0;0;0;796095,4954;5826518,543;13,36375106;52,50820325
200531;11;9;9200819;2018;5;6;6;3;5;3;0;1;1;0;0;0;0;0;810499,1763;5820113,096;13,56934748;52,44279388
200532;11;6;6100209;2018;5;18;3;3;5;3;0;0;1;0;0;0;0;1;794757,2129;5821099,102;13,33929739;52,46034598
200533;11;6;6100207;2018;5;7;6;3;2;6;0;0;1;0;1;1;0;0;793462,7915;5820199,958;13,31951008;52,45298208
200534;11;7;7501134;2018;5;19;6;3;1;5;0;0;1;0;0;0;0;0;799248,8136;5817571,148;13,40205103;52,42628141
200535;11;4;4300620;2018;5;9;3;3;2;6;0;1;1;0;0;0;0;0;793363,4973;5827843,401;13,3247811;52,52155602
200536;11;5;5200629;2018;5;22;6;2;4;6;2;0;1;0;0;0;0;0;784033,5439;5828716,233;13,18838996;52,53432225
200537;11;9;9100409;2018;5;2;6;2;5;3;2;0;1;0;1;0;0;0;805707,206;5818798,895;13,49786408;52,43371521
200538;11;12;12601133;2018;5;17;6;2;6;4;0;0;0;1;0;0;1;0;794961,4357;5836478,751;13,35593944;52,59810261
200539;11;1;1400942;2018;5;10;3;3;5;2;0;0;1;0;0;0;0;0;794483,5373;5830674,482;13,34374973;52,54633097
200540;11;1;1200517;2018;5;17;6;3;0;5;0;0;1;0;0;0;0;0;792868,5247;5828878,518;13,31841843;52,53110151
200541;11;6;6400838;2018;5;12;6;2;6;4;0;0;1;1;0;0;0;0;788127,3803;5818751,018;13,23996352;52,44282996
200542;11;11;11400931;2018;5;7;3;2;6;4;0;0;1;1;0;0;0;0;806681,8165;5826924,673;13,51962436;52,50599538
200543;11;8;8100105;2018;5;20;6;3;6;7;0;1;0;1;0;0;0;0;800948,606;5822291,745;13,43122707;52,46766177
200544;11;3;3200207;2018;5;16;6;3;5;3;0;0;1;0;0;0;0;0;798491,6709;5835387,02;13,40692279;52,58639067
200545;11;5;5100316;2018;5;8;3;2;3;2;0;0;1;0;1;0;0;0;785063,696;5829469,548;13,20418259;52,54053858
200546;11;3;3601449;2018;5;17;6;3;1;1;0;0;1;0;1;0;0;0;801714,489;5830097,035;13,4495393;52,53719904
200547;11;10;10100312;2018;5;8;3;3;6;4;0;0;1;1;0;0;0;0;808104,148;5830171,381;13,54352114;52,53429075
200548;11;12;12400619;2018;5;1;3;3;9;1;2;0;1;0;0;0;0;0;789480,2266;5836129,08;13,27493554;52,59791352
200549;11;12;12100205;2018;5;19;6;3;5;2;0;1;1;0;0;0;0;0;794559,4215;5833615,511;13,34747594;52,57265399
200550;11;9;9502043;2018;5;12;6;3;2;6;0;0;1;0;0;0;0;0;810661,6615;5822786,32;13,57421721;52,466658
200551;11;6;6300634;2018;5;18;3;3;0;3;1;0;1;0;0;0;0;1;792122,5678;5818806,699;13,29862529;52,44120947
200552;11;1;1200517;2018;5;18;6;3;2;6;0;0;1;0;0;0;0;0;793395,8849;5829073,843;13,32634281;52,5325689
200553;11;11;11501340;2018;5;14;3;2;6;4;0;0;1;1;0;0;0;0;807922,78;5825443,101;13,53648079;52,49201861
200554;11;8;8100417;2018;5;18;6;3;6;2;1;0;1;1;0;0;0;0;802121,9833;5823020,436;13,44910754;52,47354553
200555;11;3;3601244;2018;5;19;6;2;5;3;0;0;1;0;1;0;0;0;800086,6169;5831663,465;13,42702546;52,5521382
200556;11;1;1100310;2018;5;18;3;2;0;1;0;1;0;0;0;0;0;1;799403,0622;5828047,887;13,41371658;52,52010637
200557;11;6;6100209;2018;5;6;6;3;0;3;0;1;1;0;0;0;0;0;794642,076;5821087,933;13,33759781;52,46030795
200558;11;12;12100205;2018;5;17;5;3;1;5;0;0;1;0;0;0;1;0;793666,1457;5832608,761;13,3334416;52,56411183
200559;11;1;1100207;2018;5;18;3;3;5;3;0;1;1;0;0;0;0;1;797890,665;5826670,888;13,39025983;52,50859157
200560;11;11;11200513;2018;5;23;5;3;5;2;2;0;1;0;1;0;0;1;804467,3397;5830938,154;13,49077286;52,54320666
200561;11;11;11300722;2018;5;18;3;3;0;1;1;0;0;0;1;0;0;1;803915,1614;5827980,19;13,47995153;52,51700378
200562;11;1;1100313;2018;5;18;6;3;1;5;0;1;1;0;0;0;0;0;799831,4629;5826983,05;13,41905203;52,51032642
200563;11;8;8100310;2018;5;17;3;3;5;3;0;0;1;0;0;0;0;1;800553,0738;5825054,613;13,42791251;52,49264413
200564;11;1;1401046;2018;5;16;3;3;3;6;0;1;0;0;0;0;0;1;795083,8772;5830276,643;13,35222381;52,54243984
200565;11;7;7501133;2018;5;17;6;3;2;2;0;0;0;0;1;0;1;0;798356,573;5818411,823;13,3897178;52,43430441
200566;11;11;11300619;2018;5;22;5;3;5;2;2;0;1;0;1;0;0;1;802978,9742;5828706,544;13,4668586;52,52403485
200567;11;5;5300737;2018;5;16;3;3;5;3;0;1;1;0;0;0;0;0;787357,4878;5829812,154;13,2382081;52,5424054
200568;11;11;11501340;2018;5;21;5;3;6;4;2;0;1;1;0;0;0;1;807264,8401;5824393,232;13,5258527;52,48298027
200569;11;1;1100416;2018;5;16;3;2;5;2;0;1;1;0;0;0;0;0;798519,0584;5830046,722;13,40252144;52,53850779
200570;11;5;5200420;2018;5;17;6;3;5;7;0;0;1;0;1;0;0;0;783487,9466;5828650,976;13,18031216;52,53402122
200571;11;4;4300620;2018;5;16;3;3;2;6;0;0;1;0;0;0;0;0;793518,2564;5827657,8;13,32689172;52,51980891
200572;11;4;4300624;2018;5;16;6;3;2;7;0;0;1;0;1;0;0;0;792985,1953;5826391,991;13,31794335;52,50874808
200573;11;8;8200727;2018;5;17;5;3;2;3;0;1;1;0;0;0;0;0;802684,6155;5819377,866;13,45406362;52,44058548
200574;11;3;3601346;2018;5;16;3;3;1;5;0;1;1;0;0;0;0;1;799351,3712;5830691,548;13,41533774;52,54383108
200575;11;4;4400725;2018;5;16;6;3;5;3;0;1;1;0;0;0;0;0;790557,9;5825213,978;13,28125141;52,49948537
200576;11;10;10400941;2018;5;16;3;3;5;3;0;1;1;0;0;0;0;0;812365,1644;5823793,864;13,60015553;52,47471568
200577;11;6;6300633;2018;5;16;6;3;5;3;0;0;1;0;0;0;0;0;792859,6352;5818590,201;13,30924836;52,43887437
200578;11;2;2300316;2018;5;17;5;3;2;1;0;0;1;0;1;0;0;0;800625,9872;5826266,293;13,43007684;52,50346465
200579;11;9;9501939;2018;5;20;5;2;5;2;2;1;1;0;0;0;0;1;810937,8;5821589,231;13,57715398;52,45577316
200580;11;11;11200411;2018;5;15;3;2;5;2;0;1;1;0;0;0;0;0;805151,2237;5831637,466;13,50146856;52,5490916
200581;11;12;12200515;2018;5;16;6;2;2;2;0;0;1;0;0;0;1;0;790058,0887;5835739,914;13,28310241;52,59411675
200582;11;2;2100102;2018;5;21;5;3;6;2;2;0;1;1;0;0;0;1;798440,8336;5826526,297;13,39821256;52,50699481
200583;11;3;3400619;2018;5;14;3;3;6;4;0;0;1;1;0;0;0;0;795937,9213;5835575,287;13,3695072;52,58947351
200584;11;3;3501037;2018;5;15;6;3;5;2;0;1;1;0;0;0;0;0;802756,5112;5832699,771;13,46722867;52,55994897
200585;11;11;11200514;2018;5;15;6;3;5;3;0;1;1;0;0;0;0;0;804495,8544;5830347,06;13,49065033;52,53789305
200586;11;10;10400940;2018;5;19;5;2;0;1;1;0;1;0;1;0;0;1;813085,4065;5826571,984;13,61333463;52,49919828
200587;11;9;9301126;2018;5;14;3;3;6;4;0;0;0;1;1;0;0;0;811052,1317;5816927,659;13,57449423;52,41393297
200588;11;10;10200420;2018;5;10;6;3;5;2;0;0;1;0;0;0;0;0;812011,566;5830584,122;13,60132947;52,53576678
200589;11;4;4501148;2018;5;18;5;3;8;1;0;0;1;0;0;0;0;0;792899,4028;5823285,754;13,31395174;52,48094769
200590;11;7;7400824;2018;5;10;6;3;5;3;0;0;1;0;1;0;0;0;797842,3811;5822205,154;13,38555937;52,46858782
200591;11;4;4200308;2018;5;17;5;3;2;6;0;0;1;0;0;0;0;0;788889,5618;5827605,951;13,25881938;52,521816
200592;11;1;1401049;2018;5;7;3;3;5;2;0;1;1;0;0;0;0;0;796008,8762;5831415,935;13,36683917;52,55215073
200593;11;2;2200208;2018;5;10;6;3;5;2;0;1;1;0;0;0;0;0;797258,2544;5824805,45;13,37930402;52,49221491
200594;11;3;3400620;2018;5;16;5;3;5;2;0;1;1;0;0;0;0;0;796651,3365;5834139,541;13,37872218;52,57621519
200595;11;1;1200520;2018;5;20;2;3;1;5;0;1;1;0;0;0;1;0;794556,6802;5828970,699;13,34331487;52,53101824
200596;11;6;6300525;2018;5;10;6;3;1;5;0;0;1;0;0;0;0;0;789002,9385;5816010,665;13,25044101;52,41779918
200597;11;5;5200630;2018;5;13;5;3;5;3;0;1;1;0;0;0;0;0;784644,8604;5827268,729;13,19613899;52,52102497
200598;11;6;6400840;2018;5;13;5;3;7;7;0;0;1;0;0;0;0;0;789085,334;5818945,504;13,25418652;52,44406802
200599;11;12;12100102;2018;5;13;2;3;3;6;0;1;1;0;0;0;0;0;795871,6899;5833188,217;13,36640183;52,56811198
200600;11;1;1100415;2018;5;9;6;3;0;1;0;0;0;0;1;0;0;0;797943,7857;5829497,648;13,39357227;52,53390088
200601;11;8;8200623;2018;5;13;5;2;5;2;0;0;1;0;1;0;0;0;801549,3187;5820647,556;13,43855805;52,45259326
200602;11;11;11300723;2018;5;11;5;2;6;7;0;0;1;1;0;0;0;0;805212,7476;5828362,633;13,49936589;52,5197068
200603;11;2;2100103;2018;5;15;2;3;5;2;0;1;1;0;0;0;0;0;798628,0851;5826232,505;13,40069977;52,5042589
200604;11;8;8100417;2018;5;9;6;3;5;2;0;1;1;0;0;0;0;0;801743,2372;5822588,827;13,44315789;52,46988629
200605;11;1;1100308;2018;5;8;6;2;6;4;0;1;0;1;0;0;0;0;797412,9031;5827977,403;13,38440884;52,52056364
200606;11;7;7300517;2018;5;0;5;3;6;4;2;0;1;1;0;0;0;0;794772,9963;5822862,843;13,34108723;52,47614841
200607;11;1;1100101;2018;5;16;2;3;2;2;0;0;1;0;0;1;0;0;795251,2569;5826639,381;13,3514552;52,50974403
200608;11;1;1200628;2018;5;7;6;2;3;6;0;1;1;0;0;1;0;0;796153,53;5828279,484;13,36617106;52,52395694
200609;11;12;12400619;2018;5;16;5;2;0;5;0;1;0;0;0;0;1;0;787025,4851;5836099,46;13,23876751;52,59894925
200610;11;3;3200309;2018;5;15;2;3;5;3;0;1;1;0;0;0;0;0;800506,7181;5836413,185;13,43750706;52,59447897
200611;11;10;10400940;2018;5;7;6;3;2;6;0;0;1;0;0;0;0;0;812384,2066;5824234,607;13,6008478;52,47865439
200612;11;2;2200210;2018;5;12;5;3;5;2;0;0;1;0;0;0;1;0;798172,1581;5824833,466;13,39275009;52,49196761
200613;11;8;8100415;2018;5;15;4;3;1;5;0;1;1;0;0;0;0;0;801798,6341;5823636,424;13,44491884;52,47924548
200614;11;4;4501041;2018;5;17;2;3;0;2;0;1;1;0;0;0;0;0;792956,8063;5825540,766;13,31677723;52,50113239
200615;11;6;6100101;2018;5;7;6;3;6;2;0;0;1;1;0;0;0;0;793530,6061;5820632,053;13,32088501;52,45681926
200616;11;5;5300841;2018;5;18;2;3;0;2;0;1;1;0;0;0;0;0;789673,1511;5829344,969;13,2718515;52,53699085
200617;11;3;3500934;2018;5;5;6;3;5;3;1;0;1;0;0;0;0;0;800721,7828;5831680,195;13,43638039;52,55193785
200618;11;1;1100313;2018;5;14;4;3;1;5;0;1;0;0;0;0;1;0;800132,5257;5826873,189;13,4233758;52,50917614
200619;11;5;5100316;2018;5;16;4;3;5;2;0;0;1;0;0;0;0;0;784845,906;5829226,085;13,20077124;52,5384696
200620;11;7;7601339;2018;5;6;2;3;5;2;0;0;1;0;0;0;0;0;795623,3038;5815769,661;13,34729472;52,41210305
200621;11;3;3701660;2018;5;14;6;3;5;3;0;0;1;0;0;0;0;0;800799,0717;5829285,376;13,43534866;52,53043002
200622;11;6;6400841;2018;5;16;4;3;6;4;0;1;0;1;0;0;0;0;789624,9668;5818179,886;13,26144041;52,43691838
200623;11;6;6200422;2018;5;21;4;2;5;3;2;0;1;0;0;0;0;1;794435,8626;5816653,453;13,33066457;52,42066589
200624;11;6;6300528;2018;5;9;2;3;0;7;0;0;0;0;1;0;0;0;790046,7495;5815937,985;13,26568351;52,4165954
200625;11;5;5200632;2018;5;12;6;3;0;1;0;0;0;0;0;0;1;0;784983,7174;5828445,164;13,20212802;52,53139585
200626;11;12;12200309;2018;5;13;6;3;0;2;0;0;0;1;0;0;1;0;793273,9996;5832569,523;13,32763822;52,56397146
200627;11;1;1200520;2018;5;22;2;3;2;2;2;0;1;0;0;0;0;0;794554,2193;5829062,548;13,34336008;52,53184293
200628;11;1;1300834;2018;5;13;6;3;6;7;0;0;1;1;0;0;0;0;798017,2743;5830094,252;13,39518751;52,53920848
200629;11;11;11200411;2018;5;14;4;3;5;3;0;0;1;0;1;0;0;0;805165,409;5831387,006;13,50144697;52,54683894
200630;11;4;4200207;2018;5;7;2;3;5;3;0;1;0;0;0;0;1;0;788961,945;5823644,827;13,2564454;52,48626479
200631;11;6;6300528;2018;5;13;6;3;2;6;0;0;1;0;0;0;0;0;788945,0082;5816348,859;13,24988361;52,42086187
200632;11;12;12400723;2018;5;13;4;3;2;2;0;0;1;0;0;0;0;0;791421,8391;5838778,067;13,30585381;52,62062367
200633;11;6;6400841;2018;5;15;2;3;5;2;0;1;1;0;0;0;0;0;789874,5557;5818785,256;13,2656268;52,44221351
200634;11;12;12200307;2018;5;12;4;3;6;4;0;0;1;1;0;0;0;0;793269,1577;5833182,902;13,32810927;52,56947266
200635;11;12;12200412;2018;5;11;2;3;2;6;0;0;1;0;0;0;0;0;790786,5262;5833709,396;13,29204415;52,57552453
200636;11;11;11400929;2018;5;11;2;3;5;2;0;0;1;0;1;0;0;0;804802,5673;5826501,074;13,4916345;52,50325193
200637;11;4;4501041;2018;5;16;5;3;2;6;0;1;1;0;0;0;0;0;793499,1656;5825710,347;13,32489376;52,50236116
200638;11;5;5200630;2018;5;11;4;3;1;5;0;1;1;0;0;0;0;0;784556,1752;5827086,156;13,19467924;52,5194343
200639;11;4;4200311;2018;5;10;2;3;5;2;0;1;1;0;0;0;0;0;790163,5649;5825419,341;13,27563757;52,5015363
200640;11;6;6200317;2018;5;21;5;3;6;7;0;0;1;1;0;0;0;0;796983,1043;5817774,81;13,36900812;52,42934156
200641;11;1;1100308;2018;5;10;2;3;6;4;0;0;1;1;0;0;0;0;797241,2312;5829097,815;13,38288763;52,53070044
200642;11;4;4500939;2018;5;9;4;3;5;2;0;1;1;0;0;0;0;0;792471,4416;5824277,516;13,30853815;52,49006802
200643;11;2;2500832;2018;5;9;2;3;7;7;0;1;0;0;0;0;0;0;803404,3143;5826877,418;13,47144084;52,5074043
200644;11;5;5100210;2018;5;15;5;3;2;6;0;0;1;0;0;0;1;0;783645,3652;5829528,88;13,18337615;52,54181075
200645;11;6;6100103;2018;5;15;5;3;6;4;0;1;0;1;0;0;0;0;793804,3521;5821188,143;13,32539161;52,46165732
200646;11;1;1100103;2018;5;12;2;3;5;2;0;1;1;0;0;0;0;0;795325,5656;5826174,551;13,35213455;52,50553697
200647;11;1;1400939;2018;5;14;5;3;5;3;0;1;1;0;0;0;0;0;794391,5302;5832042,563;13,34360991;52,55864455
200648;11;3;3400619;2018;5;9;4;3;2;6;0;1;1;0;0;0;0;0;796434,5313;5835368,86;13,37663168;52,58735273
200649;11;5;5100101;2018;5;8;2;3;2;6;0;0;1;0;0;0;0;0;785359,977;5832594,046;13,21122534;52,56839722
200650;11;2;2100102;2018;5;14;5;3;5;3;0;1;0;0;1;0;0;0;798452,2104;5826533,576;13,39838621;52,50705383
200651;11;9;9200715;2018;5;9;4;3;5;2;0;0;1;0;0;0;0;0;807218,7294;5818289,569;13,51956023;52,42830368
200652;11;1;1401045;2018;5;13;2;3;0;6;0;0;1;0;1;0;0;0;796894,5589;5831536,18;13,3799712;52,55274654
200653;11;3;3500932;2018;5;14;4;3;5;3;0;1;1;0;0;0;0;0;801748,5861;5832382,747;13,45211721;52,55766696
200654;11;7;7400823;2018;5;8;2;3;5;2;0;1;1;0;0;0;0;0;797280,1929;5821087,631;13,37631231;52,45887653
200655;11;4;4300622;2018;5;23;5;3;2;6;2;0;1;0;0;0;0;0;793544,2107;5826084,457;13,3258853;52,50569066
200656;11;8;8200622;2018;5;8;2;3;5;2;0;0;1;0;0;0;0;0;801221,807;5821677,764;13,43468248;52,46200791
200657;11;1;1200628;2018;5;23;5;3;5;2;2;0;1;0;0;0;0;0;795526,3455;5828203,908;13,35688645;52,52361977
200658;11;10;10400835;2018;5;6;4;3;2;2;0;0;1;0;0;0;0;0;812570,5314;5828640;13,60771635;52,51802513
200659;11;1;1300835;2018;5;8;2;3;5;2;0;1;0;0;0;1;0;0;797764,6481;5829743,579;13,39115942;52,53620324
200660;11;8;8100206;2018;5;14;5;3;1;5;0;1;1;0;0;0;0;0;800679,7068;5823790,172;13,42863139;52,48124078
200661;11;9;9401329;2018;5;8;2;3;5;2;0;1;1;0;0;0;0;0;812187,7685;5819086,891;13,59315218;52,43263633
200662;11;4;4300620;2018;5;13;5;3;5;7;0;0;1;0;1;0;0;0;793856,8394;5827003,108;13,33128919;52,5137576
200663;11;7;7601339;2018;5;22;4;2;5;2;2;0;1;0;1;0;0;0;795803,152;5816024,023;13,35015599;52,4142861