OBJECTID;LAND;BEZ;LOR_ab_2021;UJAHR;UMONAT;USTUNDE;UWOCHENTAG;UKATEGORIE;UART;UTYP1;ULICHTVERH;IstRad;IstPKW;IstFuss;IstKrad;IstGkfz;IstSonstig;USTRZUSTAND;LINREFX;LINREFY;XGCSWGS84;YGCSWGS84
200664;11;4;4300412;2018;5;22;4;2;6;4;2;0;1;1;0;0;0;0;790689,989;5827367,388;13,28507244;52,51872042
200665;11;2;2200209;2018;5;8;2;3;5;3;0;1;1;0;0;0;0;0;797018,8223;5824468,012;13,37548703;52,48932046
200666;11;1;1100416;2018;5;22;5;2;0;1;2;1;0;0;0;0;0;0;798606,3993;5829320,579;13,40315298;52,5319511
200667;11;1;1401044;2018;5;20;4;3;0;1;1;1;0;0;0;0;0;1;796437,4239;5831008,179;13,37277726;52,54826257
200668;11;9;9300920;2018;5;12;5;3;6;4;0;0;1;1;0;0;0;0;807697,5825;5817814,688;13,52614407;52,42377861
200669;11;4;4300624;2018;5;20;4;3;5;2;1;0;1;0;0;0;0;1;792973,4765;5826095,833;13,31751052;52,50609942
200670;11;3;3601245;2018;5;8;2;3;5;3;0;1;0;0;0;0;1;0;801158,9638;5831112,7;13,44229416;52,54660981
200671;11;8;8100311;2018;5;11;5;3;2;2;0;0;1;0;1;0;0;0;800659,6682;5824475,265;13,42895511;52,48739254
200672;11;3;3501037;2018;5;18;4;3;2;6;0;1;1;0;0;0;0;0;802748,3916;5832700,63;13,46711005;52,55996118
200673;11;7;7100103;2018;5;19;4;2;6;4;0;1;0;1;0;0;0;0;795658,7453;5824973,344;13,35596272;52,49458867
200674;11;3;3500934;2018;5;8;2;3;5;7;0;1;1;0;0;0;0;0;801072,3219;5831653,397;13,44151052;52,55150402
200675;11;6;6300634;2018;5;22;5;3;2;2;2;1;1;0;0;0;0;0;791054,7947;5817818,441;13,28210007;52,43291894
200676;11;5;5100104;2018;5;7;2;3;5;2;0;1;1;0;0;0;0;0;785840,3272;5831731,446;13,21755008;52,56041136
200677;11;8;8100418;2018;5;11;5;3;6;4;0;0;1;1;0;0;0;0;802067,8035;5823583,407;13,44882219;52,47862147
200678;11;2;2200209;2018;5;19;4;3;5;7;0;0;1;0;0;0;0;0;797479,878;5824554,858;13,38233496;52,4898479
200679;11;5;5300737;2018;5;6;2;3;3;6;0;0;1;0;0;0;1;0;787910,1477;5830049,712;13,24654082;52,54424346
200680;11;1;1100308;2018;5;11;5;3;5;3;0;1;1;0;0;0;0;0;796674,202;5828756,113;13,37424825;52,52794636
200681;11;10;10400837;2018;5;17;4;3;5;2;0;1;1;0;0;0;0;0;810638,4015;5825990,2;13,57686079;52,49538294
200682;11;11;11501340;2018;5;6;2;3;2;6;0;0;1;0;0;1;0;0;807292,6887;5824718,234;13,52656109;52,48587731
200683;11;10;10400941;2018;5;11;5;3;5;3;0;1;1;0;0;0;0;0;812640,3779;5825270,994;13,60557939;52,48779505
200684;11;5;5100103;2018;5;8;4;3;6;4;0;0;1;1;0;0;0;0;785228,5999;5832144,674;13,20890583;52,56443708
200685;11;12;12601031;2018;5;7;4;3;6;4;0;0;1;1;0;0;0;0;793772,8642;5836764,888;13,33869555;52,60131103
200686;11;11;11300617;2018;5;14;5;3;2;6;0;0;1;0;0;1;0;0;803087,6903;5829537,507;13,46921357;52,53142218
200687;11;1;1100102;2018;5;7;4;3;5;2;0;1;0;0;0;0;1;0;794307,5215;5827035,311;13,33793981;52,51380328
200688;11;7;7601442;2018;5;15;1;3;5;2;0;1;1;0;0;0;0;0;799726,3546;5814499,525;13,40630309;52,3984869
200689;11;3;3400723;2018;5;9;5;3;2;6;0;1;1;0;0;0;0;0;798731,0994;5833695,153;13,4089217;52,57109431
200690;11;2;2200210;2018;5;13;6;3;5;2;0;0;1;0;0;0;0;0;798848,2508;5825091,827;13,4029103;52,49391374
200691;11;12;12500825;2018;5;17;4;3;6;4;0;0;1;1;0;0;0;0;792171,7321;5834356,316;13,31299729;52,580582
200692;11;7;7400721;2018;5;18;5;3;5;2;0;0;1;0;1;0;0;0;797290,6545;5823213,365;13,37835988;52,4779259
200693;11;1;1100102;2018;5;11;4;3;6;6;0;1;0;1;0;0;0;0;795191,8188;5826842,096;13,35076173;52,51159339
200694;11;7;7300516;2018;5;18;4;3;5;2;0;0;1;0;1;0;0;0;793991,2018;5821551,654;13,3284541;52,46481555
200695;11;8;8401244;2018;5;16;4;3;0;2;0;0;1;0;0;0;1;0;805718,1262;5816795,776;13,49619358;52,41575595
200696;11;7;7200307;2018;5;10;4;3;5;2;0;1;1;0;0;0;0;0;794523,9418;5824647,318;13,33900754;52,49227958
200697;11;12;12500930;2018;5;13;6;3;5;2;0;1;0;0;0;0;1;0;793934,7931;5835290,825;13,33977132;52,58800966
200698;11;12;12601235;2018;5;9;6;3;2;6;0;0;1;0;0;0;0;0;794431,8337;5836240,061;13,34793064;52,59624997
200699;11;10;10300734;2018;5;16;4;3;5;3;0;1;1;0;0;0;0;0;809159,92;5826175,693;13,55532437;52,49788471
200700;11;3;3400724;2018;5;17;5;3;4;7;0;1;0;0;0;0;0;0;799994,844;5834945,208;13,42864374;52,58160381
200701;11;1;1100102;2018;5;21;4;3;1;5;2;1;1;0;0;0;0;0;796860,8944;5826768,276;13,37521828;52,51002589
200702;11;1;1100308;2018;5;20;4;3;2;7;0;1;1;0;0;0;0;0;797584,1912;5828524,042;13,38741501;52,52537015
200703;11;10;10100312;2018;5;16;5;3;5;2;0;1;1;0;0;0;0;0;807921,7676;5829228,105;13,53996717;52,52594026
200704;11;4;4501150;2018;5;19;4;3;2;2;0;0;1;0;0;0;0;0;793451,985;5823922,379;13,32262571;52,48635813
200705;11;1;1100104;2018;5;15;5;3;5;3;0;1;1;0;0;0;0;0;796619,4628;5825629,453;13,37065665;52,49994881
200706;11;4;4300621;2018;5;14;4;3;0;5;0;0;1;0;0;0;0;0;792114,8144;5826862,722;13,30556847;52,51343484
200707;11;3;3601243;2018;5;6;5;3;5;3;0;1;1;0;0;0;0;0;799495,3392;5831781,725;13,41843754;52,55352364
200708;11;5;5200526;2018;5;16;7;2;3;6;0;0;1;0;0;0;0;0;781844,4001;5827184,896;13,15490305;52,52172806
200709;11;2;2200213;2018;5;19;4;3;2;7;0;1;0;0;0;0;1;0;800022,3254;5824728,008;13,41982446;52,4900086
200710;11;10;10200627;2018;5;21;6;2;8;1;0;0;0;0;1;0;0;0;811186,4308;5829299,861;13,58800135;52,52472985
200711;11;12;12200414;2018;5;8;6;3;2;6;0;0;1;0;0;0;1;0;791900,4907;5831493,554;13,30648631;52,55506387
200712;11;11;11501339;2018;5;19;4;3;5;2;0;1;1;0;0;0;0;0;807198,3208;5825567,516;13,5259586;52,49354181
200713;11;1;1100310;2018;5;15;5;3;5;2;0;1;0;0;0;0;1;0;799496,0523;5828788,752;13,41575015;52,52669601
200714;11;2;2100104;2018;5;18;4;3;5;2;0;1;1;0;0;0;0;0;798928,5085;5826354,143;13,40522193;52,50518471
200715;11;3;3200204;2018;5;17;4;3;5;2;0;1;1;0;0;0;0;0;798067,0422;5837200,87;13,40230617;52,60288195
200716;11;2;2200211;2018;5;17;4;3;1;5;0;1;1;0;0;0;0;0;798598,6472;5824515,94;13,39872861;52,48888827
200717;11;4;4501149;2018;5;18;6;3;5;5;0;1;1;0;0;0;0;0;793444,0302;5824222,656;13,32277329;52,48905427
200718;11;4;4501040;2018;5;22;4;3;0;2;2;0;1;0;0;0;1;0;792633,012;5825460,203;13,31194995;52,5005839
200719;11;9;9401534;2018;5;22;4;2;6;4;2;0;0;1;0;1;0;0;810762,9219;5820317,197;13,57340519;52,44447314
200720;11;7;7300516;2018;5;17;6;3;5;2;0;1;1;0;0;0;0;0;793966,8439;5821904,902;13,32840778;52,46799538
200721;11;5;5100317;2018;5;10;5;3;6;7;0;1;0;1;0;0;0;0;786989,2706;5828157,675;13,23136468;52,52776608
200722;11;7;7300516;2018;5;18;4;3;0;1;0;1;0;0;0;0;0;0;793904,8449;5822011,704;13,32759181;52,46898617
200723;11;11;11400929;2018;5;15;4;3;0;4;0;0;0;1;0;0;1;0;804996,8589;5826563,494;13,49454523;52,50370281
200724;11;11;3601450;2018;5;15;4;3;5;3;0;1;0;0;0;0;1;0;802535,8662;5829321,633;13,46090696;52,52979387
200725;11;11;11100308;2018;5;15;4;3;5;3;0;1;1;0;0;0;0;0;804654,7687;5833592,035;13,49596362;52,56688714
200726;11;9;9501736;2018;5;16;4;3;0;3;0;1;1;0;0;0;0;0;813655,4963;5821709,168;13,61713198;52,45529527
200727;11;3;3601348;2018;5;15;6;3;5;3;0;0;1;0;0;0;0;0;799843,0269;5830810,371;13,4226733;52,54462579
200728;11;6;6400839;2018;5;16;4;3;1;5;0;1;0;0;0;0;1;0;788519,5609;5818453,21;13,24546037;52,43995315
200729;11;3;2400520;2018;5;19;5;3;2;6;0;0;1;0;1;0;0;0;800126,0169;5828965,805;13,42516805;52,52793658
200730;11;2;2400623;2018;5;16;4;3;5;2;0;1;1;0;0;0;0;0;800586,223;5827009,419;13,43016375;52,51014742
200731;11;12;12200412;2018;5;15;4;3;6;2;0;0;1;1;0;0;0;0;791165,6833;5834026,403;13,29790186;52,57816371
200732;11;2;2500729;2018;5;20;5;3;1;5;1;1;0;0;0;0;1;0;803267,3743;5827768,443;13,47024125;52,51546653
200733;11;2;2300316;2018;5;15;4;3;5;2;0;1;1;0;0;0;0;0;801623,3327;5826054,347;13,44453396;52,50101456
200734;11;3;3400723;2018;5;15;4;3;5;3;0;0;1;0;0;0;1;0;799550,9898;5834226,198;13,42146291;52,57540365
200735;11;1;1100102;2018;5;15;4;3;3;6;0;0;1;0;1;0;0;0;795457,0765;5826642,436;13,35448179;52,50965998
200736;11;12;12400619;2018;5;16;4;2;5;3;0;0;1;0;1;0;0;0;786419,4291;5837216,837;13,23081082;52,60928671
200737;11;9;9100407;2018;5;14;5;3;2;6;0;0;0;0;1;0;1;0;806316,9129;5820942,663;13,50876968;52,45258754
200738;11;10;10100104;2018;5;16;4;2;5;3;0;1;1;0;0;0;0;0;810148,9676;5833322,342;13,57651383;52,56136827
200739;11;8;8100521;2018;5;12;6;3;5;3;0;0;1;0;1;0;0;0;802484,486;5822555,747;13,45400698;52,46917988
200740;11;12;12400616;2018;5;15;4;2;5;3;0;1;1;0;0;0;0;0;786489,2733;5834533,033;13,22951739;52,58518819
200741;11;9;9100408;2018;5;20;5;3;5;3;0;1;1;0;0;0;0;0;806296,0013;5820693,408;13,50823433;52,45036533
200742;11;2;2500836;2018;5;15;4;2;5;2;0;1;1;0;0;0;0;0;803119,8198;5825687,909;13,46617916;52,49690104
200743;11;5;5300839;2018;5;14;5;3;5;3;0;0;1;0;0;0;0;0;788940,0854;5829979,857;13,26162557;52,54307195
200744;11;2;2400623;2018;5;15;4;2;5;2;0;0;1;0;0;0;0;0;800358,9229;5827179,616;13,42697817;52,51179815
200745;11;1;1100102;2018;5;5;5;3;5;2;0;1;0;0;1;0;0;0;796584,0157;5826875,013;13,37124558;52,51113329
200746;11;11;11200410;2018;5;17;4;2;6;4;0;0;1;1;0;0;0;0;805861,9407;5832367,362;13,51258984;52,55523452
200747;11;5;5100315;2018;5;23;6;3;1;1;2;0;1;0;0;0;1;0;784495,133;5830069,558;13,19633567;52,54621543
200748;11;4;4500936;2018;5;18;5;3;6;2;0;0;1;1;0;0;0;0;792279,333;5825473,134;13,30676584;52,50088937
200749;11;7;7501029;2018;5;7;4;3;5;3;0;0;1;0;0;0;0;0;797063,3331;5819717,238;13,37191099;52,44671015
200750;11;6;6100210;2018;5;7;4;3;5;2;0;1;1;0;0;0;0;0;794857,3124;5821504,981;13,34112498;52,46393045
200751;11;5;5100317;2018;5;17;6;3;6;4;0;1;0;1;0;0;0;0;785256,8543;5828843,84;13,20648583;52,53482747
200752;11;1;1401048;2018;5;6;6;3;0;1;0;0;0;0;1;0;0;0;795547,9164;5831038,043;13,35972397;52,54901359
200753;11;5;5100316;2018;5;7;4;3;2;6;0;0;1;0;0;0;0;0;784756,566;5828817,223;13,19910717;52,53485045
200754;11;5;5300736;2018;5;16;5;3;2;6;0;0;1;0;1;0;0;0;786389,7365;5829184,721;13,22343621;52,53728957
200755;11;7;7400823;2018;5;6;4;3;5;2;0;0;1;0;0;0;0;0;796922,2079;5822282,999;13,37212253;52,46978651
200756;11;5;5400943;2018;5;14;5;3;3;6;0;1;0;0;0;0;0;0;780236,0248;5822115,094;13,12699349;52,47709702
200757;11;2;2400521;2018;5;6;4;3;5;2;0;1;0;0;0;0;1;0;801250,8631;5827844,601;13,44068363;52,51726667
200758;11;4;4100101;2018;5;12;7;3;1;5;0;0;1;0;1;0;0;0;789843,8292;5829869,51;13,27481849;52,54160266
200759;11;1;1100310;2018;5;6;4;3;2;6;0;0;1;0;1;0;0;0;799505,118;5828119,38;13,41528057;52,52069116
200760;11;1;1100415;2018;5;15;6;3;5;3;0;1;1;0;0;0;0;0;797987,108;5829310,535;13,39404133;52,53219998
200761;11;1;1401045;2018;5;7;6;3;4;6;0;1;0;0;0;0;0;0;796966,8434;5831890,134;13,38135083;52,55587991
200762;11;4;4300623;2018;5;0;4;3;4;6;2;1;0;0;0;0;0;0;792742,357;5826543,023;13,31450832;52,5102324
200763;11;6;6100210;2018;5;9;6;3;1;5;0;1;1;0;0;0;0;0;794942,3721;5820934,172;13,34186901;52,45876757
200764;11;1;1200522;2018;5;6;4;3;0;6;0;0;1;0;1;0;0;0;794346,7465;5828370,634;13,33969775;52,52575245
200765;11;11;11100205;2018;5;17;5;3;2;6;0;1;0;0;0;1;0;0;805737,483;5833790,769;13,51207124;52,56806128
200766;11;5;5200420;2018;5;6;4;2;3;6;0;0;1;0;0;1;1;0;782458,7788;5828529,693;13,16507664;52,53346812
200767;11;6;6200421;2018;5;13;4;3;6;7;0;0;1;1;0;0;0;0;794204,9292;5818374,917;13,32879283;52,4362224
200768;11;1;1200626;2018;5;13;4;3;5;2;0;1;1;0;0;0;0;0;794791,1456;5828310,315;13,3461758;52,52497162
200769;11;11;11501238;2018;5;17;6;3;2;6;0;1;1;0;0;0;0;0;804025,9241;5825924,02;13,47970098;52,49851325
200770;11;1;1200517;2018;5;13;5;3;6;2;0;0;1;1;0;0;0;0;794591,1723;5829794,632;13,34455219;52,53838557
200771;11;7;7300516;2018;5;6;4;3;6;4;0;1;0;1;0;0;0;0;794003,3625;5821601,253;13,32867628;52,46525364
200772;11;8;8100207;2018;5;12;4;3;2;2;0;0;1;0;0;0;0;0;800976,2746;5823489,65;13,43271399;52,47838373
200773;11;3;3601244;2018;5;16;5;2;5;3;0;1;1;0;0;0;0;0;800083,5555;5831671,646;13,42698784;52,55221322
200774;11;10;10100313;2018;5;7;5;3;6;4;0;1;0;1;0;0;0;0;808103,9956;5830909,031;13,5442028;52,54090155
200775;11;8;8100102;2018;5;12;4;3;5;2;0;1;0;0;0;1;0;0;800587,4566;5823218,522;13,42676176;52,47616765
200776;11;2;2300419;2018;5;14;1;3;1;5;0;1;1;0;0;0;0;0;801774,5073;5825797,791;13,44652182;52,49863144
200777;11;2;2200207;2018;5;12;4;3;5;2;0;1;1;0;0;0;0;0;797089,6864;5824710,628;13,37674395;52,49145671
200778;11;6;6400840;2018;5;12;4;3;5;3;0;1;1;0;0;0;0;0;788764,5299;5819970,236;13,25036554;52,4534248
200779;11;1;1300834;2018;5;11;4;3;6;7;0;0;1;1;0;0;0;0;797747,6909;5830585,227;13,39166439;52,54375679
200780;11;7;7400824;2018;5;16;6;2;5;3;0;0;1;0;0;0;1;0;797842,8142;5822041,773;13,38541989;52,46712305
200781;11;3;3701660;2018;5;11;4;3;6;4;0;1;0;1;0;0;0;0;800668,556;5829135,742;13,43329512;52,52916081
200782;11;7;7300619;2018;5;20;5;2;4;7;0;1;0;0;0;0;0;0;795866,6772;5821116,377;13,35559463;52,4599013
200783;11;5;5100315;2018;5;10;4;3;3;6;0;0;1;0;0;1;0;0;784568,1875;5829803,133;13,19718182;52,54378852
200784;11;3;3701659;2018;5;10;4;3;3;6;0;1;0;0;0;1;0;0;800105,0484;5828984,569;13,42487682;52,52811631
200785;11;5;5200528;2018;5;18;5;3;1;1;0;0;1;0;0;0;0;0;783653,3331;5825277,082;13,17986691;52,50368412
200786;11;12;12400619;2018;5;10;4;3;5;3;0;0;1;0;1;0;0;0;787299,5254;5836410,544;13,24307241;52,60159352
200787;11;6;6200421;2018;5;10;4;2;6;4;0;0;1;1;0;0;0;0;793186,6931;5816759,998;13,31244133;52,42229171
200788;11;2;2300316;2018;5;13;5;3;2;6;0;0;1;0;0;0;1;0;800854,5587;5826457,439;13,43360688;52,50505197
200789;11;11;11100203;2018;5;7;6;3;6;4;0;0;0;1;1;0;0;0;807093,1175;5833862,325;13,53207603;52,56793956
200790;11;9;9200717;2018;5;10;4;3;6;4;0;0;1;1;0;0;0;0;809414,6458;5819700,565;13,55306027;52,43971153
200791;11;12;12601032;2018;5;6;5;3;5;2;0;0;1;0;1;0;0;0;792795,5263;5837473,791;13,32493327;52,60819312
200792;11;3;3400831;2018;5;16;5;3;5;7;0;0;1;0;0;0;0;0;800189,545;5834844,24;13,4314172;52,58059143
200793;11;1;1100415;2018;5;9;4;3;0;1;0;1;0;0;0;0;0;0;798162,5394;5829350,038;13,39665535;52,53245813
200794;11;4;4300518;2018;5;8;4;3;1;5;0;0;1;0;1;0;0;0;792131,7833;5828235,454;13,30702336;52,52573196
200795;11;6;6300526;2018;5;5;6;2;5;3;0;1;0;0;0;0;0;0;789522,0699;5817485,258;13,25932942;52,43074521
200796;11;7;7200307;2018;5;17;3;2;2;6;0;1;0;0;0;0;0;0;794648,611;5824208,682;13,34045062;52,48828019
200797;11;4;4300624;2018;5;19;5;3;6;7;0;0;0;1;0;0;1;0;792935,2293;5826088,189;13,31694189;52,50605143
200798;11;1;1100207;2018;5;18;3;3;3;6;0;1;1;0;0;0;0;0;797984,865;5826881,04;13,39183184;52,51042388
200799;11;10;10100315;2018;5;16;3;3;2;6;0;0;1;0;1;0;0;0;809503,4571;5831432,138;13,56525965;52,54479638
200800;11;6;6300634;2018;5;8;5;2;5;2;0;0;1;0;1;0;0;0;792178,236;5818732,933;13,29937746;52,44051842
200801;11;2;2500726;2018;5;11;3;2;3;6;0;0;0;0;1;1;0;0;801726,8016;5828910,838;13,44864361;52,52656031
200802;11;2;2400521;2018;5;11;3;3;5;2;0;1;1;0;0;0;0;0;800482,8593;5828469,004;13,42996347;52,52328705
200803;11;3;3400620;2018;5;17;6;3;3;6;0;0;1;0;1;0;0;0;796785,4962;5833977,19;13,38055083;52,57468675
200804;11;3;3100102;2018;5;10;6;3;5;3;0;1;1;0;0;0;0;0;805080,5171;5841768,869;13,50976139;52,63993133
200805;11;3;3500933;2018;5;6;3;3;5;3;0;1;0;0;1;0;0;0;802283,9806;5832348,402;13,45995936;52,55706221
200806;11;1;1100310;2018;5;8;5;2;0;1;0;1;0;0;0;0;0;0;799573,058;5828455,232;13,4165814;52,52366423
200807;11;4;4300414;2018;5;17;5;3;5;3;0;1;1;0;0;0;0;0;791185,055;5826502,927;13,29159149;52,51070646
200808;11;1;1100309;2018;5;12;1;3;4;2;0;0;1;0;1;0;0;0;797990,8576;5828909,957;13,39373738;52,52860727
200809;11;9;9200614;2018;5;14;3;3;2;3;0;1;0;0;0;0;0;0;808453,1697;5820867,423;13,54003757;52,45071207
200810;11;11;11100308;2018;5;13;5;3;2;6;0;0;1;0;0;0;0;0;804395,8519;5833384,051;13,49196458;52,56516792
200811;11;5;5100315;2018;5;21;3;3;5;2;0;0;1;0;0;0;0;0;784664,5407;5829706,167;13,19851571;52,54286878
200812;11;9;9300920;2018;5;16;6;3;0;1;0;1;1;0;0;0;0;0;807767,1779;5816017,683;13,52551196;52,40763425
200813;11;5;5300839;2018;5;19;3;3;5;7;0;1;1;0;0;0;0;0;788332,1947;5830462,866;13,25310587;52,54772432
200814;11;2;2200212;2018;5;16;7;3;0;6;0;1;1;0;0;0;0;0;799321,6002;5824545,02;13,40937051;52,48875303
200815;11;8;8200729;2018;5;18;3;3;5;3;0;0;1;0;0;0;0;0;799773,6853;5818043,257;13,41017043;52,43022593
200816;11;2;2100101;2018;5;19;6;3;2;2;0;1;0;0;0;0;1;0;797659,6964;5826313,618;13,38654725;52,50551514
200817;11;3;3500934;2018;5;8;6;3;5;3;0;1;1;0;0;0;0;0;800993,118;5831900,187;13,44056963;52,5537598
200818;11;8;8100417;2018;5;19;3;3;2;6;0;1;1;0;0;0;0;0;802131,9397;5823074,998;13,4493031;52,47402907
200819;11;4;4501042;2018;5;13;5;3;6;7;0;0;1;1;0;0;0;0;793760,4419;5825818,285;13,32882712;52,50318817
200820;11;11;11100308;2018;5;16;5;3;5;2;0;1;1;0;0;0;0;0;804994,6906;5833578,097;13,50095041;52,5665719
200821;11;3;3400721;2018;5;17;3;3;4;2;0;1;1;0;0;0;0;0;797511,2885;5833248,53;13,39057569;52,56775902
200822;11;5;5100317;2018;5;17;3;3;5;3;0;0;1;0;1;0;0;0;787087,6065;5828137,415;13,23279274;52,52753265
200823;11;6;6400841;2018;5;16;3;3;5;2;0;1;1;0;0;0;0;0;789658,6098;5818328,419;13,26206266;52,43823222
200824;11;2;2200209;2018;5;18;6;3;5;5;0;1;1;0;0;0;0;0;797096,7781;5824590,51;13,376741;52,49037611
200825;11;7;7400822;2018;5;18;3;3;0;1;0;0;0;0;1;0;0;0;796824,0277;5820997,083;13,36953774;52,4583128
200826;11;3;3300516;2018;5;9;5;2;3;6;0;1;1;0;0;0;0;0;800907,1804;5833518,24;13,44077311;52,56831005
200827;11;6;6400840;2018;5;17;3;3;0;7;0;1;0;0;0;0;0;0;789152,2397;5819750,045;13,25586456;52,45124572
200828;11;3;3601142;2018;5;15;6;2;0;1;0;1;0;0;0;0;0;0;798675,4336;5830304,934;13,40505235;52,54073661
200829;11;4;4300517;2018;5;16;3;3;5;2;0;0;1;0;0;0;0;0;791387,5746;5828587,206;13,29639301;52,52928364
200830;11;4;4200311;2018;5;16;3;3;5;2;0;1;1;0;0;0;0;0;790472,1152;5826692,076;13,28128093;52,51278231
200831;11;6;6300631;2018;5;12;5;2;6;2;0;0;1;1;0;0;0;0;791478,9296;5816159,023;13,2868751;52,41781621
200832;11;4;4400834;2018;5;15;3;3;5;3;0;0;1;0;0;0;0;0;792644,6047;5822752,859;13,30974281;52,47630701
200833;11;5;5300839;2018;5;15;3;2;5;2;0;1;1;0;0;0;0;0;788720,2386;5830531,915;13,25887265;52,54813784
200834;11;7;7501135;2018;5;15;3;2;5;2;0;0;1;0;0;0;0;0;799046,3064;5816806,939;13,39839851;52,41954192
200835;11;1;1300836;2018;5;20;6;2;0;2;0;0;1;0;1;0;0;0;796786,796;5830376,189;13,37734983;52,54240726
200836;11;8;8300934;2018;5;14;3;3;3;6;0;0;1;0;1;0;0;0;803653,806;5818070,901;13,46709141;52,42833394
200837;11;10;10200418;2018;5;19;5;3;6;4;0;0;1;1;0;0;0;0;811100,314;5830920,065;13,58825234;52,53929815
200838;11;7;7400823;2018;5;14;3;3;5;3;0;1;1;0;0;0;0;0;797259,4869;5820691,019;13,37565534;52,45533256
200839;11;6;6300528;2018;5;14;3;3;6;7;0;1;0;1;0;0;0;0;789579,2045;5817242,108;13,25995688;52,42853503
200840;11;12;12100204;2018;5;12;5;3;2;6;0;0;1;0;0;0;1;0;795673,5381;5832528,061;13,36289843;52,562302
200841;11;9;9200512;2018;5;14;3;3;5;2;0;1;1;0;0;0;0;0;808122,7326;5821894,798;13,53613849;52,46010582
200842;11;4;4501044;2018;5;14;3;3;2;7;0;1;0;0;0;0;1;0;793357,8029;5824837,176;13,32204804;52,49460955
200843;11;5;5400943;2018;5;13;7;3;8;7;0;0;1;0;0;0;0;0;781367,664;5819766,283;13,14163113;52,45545399
200844;11;11;11300616;2018;5;13;3;3;1;7;0;0;1;0;0;0;0;0;802889,79;5829618,4;13,46637875;52,53225721
200845;11;1;1100309;2018;5;11;5;2;1;5;0;1;1;0;0;0;0;0;798650,9433;5828989,15;13,40350997;52,5289559
200846;11;1;1100101;2018;5;13;3;3;1;5;0;1;1;0;0;0;0;0;794916,4565;5826633,167;13,34653079;52,50986944
200847;11;2;2100101;2018;5;0;1;3;1;5;2;1;1;0;0;0;0;0;797793,3461;5825965,119;13,38819885;52,50231833
200848;11;2;2200212;2018;5;13;3;3;3;6;0;1;0;0;0;1;0;0;799725,9721;5824483,531;13,41525289;52,48798002
200849;11;9;9200510;2018;5;16;6;3;6;4;0;1;0;1;0;0;0;0;806606,4611;5822045,053;13,51402959;52,46230523
200850;11;4;4200203;2018;5;13;3;2;5;2;0;0;1;0;1;0;0;0;787702,4941;5826432,996;13,24035745;52,51192748
200851;11;6;6300525;2018;5;11;5;3;5;3;0;1;1;0;0;0;0;0;790221,7818;5815034,086;13,26746626;52,40839882
200852;11;8;8100314;2018;5;19;5;3;0;1;0;1;0;0;0;0;0;0;800997,852;5823906,781;13,43340731;52,48211071
200853;11;7;7400927;2018;5;12;3;2;3;6;0;0;1;0;1;0;0;0;799223,936;5821739,433;13,40541922;52,46365833
200854;11;6;6400841;2018;5;12;3;3;6;7;0;0;1;1;0;0;0;0;789621,658;5818168,187;13,26138174;52,43681524
200855;11;3;3400619;2018;5;10;5;3;2;6;0;0;1;0;1;0;0;0;796948,0731;5835828,618;13,38460171;52,5911938
200856;11;8;8401243;2018;5;8;5;3;5;3;0;0;1;0;0;0;0;0;805242,756;5818116,118;13,4904302;52,42785506
200857;11;11;11300725;2018;5;10;3;3;4;2;0;0;1;0;0;1;0;0;805183,5029;5827914,415;13,49852508;52,51570604
200858;11;4;4300414;2018;5;10;3;3;5;2;0;0;1;0;0;0;0;0;791751,7368;5827251,543;13,30057428;52,51711489
200859;11;6;6100102;2018;5;16;6;3;2;6;0;0;1;0;1;0;0;0;793430,9074;5820309,84;13,31913878;52,45398426
200860;11;6;6100103;2018;5;9;6;3;5;3;0;1;1;0;0;0;0;0;793635,6089;5821496,856;13,32318666;52,46451552
200861;11;4;4501045;2018;5;10;3;3;3;6;0;0;1;0;1;0;0;0;793865,3115;5824945,565;13,32959762;52,4953082
200862;11;6;6200422;2018;5;10;5;3;5;2;0;1;1;0;0;0;0;0;794479,3346;5816580,099;13,33123742;52,4199849
200863;11;3;3200207;2018;5;12;6;3;2;2;0;0;0;0;1;0;1;0;798603,534;5835163,01;13,40836716;52,58432139
200864;11;2;2400521;2018;5;10;3;3;5;3;0;0;1;0;0;0;0;0;800416,3884;5828046,017;13,42860465;52,51953233
200865;11;1;1400938;2018;5;10;5;2;5;7;0;0;1;0;0;0;0;0;794398,7387;5830773,215;13,34259034;52,54726187
200866;11;12;12400618;2018;5;16;5;3;6;7;0;1;0;1;0;0;0;0;786218,3113;5838995,241;13,2293879;52,62533696
200867;11;9;9100203;2018;5;9;3;3;2;7;0;0;1;0;0;0;0;0;804420,241;5823872,602;13,48361787;52,47990728
200868;11;1;1100207;2018;5;9;3;3;6;4;0;0;1;1;0;0;0;0;797860,6562;5826826,415;13,38995816;52,51000207
200869;11;6;6300631;2018;5;10;5;3;5;2;0;0;1;0;1;0;0;0;791487,4915;5816163,356;13,28700442;52,4178505
200870;11;1;1200628;2018;5;14;7;3;5;2;0;0;1;0;1;0;0;0;796238,4134;5828119,968;13,36727646;52,52248092
200871;11;8;8200624;2018;5;9;3;3;3;6;0;0;1;0;1;0;0;0;801033,6809;5820601,677;13,4309516;52,45246623
200872;11;11;11501340;2018;5;15;6;3;5;3;0;1;1;0;0;0;0;0;807679,4375;5824545,373;13,53207918;52,48411032
200873;11;8;8100415;2018;5;15;5;3;5;2;0;1;1;0;0;0;0;0;802165,0132;5823364,904;13,45005121;52,47660923