OBJECTID;LAND;BEZ;LOR_ab_2021;UJAHR;UMONAT;USTUNDE;UWOCHENTAG;UKATEGORIE;UART;UTYP1;ULICHTVERH;IstRad;IstPKW;IstFuss;IstKrad;IstGkfz;IstSonstig;USTRZUSTAND;LINREFX;LINREFY;XGCSWGS84;YGCSWGS84
200874;11;4;4200311;2018;5;8;6;2;6;4;0;0;0;1;0;1;0;0;790472,3978;5826690,187;13,28128343;52,51276523
200875;11;4;4501041;2018;5;9;3;3;5;2;0;1;1;0;0;0;0;0;792848,7604;5825759,518;13,31538244;52,50315143
200876;11;1;1200626;2018;5;10;5;3;5;2;0;1;1;0;0;0;0;0;794787,3176;5828310,866;13,34612003;52,52497863
200877;11;10;10100102;2018;5;7;3;3;5;3;0;0;1;0;0;0;0;0;809450,5407;5834611,97;13,56744655;52,57332265
200878;11;1;1100101;2018;5;9;3;3;5;2;0;1;1;0;0;0;0;0;794923,5947;5825985,545;13,34606192;52,50406009
200879;11;9;9301126;2018;5;9;5;2;9;7;0;0;1;0;0;1;0;0;811373,9388;5817445,23;13,57969199;52,41838829
200880;11;12;12500824;2018;5;17;5;3;5;2;0;0;1;0;0;0;0;0;790621,7515;5835977,49;13,29160878;52,59594566
200881;11;1;1200626;2018;5;9;3;3;2;6;0;0;1;0;0;1;0;0;794598,0744;5828337,386;13,34336218;52,52531865
200882;11;7;7400823;2018;5;8;3;3;2;2;0;1;1;0;0;0;0;0;797220,1545;5820698,018;13,37508443;52,45541669
200883;11;1;1100310;2018;5;9;5;3;2;6;0;1;1;0;0;0;0;0;799033,0485;5827761,859;13,40802238;52,51774558
200884;11;4;4501152;2018;5;8;3;2;6;4;0;1;0;1;0;0;0;0;793985,321;5824713,234;13,33115525;52,49316083
200885;11;8;8401245;2018;5;17;6;3;5;3;0;1;1;0;0;0;0;0;806499,7609;5815421,179;13,50639223;52,40299901
200886;11;4;4300412;2018;5;7;5;3;0;2;0;0;1;0;1;0;1;0;790795,0859;5827382,999;13,28663061;52,51880434
200887;11;1;1300836;2018;5;8;3;3;2;6;0;0;1;0;1;0;0;0;797260,437;5831137,886;13,38499511;52,54897677
200888;11;11;11200513;2018;5;7;3;3;5;3;0;1;1;0;0;0;0;0;804726,7345;5831202,865;13,49482887;52,54543412
200889;11;12;12500825;2018;5;9;5;3;6;4;0;0;1;1;0;0;0;0;791658,9096;5834488,723;13,30556685;52,58204412
200890;11;3;3601245;2018;5;7;3;3;6;7;0;0;1;1;0;0;0;0;801103,912;5831221,012;13,44158296;52,54761105
200891;11;4;4501045;2018;5;13;1;3;5;2;0;0;1;0;0;0;0;0;793965,6061;5824957,31;13,33108107;52,49535947
200892;11;10;10300734;2018;5;7;3;3;5;3;0;0;1;0;0;1;0;0;809405,2063;5825747,256;13,55852821;52,49390618
200893;11;7;7601339;2018;5;14;6;2;6;2;0;0;1;1;0;0;0;0;795655,6541;5816060,607;13,34802594;52,41469375
200894;11;9;9200511;2018;5;7;3;3;5;3;0;1;0;0;0;0;1;0;807382,174;5822366,518;13,52570748;52,46475049
200895;11;4;4400832;2018;5;16;3;3;6;2;0;0;1;1;0;0;0;0;791335,2629;5822361,42;13,29017721;52,47349778
200896;11;12;12400617;2018;5;19;6;3;5;2;0;0;1;0;0;0;0;0;785716,2994;5835731,625;13,21917331;52,59634088
200897;11;10;10400835;2018;5;23;2;2;0;3;2;1;0;0;0;0;1;0;811452,5556;5828135,306;13,59082105;52,514142
200898;11;1;1300732;2018;5;21;5;3;6;4;1;0;1;1;0;0;0;0;797203,4944;5832024,744;13,38495171;52,55695743
200899;11;1;1100101;2018;5;10;2;3;5;2;0;1;1;0;0;0;0;0;795257,0669;5826619,125;13,35152259;52,50955931
200900;11;8;8100521;2018;5;17;2;3;5;2;0;1;1;0;0;0;0;0;803170,5816;5821960,419;13,46353545;52,46346368
200901;11;1;1300732;2018;5;9;5;3;5;2;0;1;1;0;0;0;0;0;797536,0837;5832716,672;13,39046345;52,56297806
200902;11;12;12100205;2018;5;9;2;3;6;4;0;0;1;1;0;0;0;0;795294,8951;5833314,921;13,35802923;52,56956095
200903;11;6;6100207;2018;5;14;2;3;1;5;0;0;1;0;1;0;0;0;793478,6011;5820180,581;13,31972504;52,45279989
200904;11;8;8100102;2018;5;16;5;3;5;2;0;0;1;0;0;0;1;0;800475,0491;5823614,716;13,42546869;52,47978075
200905;11;4;4501045;2018;5;15;2;3;5;3;0;0;1;0;0;0;0;0;793965,8059;5824961,102;13,33108735;52,49539336
200906;11;7;7501135;2018;5;18;6;3;5;2;0;0;1;0;0;0;0;0;799046,0155;5816806,822;13,39839414;52,41954102
200907;11;9;9200715;2018;5;13;2;3;5;2;0;0;1;0;0;0;0;0;808982,3473;5818113,024;13,54525373;52,4257284
200908;11;3;3400725;2018;5;9;5;2;6;4;0;0;1;1;0;0;0;0;799603,8736;5835388,714;13,42329174;52,58579449
200909;11;5;5100211;2018;5;16;5;3;5;3;0;1;1;0;0;0;0;0;783246,129;5830300,427;13,17816299;52,54893629
200910;11;11;11300725;2018;5;17;2;3;5;3;0;0;1;0;1;0;0;0;805163,2027;5827722,792;13,49805111;52,51399998
200911;11;7;7300619;2018;5;17;2;3;6;7;0;0;1;1;0;0;0;0;795813,2156;5820981,99;13,35469098;52,45872556
200912;11;8;8100209;2018;5;9;5;3;1;5;0;0;1;0;1;0;0;0;801477,8951;5821984,262;13,43871726;52,46461391
200913;11;1;1100310;2018;5;18;5;3;6;4;0;1;0;1;0;0;0;0;799094,5559;5828993,89;13,41003411;52,52875519
200914;11;2;2100102;2018;5;21;2;3;6;7;2;0;1;1;0;0;0;0;798345,7837;5825526,256;13,39592026;52,49808272
200915;11;1;1100416;2018;5;19;2;3;0;4;0;1;0;1;0;0;0;0;798561,8951;5829488,091;13,40264931;52,53347698
200916;11;7;7300619;2018;5;18;2;3;0;2;0;1;0;0;1;0;0;0;795384,7552;5820977,942;13,34839974;52,45892102
200917;11;3;3500936;2018;5;19;2;3;1;5;0;1;1;0;0;0;0;0;801876,1427;5831159,597;13,45288097;52,54663324
200918;11;1;1200623;2018;5;7;6;3;3;6;0;1;1;0;0;0;0;0;795766,402;5829098,12;13,36120986;52,53150541
200919;11;4;4300619;2018;5;11;6;3;5;2;0;0;1;0;1;0;0;0;792130,3922;5827509,445;13,30636522;52,51922422
200920;11;8;8100206;2018;5;18;2;2;5;2;0;1;1;0;0;0;0;0;800440,4192;5823726,79;13,42506129;52,48080436
200921;11;3;3601452;2018;5;15;5;3;3;6;0;0;1;0;0;1;0;0;802188,1381;5829136,253;13,45562806;52,52832519
200922;11;1;1100309;2018;5;17;2;2;0;1;0;1;0;0;0;0;0;0;798084,8658;5828460,109;13,39471579;52,52452357
200923;11;10;10300731;2018;5;13;2;2;1;3;0;0;1;0;1;0;0;0;809035,4287;5828647,227;13,55579085;52,52010452
200924;11;5;5100316;2018;5;9;2;3;5;2;0;0;1;0;1;0;0;0;784214,5172;5828953,977;13,19125418;52,53635954
200925;11;6;6200423;2018;5;12;6;3;5;2;0;1;1;0;0;0;0;0;794115,7375;5815507,468;13,32496356;52,41056463
200926;11;3;3500932;2018;5;7;6;3;0;2;0;1;1;0;0;0;0;0;802070,4366;5832779,981;13,45721186;52,56104889
200927;11;4;4100101;2018;5;17;7;3;5;2;0;0;1;0;0;0;0;0;791663,9747;5830679,288;13,30229234;52,5478909
200928;11;2;2500831;2018;5;7;2;3;6;4;0;0;1;1;0;0;0;0;803018,5671;5827019,793;13,46590424;52,50889477
200929;11;8;8200624;2018;5;21;6;3;0;2;2;0;1;0;1;0;0;0;801162,434;5820617,672;13,432855;52,45253868
200930;11;2;2200208;2018;5;8;6;3;5;2;0;1;1;0;0;0;0;0;797938,672;5825259,618;13,38970239;52,49591504
200931;11;5;5200631;2018;5;2;2;3;5;3;2;0;1;0;0;0;0;0;784988,7596;5827649,348;13,20151999;52,52425796
200932;11;2;2100102;2018;5;17;5;3;1;5;0;1;1;0;0;0;0;0;798016,1836;5825869,379;13,39138637;52,50133848
200933;11;4;4300624;2018;5;10;2;3;0;3;0;0;1;0;1;0;0;0;792990,8137;5826642,022;13,31824599;52,51098649
200934;11;8;8200729;2018;5;12;2;3;2;6;0;0;1;0;0;0;0;0;799817,8629;5818039,965;13,41081531;52,43017222
200935;11;7;7200308;2018;5;6;2;3;5;3;0;0;1;0;0;0;1;0;794934,6555;5823119,905;13,34368789;52,47836554
200936;11;1;1401049;2018;5;17;6;3;5;3;0;0;1;0;0;0;0;0;795932,7591;5831388,799;13,36569562;52,55194884
200937;11;1;1401045;2018;5;9;5;3;0;3;0;1;1;0;0;0;0;0;796688,0431;5831641,276;13,37702814;52,55380113
200938;11;2;2200213;2018;5;14;1;3;5;2;0;1;1;0;0;0;0;0;799266,055;5825002,537;13,40896579;52,49288447
200939;11;1;1100312;2018;5;16;1;3;6;4;0;1;0;1;0;0;0;0;798947,8922;5827297,565;13,40635398;52,51363053
200940;11;6;6300632;2018;5;14;5;2;5;3;0;1;1;0;0;0;0;0;792089,821;5817213,118;13,2967526;52,42694052
200941;11;2;2400625;2018;5;23;1;3;5;2;2;1;1;0;0;0;0;0;801765,7504;5826250,38;13,44680332;52,50269289
200942;11;8;8200833;2018;5;23;1;2;6;4;2;0;1;1;0;0;0;0;802477,3063;5817008,076;13,44887956;52,41945934
200943;11;2;2200210;2018;5;22;1;3;6;7;2;1;0;1;0;0;0;0;797876,1608;5824918,291;13,38847912;52,49288956
200944;11;8;8100313;2018;5;21;1;3;5;2;2;1;1;0;0;0;0;0;801848,5728;5824435,409;13,44637535;52,48637929
200945;11;9;9200510;2018;5;19;1;3;5;2;0;1;1;0;0;0;0;0;806580,0744;5822760,308;13,51429949;52,46873038
200946;11;4;4501150;2018;5;18;6;2;1;5;0;1;1;0;0;0;0;0;793432,0069;5823740,417;13,32217215;52,48473764
200947;11;5;5200524;2018;5;18;1;3;2;6;0;0;1;0;0;0;0;0;779738,0339;5827861,85;13,12450862;52,52888298
200948;11;7;7400927;2018;5;20;5;3;5;3;1;0;1;0;1;0;0;0;799045,4238;5821268,833;13,40237783;52,45953774
200949;11;5;5200631;2018;5;19;1;3;5;3;0;0;1;0;0;0;1;0;785142,739;5827306,447;13,20348943;52,52110301
200950;11;2;2200207;2018;5;15;1;3;5;3;0;1;0;0;0;0;1;0;797081,1536;5825636,622;13,37744445;52,49976192
200951;11;2;2200209;2018;5;16;1;3;5;2;0;1;1;0;0;0;0;0;797753,44;5824294,292;13,38611932;52,48736309
200952;11;1;1100102;2018;5;21;7;3;0;7;1;1;0;0;0;0;0;0;796815,88;5826790,367;13,37457664;52,51024841
200953;11;9;9501939;2018;5;17;5;2;2;6;0;0;1;0;0;0;0;0;809685,1991;5821275,817;13,55848794;52,45367552
200954;11;1;1100416;2018;5;17;6;3;0;1;0;1;0;0;0;0;0;0;798636,3396;5829378,693;13,40364527;52,53245561
200955;11;1;1100310;2018;5;16;1;2;0;1;0;1;0;0;0;0;0;0;799025,0238;5827770,281;13,40791204;52,51782547
200956;11;1;1400937;2018;5;5;2;3;5;3;0;1;1;0;1;0;0;0;793673,1482;5832253,886;13,33323052;52,56092682
200957;11;4;4100101;2018;5;10;4;3;2;6;0;0;1;0;0;0;1;0;791325,2404;5830671,568;13,29730423;52,54800294
200958;11;5;5200423;2018;5;22;2;3;0;4;2;0;1;1;0;0;0;0;780893,2632;5828333,406;13,14189173;52,53251719
200959;11;3;3701660;2018;5;9;3;3;1;5;0;1;1;0;0;0;0;0;800391,6791;5829064,461;13,42916149;52,52867454
200960;11;9;9501939;2018;5;14;2;3;6;4;0;0;1;1;0;0;0;0;810937,8163;5821599,948;13,5771642;52,45586919
200961;11;8;8401242;2018;6;12;6;2;5;3;0;0;1;0;0;0;0;0;805255,4114;5817244,403;13,48982035;52,4200351
200962;11;8;8401243;2018;5;19;2;2;5;2;0;0;1;0;1;0;0;0;806552,2628;5817644,153;13,50919723;52,422893
200963;11;6;6200313;2018;5;20;2;3;5;2;1;1;0;0;1;0;0;0;795188,4367;5818767,034;13,34356492;52,4392076
200964;11;2;2100106;2018;6;10;6;3;1;5;0;0;1;0;0;0;1;0;799028,7385;5825610,819;13,40602676;52,49846694
200965;11;1;1100311;2018;5;19;3;2;6;4;0;1;0;1;0;0;0;0;799688,8676;5827846,47;13,41773479;52,51814399
200966;11;10;10300734;2018;5;19;2;2;2;2;0;0;1;0;0;0;0;0;809718,5486;5826038,744;13,56339983;52,49634071
200967;11;3;3500933;2018;6;10;6;3;0;2;0;0;1;0;0;0;1;0;801687,9618;5831792,83;13,45068956;52,55241313
200968;11;7;7200414;2018;5;12;3;3;6;4;0;0;1;1;0;0;0;0;796546,2153;5823965,52;13,36809979;52,48507302
200969;11;1;1100206;2018;6;10;6;3;6;4;0;1;0;1;0;0;0;0;797205,0291;5827480,851;13,38091053;52,51622595
200970;11;2;2200210;2018;5;17;3;2;5;3;0;1;0;0;0;0;0;0;797878,8656;5824888,527;13,38849223;52,49262129
200971;11;11;11401032;2018;5;20;2;2;6;4;0;1;0;1;0;0;0;0;806601,7895;5827742,842;13,5192026;52,51337295
200972;11;12;12200515;2018;6;9;6;3;3;6;0;1;1;0;0;0;0;0;790253,7322;5835072,867;13,28539807;52,58803237
200973;11;12;12400721;2018;5;13;3;3;5;2;0;0;1;0;1;0;0;0;790766,9059;5839503,169;13,29684431;52,62747489
200974;11;7;7100103;2018;6;9;6;3;0;3;0;0;1;0;0;0;1;0;795848,7897;5824962,22;13,35874398;52,49438597
200975;11;9;9100202;2018;5;18;2;3;0;3;0;1;1;0;0;0;0;0;803080,8708;5824008,273;13,46407962;52,48186826
200976;11;5;5100210;2018;6;7;6;3;5;2;0;1;1;0;0;0;0;0;784168,4227;5830071,486;13,19153233;52,54640324
200977;11;4;4501045;2018;5;18;2;2;2;6;0;0;1;0;1;0;0;0;794215,0099;5825412,91;13,33514662;52,49930929
200978;11;6;6400843;2018;5;18;2;3;5;3;0;0;1;0;0;0;0;0;791746,1719;5819708,147;13,29389064;52,44949191
200979;11;8;8100310;2018;6;8;6;3;5;3;0;1;0;0;0;0;1;0;801058,775;5824930,617;13,43522651;52,49125405
200980;11;6;6400735;2018;5;17;3;3;3;6;0;1;1;0;0;0;0;0;782833,6078;5817018,116;13,16082143;52,43005578
200981;11;1;1200623;2018;5;18;2;3;2;2;0;1;1;0;0;0;0;0;795427,395;5829543,081;13,35662225;52,53567795
200982;11;7;7400822;2018;6;8;6;2;5;2;0;1;0;0;0;1;0;0;796815,1152;5822352,1;13,37061208;52,47046413
200983;11;1;1100206;2018;5;7;3;3;2;2;0;0;1;0;0;0;1;0;797892,6791;5828184,861;13,39164486;52,52216136
200984;11;11;11300618;2018;6;8;6;2;0;1;0;0;0;0;1;0;0;0;802968,0827;5828709,947;13,46670166;52,5240714
200985;11;9;9200511;2018;6;7;6;3;5;3;0;1;1;0;0;0;0;0;806575,0376;5822316,525;13,51381787;52,46475588
200986;11;5;5100317;2018;5;17;2;2;5;3;0;1;1;0;0;0;0;0;787265,0093;5828333,927;13,23557039;52,52920104
200987;11;2;2100101;2018;6;6;6;3;1;5;0;1;1;0;0;0;0;0;797759,8032;5825752,897;13,38751639;52,50043432
200988;11;10;10400837;2018;6;6;6;3;2;6;0;0;1;0;0;0;0;0;810483,8521;5824803,137;13,57348562;52,48483296
200989;11;6;6400735;2018;5;17;2;2;5;2;0;1;1;0;0;0;0;0;782864,148;5815866,563;13,16029559;52,41971448
200990;11;3;3400831;2018;5;17;2;3;5;2;0;0;0;0;1;0;1;0;800179,9071;5834825,376;13,43125831;52,58042767
200991;11;4;4200309;2018;6;17;6;3;5;3;0;0;1;0;1;0;0;0;788668,075;5826938,962;13,25498521;52,51595351
200992;11;9;9200819;2018;5;7;3;3;2;2;0;0;1;0;0;0;0;0;810530,7413;5820023,497;13,56972714;52,44197299
200993;11;8;8200725;2018;6;8;6;3;8;1;0;0;0;0;1;0;0;0;799833,5154;5819035,217;13,41193743;52,43908471
200994;11;9;9300920;2018;6;15;6;3;5;3;0;1;1;0;0;0;0;0;808563,6116;5817461,501;13,53851407;52,42012568
200995;11;1;1100102;2018;5;12;3;3;5;2;0;0;1;0;1;0;0;0;796564,683;5827947,255;13,37191726;52,52075537
200996;11;11;11300721;2018;6;14;6;2;0;1;0;0;0;0;1;0;0;0;805646,5133;5830060,847;13,50729985;52,53468382
200997;11;2;2500726;2018;6;14;6;3;5;2;0;1;0;0;0;0;1;0;801964,1367;5828237,948;13,45152046;52,52039779
200998;11;12;12100101;2018;5;16;2;3;6;4;0;0;1;1;0;0;0;0;795792,4184;5832582,548;13,36469564;52,56272585
200999;11;3;3200308;2018;6;16;6;3;2;6;0;0;1;0;0;0;0;0;799352,3975;5837575,333;13,42156755;52,60553219
201000;11;7;7601545;2018;5;14;2;3;2;7;0;1;1;0;0;0;0;0;799821,9357;5813983,426;13,40724193;52,3938084
201001;11;2;2400521;2018;6;7;6;3;5;3;0;1;1;0;0;0;0;0;800987,068;5828026,508;13,43697232;52,51904279
201002;11;5;5100103;2018;5;16;3;2;5;2;0;0;1;0;1;0;0;0;785270,4313;5832334,329;13,20968438;52,56611558
201003;11;9;9100304;2018;6;5;6;3;2;2;0;0;1;0;1;0;0;0;804344,6762;5821680,303;13,48050877;52,46030042
201004;11;1;1100416;2018;5;13;2;3;4;1;0;1;0;0;0;0;1;0;798739,8983;5829585,713;13,40535349;52,5342545
201005;11;4;4501042;2018;5;10;5;3;3;6;0;1;0;0;1;0;0;0;794353,2427;5826074,839;13,33776222;52,50516856
201006;11;7;7200413;2018;5;19;3;2;5;3;0;1;1;0;0;0;0;0;796445,5404;5823519,567;13,36622497;52,48113012
201007;11;8;8200730;2018;5;23;5;3;3;6;2;0;1;0;0;0;0;0;801470,8795;5819244,924;13,43614158;52,4400643
201008;11;1;1100416;2018;5;23;5;2;0;7;2;1;0;0;0;0;0;0;798389,872;5829410,94;13,40005149;52,53287963
201009;11;1;1300730;2018;5;7;3;3;5;2;0;1;1;0;0;0;0;0;796400,238;5832009,579;13,37312447;52,55725927
201010;11;8;8100312;2018;5;21;5;3;5;2;2;0;1;0;0;0;0;0;801454,5699;5823883,867;13,44009168;52,4816534
201011;11;5;5100211;2018;5;21;5;3;0;7;1;0;1;0;0;0;0;0;783083,6536;5829306,97;13,17492652;52,54011318
201012;11;12;12601031;2018;5;12;2;3;2;6;0;0;1;0;0;0;1;0;793169,5181;5836824,408;13,32986522;52,60217025
201013;11;1;1200517;2018;5;19;5;3;5;3;0;1;1;0;0;0;0;0;794562,8125;5829748,042;13,34409395;52,53798325
201014;11;11;11200514;2018;5;17;3;3;5;7;0;1;1;0;0;0;0;0;804592,8029;5829955,82;13,49171676;52,53433239
201015;11;2;2300314;2018;5;12;2;3;1;5;0;1;1;0;0;0;0;0;800057,103;5825923,573;13,421412;52,50070584
201016;11;1;1100206;2018;5;19;5;3;5;2;0;1;1;0;0;0;0;0;797156,7448;5827685,304;13,38038367;52,51808495
201017;11;4;4300621;2018;5;10;3;3;6;7;0;0;0;1;0;1;0;0;792072,3172;5826869,548;13,30495;52,51351879
201018;11;11;11401135;2018;5;19;5;3;5;3;0;1;1;0;0;0;0;0;805860,6386;5825312,374;13,50608265;52,49200631
201019;11;11;11200513;2018;5;18;5;3;5;5;0;1;1;0;0;0;0;0;804796,2154;5831256,163;13,49589922;52,54587294
201020;11;8;8401243;2018;5;11;2;3;6;4;0;0;1;1;0;0;0;0;805661,5491;5817020,524;13,49556954;52,41780187
201021;11;10;10300734;2018;5;17;5;3;5;2;0;1;0;0;0;0;1;0;809632,7446;5825758,304;13,5618793;52,49387616
201022;11;12;12601236;2018;5;8;2;3;0;5;0;0;0;0;0;0;1;0;794351,1268;5835767,502;13,34632257;52,59205756
201023;11;8;8100314;2018;5;18;5;3;3;6;0;0;0;0;1;1;0;0;801130,3966;5823774,749;13,43523396;52,4808542
201024;11;12;12601235;2018;5;8;2;3;6;4;0;0;1;1;0;0;0;0;794903,1016;5836310,819;13,35493111;52,59662889
201025;11;1;1200517;2018;5;13;2;2;5;7;0;0;1;0;1;0;0;0;794165,1309;5829358,555;13,33790262;52,53470656
201026;11;2;2100103;2018;5;18;5;3;5;3;0;0;1;0;0;0;0;0;798542,5743;5826276,008;13,3994827;52,50469564
201027;11;2;2300315;2018;5;23;3;3;0;7;2;0;1;0;1;0;0;0;800786,5358;5825814,912;13,43202733;52,49933032
201028;11;1;1200522;2018;5;14;2;3;0;2;0;0;1;0;1;0;0;0;794234,8768;5828338,484;13,33802509;52,52552462
201029;11;1;1100102;2018;5;17;5;3;5;2;0;1;1;0;0;0;0;0;795072,758;5827223,213;13,34935035;52,51507424
201030;11;7;7601238;2018;5;14;3;3;5;3;0;1;1;0;0;0;0;0;798476,775;5816783,289;13,39002741;52,41964082
201031;11;8;8200725;2018;5;17;5;2;5;3;0;1;1;0;0;0;0;0;801059,1319;5819526,818;13,43035635;52,44281785
201032;11;1;1200522;2018;5;11;2;2;5;3;0;1;1;0;0;0;0;0;793670,6227;5828113,534;13,32953324;52,5238123
201033;11;9;9200715;2018;5;22;5;3;2;6;2;0;1;0;0;0;0;0;808616,1281;5819192,557;13,54088113;52,43560991
201034;11;6;6200422;2018;5;10;2;2;5;7;0;0;1;0;0;0;1;0;794202,0429;5817528,501;13,32800573;52,42863614
201035;11;12;12200412;2018;5;14;2;3;2;6;0;0;1;0;0;0;0;0;790318,2308;5833685,456;13,28513212;52,57555993
201036;11;8;8200832;2018;5;17;5;3;1;5;0;1;1;0;0;0;0;0;801260,1094;5816397,931;13,43048584;52,41466171
201037;11;1;1100102;2018;5;17;3;3;6;4;0;0;1;1;0;0;0;0;795196,3165;5827248,693;13,3511885;52,51523579
201038;11;6;6400844;2018;5;16;2;3;2;6;0;0;1;0;0;0;0;0;791276,3252;5821480,049;13,28854244;52,46562768
201039;11;11;11401033;2018;5;16;5;3;2;6;0;0;1;0;0;0;1;0;806947,3592;5827777,047;13,52431048;52,51348516
201040;11;7;7501031;2018;5;9;3;3;0;7;0;1;0;0;0;0;1;0;799422,5882;5820411,694;13,40714379;52,45164814
201041;11;9;9501939;2018;5;16;2;3;5;2;0;1;0;0;0;0;1;0;809946,3797;5821592,63;13,56261328;52,45636669
201042;11;3;3601452;2018;5;16;5;3;5;3;0;0;1;0;0;0;0;0;801752,8614;5829154,11;13,44924735;52,52872634
201043;11;4;4400726;2018;5;12;3;3;5;2;0;1;1;0;0;0;0;0;790841,6491;5823645,863;13,28405077;52,48527598
201044;11;10;10400941;2018;5;16;5;3;5;3;0;1;1;0;0;0;0;0;812400,5306;5824300,461;13,60114907;52,47923519
201045;11;1;1100311;2018;5;20;5;2;0;7;0;1;0;0;0;0;0;0;800060,4811;5828481,514;13,4237679;52,52363178
201046;11;8;8200623;2018;5;16;2;3;3;6;0;0;1;0;1;0;0;0;801516,3527;5820763,906;13,43817945;52,45365432
201047;11;10;10200420;2018;5;16;2;3;5;2;0;0;1;0;0;0;0;0;812011,566;5830584,122;13,60132947;52,53576678
201048;11;6;6300630;2018;5;15;5;3;6;2;0;0;1;1;0;0;0;0;793252,609;5819833,558;13,3161042;52,4498102
201049;11;8;8100313;2018;5;15;3;3;5;3;0;0;1;0;0;0;0;0;801747,3208;5824286,997;13,44475438;52,48510503
201050;11;4;4300623;2018;5;15;5;3;1;5;0;1;1;0;0;0;0;0;792529,0285;5826100,408;13,31098493;52,50637892
201051;11;8;8100105;2018;5;15;5;3;5;3;0;0;1;0;0;0;0;0;801182,1389;5821806,322;13,43421638;52,46318209
201052;11;11;11300722;2018;5;7;3;3;0;2;0;1;1;0;0;0;0;0;804273,0356;5827867,321;13,48510611;52,51579264
201053;11;6;6400838;2018;5;15;5;3;5;3;0;1;1;0;0;0;0;0;787244,8678;5818354,054;13,22667404;52,43973517
201054;11;8;8200730;2018;5;17;5;2;5;3;0;1;1;0;0;0;0;0;801432,9011;5818800,729;13,43518397;52,43610376
201055;11;11;11300618;2018;5;12;3;3;2;2;0;0;1;0;0;0;0;0;802429,999;5828893,003;13,45896122;52,52601084
201056;11;9;9200716;2018;5;12;5;3;0;6;0;0;1;0;1;0;0;0;808821,3633;5819294,75;13,54398499;52,43640993
201057;11;9;9501737;2018;5;13;5;3;4;2;0;1;1;0;0;0;0;0;813700,0045;5820750,917;13,61688491;52,44668278
201058;11;1;1100313;2018;5;15;2;3;5;2;0;1;1;0;0;0;0;0;799780,8626;5827001,28;13,41832508;52,51051764
201059;11;7;7300517;2018;5;14;5;2;5;3;0;0;1;0;1;0;0;0;794766,4361;5822876,27;13,34100279;52,47627231
201060;11;9;9200715;2018;5;14;2;3;5;3;0;1;1;0;0;0;0;0;808809,4645;5819002,117;13,54354021;52,43379407
201061;11;3;3400826;2018;5;12;5;3;5;2;0;1;0;0;0;0;1;0;799043,3442;5832789,043;13,41269839;52,56280102
201062;11;6;6200420;2018;5;18;3;2;3;6;0;0;1;0;1;0;0;0;792695,2857;5816248,323;13,30478786;52,41796765
201063;11;6;6400844;2018;5;15;5;2;1;5;0;1;1;0;0;0;0;0;791206,3117;5820497,859;13,28665785;52,4568596
201064;11;1;1100206;2018;5;12;5;3;2;6;0;0;1;0;0;0;0;0;797768,3912;5827400,75;13,38911656;52,51520066
201065;11;3;3601449;2018;5;13;3;3;5;2;0;1;1;0;0;0;0;0;801909,0214;5830330,674;13,45261103;52,53918541
201066;11;12;12400722;2018;5;8;5;3;0;5;0;0;1;0;0;1;0;0;791359,4413;5837348,341;13,30367541;52,60784016
201067;11;1;1100416;2018;5;8;2;3;0;1;0;1;0;0;0;0;0;0;798545,5023;5829189,753;13,4021404;52,53081178
201068;11;1;1100207;2018;5;12;5;3;3;2;0;1;0;0;0;0;0;0;798570,4764;5826873,895;13,4004288;52,51003963
201069;11;6;6300634;2018;5;18;3;3;0;3;0;0;1;0;1;0;0;0;792229,3162;5818667,774;13,30006982;52,43990698
201070;11;3;3300413;2018;5;6;2;3;5;3;0;1;1;0;0;0;0;0;803542,1056;5838761,993;13,48433524;52,61384459
201071;11;8;8200623;2018;5;13;5;2;2;6;0;1;1;0;0;0;0;0;802235,0245;5821225,182;13,44914088;52,45739192
201072;11;5;5300841;2018;5;13;5;3;5;3;0;1;1;0;0;0;0;0;789316,8149;5829266,664;13,26654423;52,53647812
201073;11;1;1401045;2018;5;7;2;3;5;2;0;1;1;0;0;0;0;0;796674,6375;5831952,576;13,37710921;52,55659889
201074;11;4;4200309;2018;5;14;5;3;3;6;0;0;1;0;1;0;0;0;788237,8641;5827765,147;13,24937875;52,52358815
201075;11;5;5100208;2018;5;7;2;2;5;2;0;1;1;0;0;0;0;0;781552,6001;5830707,989;13,15359894;52,5534687
201076;11;5;5300838;2018;5;14;5;3;5;3;0;0;1;0;0;0;0;0;787971,7217;5830554,181;13,24788372;52,54873368
201077;11;4;4501153;2018;5;8;3;3;5;3;0;1;1;0;0;0;0;0;794155,0099;5824121,794;13,33312533;52,48776747
201078;11;5;5200630;2018;5;8;5;3;2;2;0;0;1;0;0;0;0;0;784491,9709;5827257,822;13,19388237;52,52100697
201079;11;9;9501838;2018;5;14;5;3;5;3;0;0;1;0;1;0;0;0;818924,9251;5820247,209;13,69302425;52,4391472
201080;11;4;4501149;2018;5;15;2;3;1;5;0;1;1;0;0;0;0;0;793572,4986;5824097,908;13,32455003;52,48786689
201081;11;9;9200511;2018;5;8;5;3;0;2;0;1;1;0;0;0;0;0;806816,731;5821997,201;13,51707087;52,46175835
201082;11;7;7300517;2018;5;8;2;3;5;2;0;1;1;0;0;0;0;0;794256,6898;5822036,477;13,33277831;52,46901885
201083;11;6;6100206;2018;5;8;2;3;2;6;0;0;1;0;1;0;0;0;794212,4713;5819418,397;13,32982212;52,44557272
201084;11;9;9200819;2018;5;7;5;3;0;2;0;1;1;0;0;0;0;0;810697,0219;5819284,936;13,57147915;52,43525982