OBJECTID;LAND;BEZ;LOR_ab_2021;UJAHR;UMONAT;USTUNDE;UWOCHENTAG;UKATEGORIE;UART;UTYP1;ULICHTVERH;IstRad;IstPKW;IstFuss;IstKrad;IstGkfz;IstSonstig;USTRZUSTAND;LINREFX;LINREFY;XGCSWGS84;YGCSWGS84
201085;11;10;10200628;2018;5;20;3;2;5;3;0;1;1;0;0;0;0;0;811540,4135;5829594,172;13,59347782;52,52716511
201086;11;6;6100102;2018;5;7;2;3;0;1;0;0;0;0;1;0;0;1;793338,7781;5821082,026;13,31846533;52,46095613
201087;11;3;3601243;2018;5;7;5;3;2;3;0;1;1;0;0;0;0;0;799495,3398;5831781,716;13,41843754;52,55352355
201088;11;11;11300617;2018;5;14;3;3;5;3;0;1;1;0;0;0;0;0;803688,1601;5829049,283;13,47759256;52,52671219
201089;11;9;9200614;2018;5;7;5;3;5;3;0;0;1;0;1;0;0;0;808109,2811;5820953,433;13,53507253;52,45167681
201090;11;1;1401046;2018;5;7;5;3;6;4;0;0;1;1;0;0;0;0;794610,3416;5829870,036;13,34490087;52,53905114
201091;11;4;4300414;2018;5;8;2;3;5;2;0;1;1;0;0;0;0;0;791572,044;5826536,149;13,29730676;52,51079758
201092;11;5;5300838;2018;5;15;3;3;0;7;0;1;0;0;0;0;0;0;787989,9453;5830642,249;13,24822811;52,54951361
201093;11;7;7400927;2018;5;7;5;3;5;3;0;1;0;0;0;0;1;0;799653,82;5820997,439;13,41106191;52,45677183
201094;11;2;2400625;2018;5;6;2;2;5;3;0;1;1;0;0;0;0;0;801755,2141;5826262,49;13,44665954;52,50280726
201095;11;12;12200515;2018;5;14;5;3;5;3;0;0;1;0;0;0;0;0;789907,6162;5835699,704;13,28085203;52,5938365
201096;11;4;4400834;2018;5;5;2;3;5;2;0;1;1;0;0;0;0;0;792602,3819;5822988,831;13,30932997;52,47844507
201097;11;1;1100102;2018;5;8;2;3;3;6;0;1;1;0;0;0;0;0;795470,2188;5826645,213;13,35467734;52,50967776
201098;11;8;8100312;2018;5;2;5;3;5;2;2;1;1;0;0;0;0;0;801459,4402;5823891,011;13,44016964;52,48171474
201099;11;8;8100521;2018;5;16;3;3;0;1;0;0;1;0;0;0;0;0;802189,318;5822466,812;13,4495944;52,46854609
201100;11;1;1300730;2018;5;12;2;1;5;3;0;0;1;0;1;0;0;0;796407,5446;5832012,073;13,37323416;52,55727766
201101;11;8;8100311;2018;5;1;5;3;5;3;2;1;1;0;0;0;0;0;800508,4421;5824579,956;13,42682905;52,48841418
201102;11;3;3300514;2018;5;13;3;3;5;2;0;0;1;0;1;0;0;0;801040,6323;5836014,196;13,44500284;52,59060756
201103;11;10;10400938;2018;5;14;5;2;5;3;0;0;1;0;1;0;0;0;814741,4342;5829903,997;13,64080084;52,52810294
201104;11;11;11300721;2018;5;15;5;3;2;6;0;0;1;0;0;0;1;0;805106,3623;5829971,774;13,49927932;52,53418814
201105;11;9;9300920;2018;5;7;1;3;1;5;0;1;0;0;0;1;0;0;807534,7479;5815317,721;13,52146307;52,40149156
201106;11;5;5100316;2018;5;11;5;3;5;2;0;0;1;0;1;0;0;0;785063,1036;5829466,209;13,20417102;52,54050895
201107;11;4;4500937;2018;5;9;1;3;1;5;0;1;1;0;0;0;0;0;791268,5423;5824982,173;13,29148784;52,49702841
201108;11;1;1100309;2018;5;11;5;3;5;2;0;1;1;0;0;0;0;0;798550,3139;5828984,495;13,4020268;52,5289693
201109;11;1;1401044;2018;5;17;3;3;2;7;0;0;1;0;1;0;0;0;796476,0309;5830974,991;13,37331532;52,54794407
201110;11;1;1200629;2018;5;13;1;3;5;2;0;1;1;0;0;0;0;0;794309,6132;5827170,686;13,33809028;52,51501571
201111;11;3;3300517;2018;5;10;5;3;5;2;0;1;1;0;0;0;0;0;802503,9519;5833435,128;13,46418483;52,56668019
201112;11;4;4400830;2018;5;18;3;3;5;2;0;1;1;0;0;0;0;0;791671,5159;5823238,651;13,29588101;52,48118266
201113;11;2;2200208;2018;5;10;5;3;0;2;0;1;0;0;0;1;0;0;797814,7878;5824933,508;13,38759142;52,49305946
201114;11;8;8100311;2018;5;9;5;3;5;2;0;1;1;0;0;0;0;0;800754,595;5824346,934;13,43023312;52,48618998
201115;11;7;7601340;2018;5;12;3;2;5;7;0;0;1;0;1;0;0;0;795840,1127;5816025,378;13,35069904;52,41427827
201116;11;5;5100211;2018;5;8;5;3;5;2;0;0;1;0;0;0;0;0;783240,9678;5830279,12;13,17806891;52,54874794
201117;11;7;7100103;2018;5;8;5;3;5;2;0;1;1;0;0;0;0;0;795703,9124;5825457,065;13,3570555;52,49890037
201118;11;3;3200308;2018;5;15;1;3;1;1;0;0;1;0;1;0;0;1;799730,2153;5836493,633;13,4261507;52,59562853
201119;11;2;2300315;2018;5;8;5;3;5;2;0;1;1;0;0;0;0;0;800784,541;5825814,228;13,43199741;52,49932528
201120;11;7;7100102;2018;5;15;1;3;5;3;0;0;1;0;0;0;0;0;794959,6174;5825657,23;13,34630027;52,50109751
201121;11;9;9401329;2018;5;8;5;2;5;3;0;1;1;0;0;0;0;0;811777,5432;5818547,605;13,58663487;52,42803747
201122;11;3;3500936;2018;5;17;3;3;0;7;0;1;0;0;0;0;0;0;802060,4861;5831124,666;13,45555946;52,54621798
201123;11;2;2200210;2018;5;11;5;3;0;1;0;1;0;0;0;0;0;0;798080,0108;5825467,432;13,39196414;52,49770066
201124;11;2;2100104;2018;5;15;4;3;5;3;0;1;1;0;0;0;0;0;799341,8357;5826192,91;13,41114846;52,50351288
201125;11;9;9501940;2018;5;2;3;3;0;7;2;0;1;0;0;0;1;0;811169,268;5821804,97;13,58075052;52,45757479
201126;11;4;4300622;2018;5;11;4;3;5;2;0;1;1;0;0;0;0;0;793058,1895;5826951,312;13,31950831;52,51372297
201127;11;12;12200515;2018;5;16;1;3;5;7;0;0;1;0;0;0;0;1;790262,5989;5835045,096;13,28550425;52,58777867
201128;11;1;1100310;2018;5;10;4;3;2;7;0;1;1;0;0;0;0;0;798979,8772;5828516,852;13,40791973;52,52454215
201129;11;8;8100417;2018;5;18;4;3;6;2;0;0;1;1;0;0;0;0;802573,1997;5823087,619;13,45579138;52,47389795
201130;11;9;9200510;2018;5;7;3;3;2;6;0;0;1;0;0;0;1;0;805618,7964;5822709,299;13,50014574;52,46881179
201131;11;10;10100312;2018;5;8;4;3;5;2;0;0;0;0;0;0;1;0;807943,8945;5829221,637;13,5402863;52,5258698
201132;11;2;2400623;2018;5;19;4;3;5;2;0;1;0;0;1;0;0;0;800595,1895;5827043,481;13,43032624;52,51044779
201133;11;2;2100102;2018;5;16;1;3;6;4;0;1;0;1;0;0;0;0;798218,4023;5826271,966;13,39471718;52,50483669
201134;11;1;1100206;2018;5;19;4;3;5;2;0;1;1;0;0;0;0;0;797145,3023;5827774,276;13,380295;52,51888872
201135;11;7;7400720;2018;5;14;4;3;2;6;0;0;0;0;1;0;1;1;797177,5494;5823766,02;13,37719198;52,48294145
201136;11;7;7501133;2018;5;0;1;3;5;3;2;0;1;0;0;0;0;0;798380,5413;5818419,241;13,39007594;52,43435782
201137;11;4;4300619;2018;5;17;4;2;5;2;0;1;1;0;0;0;0;0;792434,224;5827195,653;13,31055448;52,51624832
201138;11;6;6300526;2018;5;9;3;2;6;2;0;0;1;1;0;0;0;0;789575,5996;5817323,457;13,25997445;52,42926626
201139;11;7;7300516;2018;5;17;4;3;0;4;0;1;0;1;0;0;0;0;794000,7699;5821570,252;13,32861092;52,46497713
201140;11;1;1200628;2018;5;17;4;3;5;2;0;1;1;0;0;0;0;0;795702,6487;5828178,244;13,35945466;52,52329413
201141;11;5;5100206;2018;5;7;2;2;3;6;0;0;1;0;1;0;0;0;781556,7114;5830741,854;13,15368814;52,55377022
201142;11;8;8200832;2018;5;17;4;2;6;4;0;0;1;1;0;0;0;0;801293,9684;5817203,719;13,43170765;52,42186569
201143;11;1;1100309;2018;5;18;1;3;1;1;0;1;1;0;0;0;0;0;798267,4515;5828394,875;13,39734056;52,52383899
201144;11;7;7300619;2018;5;19;1;3;5;3;0;0;1;0;1;0;0;0;795338,0391;5820995,528;13,34772974;52,45910391
201145;11;11;11300618;2018;5;17;4;2;5;2;0;1;1;0;0;0;0;0;802416,215;5828960,187;13,45881976;52,52662065
201146;11;4;4501045;2018;5;20;3;3;5;3;0;1;1;0;0;0;0;0;794244,922;5825406,431;13,33558027;52,49923509
201147;11;8;8100206;2018;5;19;1;3;6;4;0;0;1;1;0;0;0;0;800447,18;5823699,313;13,42513579;52,48055436
201148;11;4;4200308;2018;5;16;4;3;5;3;0;0;1;0;0;0;0;0;789971,5582;5826965,578;13,27416387;52,51550064
201149;11;8;8100314;2018;5;18;3;3;6;7;0;1;0;1;0;0;0;0;801022,7544;5823918,369;13,43378337;52,48220085
201150;11;8;8100415;2018;5;20;1;3;5;3;0;1;1;0;0;0;0;0;802176,7537;5823389,145;13,45024551;52,47682001
201151;11;11;11300724;2018;5;16;4;3;5;2;0;1;0;0;0;0;1;0;804807,0974;5827480,172;13,49259751;52,5120246
201152;11;1;1300834;2018;5;10;3;2;5;3;0;1;0;0;0;0;1;0;797513,712;5831012,543;13,38860706;52,54771495
201153;11;1;1100104;2018;5;16;4;3;5;2;0;0;1;0;0;0;0;0;796357,508;5826130,907;13,36725525;52,50458619
201154;11;1;1400938;2018;5;14;1;3;1;5;0;1;1;0;0;0;1;0;793785,4084;5830463,984;13,33329791;52,5448209
201155;11;8;8100209;2018;5;16;4;3;5;3;0;0;1;0;0;0;1;0;801811,0585;5821966,425;13,44359035;52,46427012
201156;11;1;1401048;2018;5;18;1;2;5;3;0;1;1;0;0;0;0;0;795606,4637;5831713,098;13,36118593;52,55503306
201157;11;3;3300413;2018;5;10;1;3;8;1;0;0;1;0;0;0;0;0;803579,3062;5838875,137;13,48498681;52,61483786
201158;11;2;2200208;2018;5;16;4;3;3;6;0;1;1;0;0;0;0;0;797614,4815;5825522,632;13,38517611;52,49844953
201159;11;2;2200209;2018;5;18;3;3;5;5;0;1;1;0;0;0;0;0;797471,968;5824553,361;13,38221747;52,48983879
201160;11;4;4501042;2018;5;15;4;3;6;4;0;0;0;1;0;0;1;0;793926,4897;5825872,171;13,33131396;52,50358181
201161;11;5;5200528;2018;5;6;3;3;3;6;0;0;1;0;1;0;0;0;782783,1937;5826920,019;13,16847765;52,518867
201162;11;9;9200510;2018;5;15;4;3;5;2;0;0;1;0;0;1;0;0;806427,254;5822975,836;13,51225479;52,47074775
201163;11;3;3601245;2018;5;11;1;3;0;1;0;1;0;0;0;0;0;0;800875,2569;5830559,17;13,43762158;52,5418052
201164;11;1;1200626;2018;5;8;4;3;5;3;0;1;1;0;0;0;0;0;795260,6887;5827927,45;13,35273679;52,52128547
201165;11;6;6300634;2018;5;12;3;2;5;2;0;1;1;0;0;0;0;0;792932,6138;5817762,727;13,30959382;52,43141712
201166;11;10;10100311;2018;5;8;4;3;2;2;0;1;1;0;0;0;0;0;806552,7977;5829123,25;13,51975496;52,52577196
201167;11;11;11200514;2018;5;8;4;3;1;5;0;1;1;0;0;0;0;0;804103,9806;5830186,673;13,48474353;52,53667437
201168;11;1;1100103;2018;5;15;1;3;2;6;0;0;1;0;0;0;0;0;795283,9123;5826114,967;13,35146979;52,50502539
201169;11;10;10100311;2018;5;15;1;3;5;3;0;0;1;0;0;0;0;1;806339,1777;5830180,056;13,51758982;52,53536333
201170;11;9;9200715;2018;5;8;4;3;5;2;0;0;1;0;0;0;0;0;807407,7295;5818312,534;13,52235236;52,42840335
201171;11;1;1300733;2018;5;15;3;3;2;6;0;0;1;0;0;0;0;0;797618,167;5831886,931;13,39092673;52,55549566
201172;11;11;11401137;2018;5;8;4;3;5;2;0;1;1;0;0;0;0;0;807102,9902;5825760,2;13,52473647;52,49532231
201173;11;3;3701554;2018;5;8;4;3;5;3;0;1;1;0;0;0;0;0;799133,7563;5829208,045;13,41080293;52,53065325
201174;11;4;4300414;2018;5;9;3;3;0;1;0;1;0;0;0;0;0;0;791496,1174;5827211,381;13,29678265;52,51689153
201175;11;11;11501339;2018;5;7;4;3;6;4;0;0;1;1;0;0;0;0;806781,5881;5824866,05;13,51919386;52,48748948
201176;11;4;4200311;2018;5;6;4;3;2;6;0;0;1;0;0;0;0;0;790323,065;5826027,911;13,27851139;52,50690736
201177;11;12;12400619;2018;5;16;1;2;9;1;0;1;0;0;0;0;0;0;789902,1969;5836426,12;13,28140822;52,60035166
201178;11;1;1300835;2018;5;6;4;3;5;2;0;1;1;0;0;0;0;0;797574,4694;5829457,728;13,38810785;52,53374481
201179;11;1;1100207;2018;5;19;4;2;5;3;0;1;0;0;0;0;0;0;798546,5084;5826810,482;13,40001981;52,50948434
201180;11;11;11100307;2018;5;13;7;2;2;6;0;1;0;0;0;0;1;0;805178,6666;5833960,293;13,50400793;52,56989415
201181;11;2;2400623;2018;5;5;4;3;5;3;0;0;1;0;0;0;1;0;800599,753;5827041,01;13,43039104;52,51042312
201182;11;12;12100204;2018;5;0;7;3;1;5;2;0;1;0;0;0;0;0;795499,1219;5832474,755;13,36028541;52,56191885
201183;11;3;3300517;2018;5;4;4;3;7;7;1;0;0;0;1;0;0;0;802965,5525;5833915,743;13,47141332;52,57073111
201184;11;3;3601245;2018;5;18;3;2;3;6;0;1;0;0;0;1;0;0;800214,9868;5831194,742;13,42848932;52,54786618
201185;11;2;2400625;2018;5;0;4;2;0;1;1;1;0;0;0;0;0;0;801744,6724;5826254,435;13,4464974;52,50274089
201186;11;1;1100205;2018;5;19;4;3;5;2;0;1;0;0;0;0;1;0;796993,5637;5826618,81;13,37703403;52,50861387
201187;11;4;4100101;2018;5;7;3;2;5;2;0;0;1;0;0;0;0;0;793352,6386;5829680,122;13,32624225;52,53802717
201188;11;1;1401049;2018;5;23;4;3;2;6;2;0;1;0;0;0;0;0;795903,9164;5831965,826;13,36578581;52,55713697
201189;11;11;11400931;2018;5;22;4;3;5;3;2;1;0;0;1;0;0;0;806628,1293;5827288,162;13,51917064;52,50928322
201190;11;8;8100419;2018;5;21;7;3;5;3;1;0;1;0;0;0;0;0;802024,1423;5824296,122;13,4488269;52,48503376
201191;11;8;8100209;2018;5;20;4;3;1;5;1;1;1;0;0;0;0;0;801881,5796;5822391,371;13,44500966;52,46804003
201192;11;8;8401243;2018;5;19;3;3;5;7;0;0;0;0;1;0;1;0;805472;5817316,608;13,49306131;52,4205614
201193;11;8;8100417;2018;5;20;7;3;2;6;0;0;1;0;0;0;0;0;802136,1014;5823097,637;13,4493847;52,47422968
201194;11;6;6400737;2018;5;20;4;3;6;4;0;0;1;1;0;0;0;0;786760,3292;5817075,881;13,21846891;52,42852949
201195;11;1;1100309;2018;5;15;3;3;6;4;0;0;1;1;0;0;0;0;798630,47;5828437,218;13,40271338;52,52401983
201196;11;1;1200519;2018;5;20;4;3;2;3;0;0;1;0;1;0;0;0;794076,6828;5828879,662;13,33617869;52,53046132
201197;11;2;2200208;2018;5;20;7;2;5;3;0;1;1;0;0;0;0;0;797527,9748;5824996,654;13,38343575;52,4937819
201198;11;1;1200623;2018;5;0;4;3;0;6;2;1;1;0;0;0;0;0;795860,7007;5828940,141;13,36245535;52,5300381
201199;11;9;9501737;2018;5;8;3;3;1;5;0;1;0;0;0;1;0;0;814206,1215;5821660,573;13,62516303;52,45454359
201200;11;9;9501838;2018;5;14;4;3;4;1;0;0;1;0;1;0;0;0;817819,3495;5820870,875;13,6774076;52,44537898
201201;11;1;1300836;2018;5;13;4;3;5;2;0;0;1;0;1;0;0;0;796796,4887;5830559,799;13,37765638;52,54404784
201202;11;5;5300841;2018;5;11;2;3;2;6;0;0;1;0;0;0;0;0;789222,5762;5829299,639;13,26518738;52,53682377
201203;11;4;4400727;2018;5;13;4;3;1;5;0;1;1;0;0;0;0;0;791488,8586;5824136,363;13,29398401;52,48932815
201204;11;7;7601544;2018;5;19;7;2;1;5;0;1;1;0;0;0;0;0;799260,8233;5813379,055;13,39848063;52,38869773
201205;11;7;7300517;2018;5;19;7;3;5;3;0;1;1;0;0;0;0;0;794217,5873;5822748,162;13,33283205;52,47541983
201206;11;7;7300516;2018;5;12;4;3;0;3;0;1;0;0;0;0;1;0;793946,4427;5821802,779;13,32801836;52,46709086
201207;11;9;9200510;2018;5;21;3;3;6;7;1;0;1;1;0;0;0;0;806591,2697;5822128,397;13,51388324;52,46306071
201208;11;11;11400927;2018;5;18;7;3;3;6;0;1;1;0;0;0;0;0;803432,2189;5826595,947;13,47159418;52,50486601
201209;11;4;4200311;2018;5;11;4;3;5;7;0;0;0;0;0;1;1;0;790395,2788;5825651,66;13,2792442;52,5034958
201210;11;1;1100313;2018;5;14;3;3;5;2;0;0;1;0;0;0;0;0;800440,2206;5826710,843;13,4277494;52,50755162
201211;11;4;4501150;2018;5;11;4;3;5;2;0;1;1;0;0;0;0;0;793454,9152;5823931,302;13,3226766;52,48643655
201212;11;9;9401534;2018;5;6;4;3;0;2;0;1;1;0;0;0;0;0;810876,3869;5820655,026;13,57538357;52,44743614
201213;11;3;3200309;2018;5;10;7;3;5;3;0;0;1;0;1;0;0;0;800148,7687;5838320,595;13,43396802;52,61177296
201214;11;5;5100317;2018;5;17;7;2;1;5;0;0;1;0;1;0;0;0;786742,8593;5828404,284;13,22795505;52,53010675
201215;11;2;2200212;2018;5;8;7;3;0;7;0;0;1;0;1;0;0;0;800010,9675;5824455,603;13,41941245;52,48757315
201216;11;8;8300935;2018;5;9;4;3;6;2;0;0;1;1;0;0;0;0;803048,8021;5817401,087;13,45761357;52,42266579
201217;11;5;5200420;2018;5;12;7;3;2;6;0;0;1;0;0;0;0;0;783558,5284;5828659,871;13,18135753;52,53406425
201218;11;5;5300840;2018;5;17;7;3;1;7;0;0;1;0;0;1;0;0;788486,1754;5829052,389;13,25414557;52,53499741
201219;11;2;2500833;2018;5;8;4;3;3;2;0;1;1;0;0;0;0;0;802069,3482;5827160,008;13,4520878;52,51067794
201220;11;7;7601339;2018;5;19;3;3;5;2;0;0;1;0;0;0;0;0;795809,584;5816028,171;13,35025395;52,41431981
201221;11;4;4300413;2018;5;5;7;3;5;5;1;1;1;0;0;0;0;0;791109,2579;5826948,105;13,29086721;52,51473792
201222;11;7;7400720;2018;5;14;4;3;1;1;0;1;1;0;0;0;0;1;797188,5877;5823732,918;13,37732455;52,48263872
201223;11;4;4300414;2018;5;12;3;3;2;6;0;0;1;0;1;0;0;0;791747,1693;5827313,398;13,30056141;52,51767185
201224;11;9;9200716;2018;5;14;4;3;5;3;0;1;0;0;0;0;1;1;809455,2985;5819067,366;13,55307028;52,43401387
201225;11;11;11300722;2018;5;11;4;2;5;3;0;1;0;0;0;0;1;0;803850,5379;5828656,729;13,47962005;52,52310338
201226;11;8;8100311;2018;5;0;7;3;3;6;2;0;1;0;0;0;1;0;800537,6832;5824437,948;13,42713035;52,48712522
201227;11;2;2500836;2018;5;2;7;2;1;1;2;1;1;0;0;0;0;0;803234,169;5825910,602;13,46806116;52,49883348
201228;11;9;9200511;2018;5;11;4;2;0;3;0;0;1;0;1;0;0;0;806815,2751;5821997,644;13,51704992;52,46176313
201229;11;6;6300629;2018;5;19;3;3;5;2;0;0;1;0;1;0;0;0;791768,8459;5819272,675;13,29384299;52,4455758
201230;11;1;1300733;2018;5;9;4;2;2;6;0;0;1;0;1;0;0;0;797687,7291;5831846,696;13,39191366;52,55509699
201231;11;4;4200311;2018;5;14;4;2;3;6;0;0;1;0;0;1;0;0;790404,2137;5825754,57;13,27946522;52,50441364
201232;11;3;3400724;2018;5;8;3;3;2;6;0;0;1;0;0;0;0;0;800004,677;5834939,074;13,42878287;52,58154341
201233;11;1;1300730;2018;5;14;4;3;5;2;0;0;1;0;0;0;0;1;796160,6791;5832270,994;13,36983444;52,55973292
201234;11;1;1100101;2018;5;18;3;3;5;2;0;1;1;0;0;0;0;0;794904,1397;5826284,118;13,34604059;52,50674712
201235;11;1;1100101;2018;5;12;4;2;5;2;0;0;1;0;0;0;0;0;795250,3644;5826624,447;13,35142884;52,50961064
201236;11;1;1100206;2018;5;11;3;3;5;2;0;1;1;0;0;0;0;0;797189,2632;5827522,052;13,38071567;52,51660387
201237;11;12;12200515;2018;5;12;4;2;6;4;0;0;1;1;0;0;0;0;790558,0947;5834929,5;13,28975235;52,58658461
201238;11;1;1200628;2018;5;14;4;3;5;2;0;0;1;0;0;0;0;0;796250,5432;5828523,935;13,36781458;52,5260955
201239;11;11;11401135;2018;5;10;7;3;5;2;0;0;1;0;1;0;0;0;806066,3089;5825793,369;13,50954436;52,49620188
201240;11;8;8100104;2018;5;15;4;3;2;6;0;0;1;0;0;0;0;1;800689,4741;5822320,904;13,42745021;52,46806581
201241;11;1;1300834;2018;5;17;7;2;5;3;0;1;1;0;0;0;0;0;797889,8934;5830347,733;13,39354216;52,54155024
201242;11;1;1200628;2018;5;9;4;2;0;6;0;0;1;0;0;0;1;0;796463,5221;5828634,827;13,37104361;52,52697375
201243;11;9;9200819;2018;5;19;3;2;5;3;0;1;1;0;0;0;0;0;810439,274;5820317,652;13,56865903;52,44466105
201244;11;5;5100103;2018;5;9;4;3;2;2;0;0;1;0;0;0;0;0;785239,233;5832235,587;13,20914044;52,56524663
201245;11;1;1100310;2018;5;8;3;2;5;3;0;1;0;0;1;0;0;0;799472,6697;5828807,128;13,41542306;52,52687358
201246;11;11;11200513;2018;5;12;4;2;0;1;0;1;0;0;0;0;0;0;804434,3894;5830906,371;13,49025935;52,54294022
201247;11;12;12100204;2018;5;12;7;2;5;3;0;0;1;0;0;0;1;0;794906,0977;5832890,633;13,35193207;52,56596835
201248;11;5;5200634;2018;5;2;7;2;4;6;2;0;1;0;0;0;0;0;785188,5718;5827659,071;13,20446549;52,52424065
201249;11;2;2100102;2018;6;18;5;3;5;2;0;1;1;0;0;0;0;0;798048,582;5826485,717;13,39241397;52,5068455
201250;11;1;1100206;2018;6;20;5;3;0;3;0;1;1;0;0;0;0;0;797884,331;5827477,18;13,39088849;52,51582245
201251;11;9;9200715;2018;6;11;3;3;5;3;0;0;1;0;0;0;0;0;808085,6813;5818937,283;13,53286761;52,43362113
201252;11;10;10100208;2018;6;20;5;3;5;3;1;1;1;0;0;0;0;0;809517,8007;5832455,945;13,56642471;52,55396315
201253;11;4;4300623;2018;6;11;3;3;3;6;0;1;1;0;0;0;0;0;792206,7241;5826115,36;13,30626286;52,50668568
201254;11;12;12100205;2018;6;11;3;3;1;7;0;0;0;0;0;1;1;0;795143,9022;5833586,724;13,35604974;52,57207932
201255;11;2;2200207;2018;6;21;5;3;5;2;1;0;1;0;0;0;0;0;797090,1059;5824722,317;13,37676053;52,49156126
201256;11;9;9200613;2018;6;10;3;3;5;3;0;1;1;0;0;0;0;0;805827,339;5821879,366;13,50244564;52,46125685
201257;11;9;9100306;2018;6;18;5;2;5;3;0;0;0;0;1;0;1;0;804405,2013;5820050,028;13,4799109;52,44565495
201258;11;1;1400942;2018;6;10;3;3;2;6;0;0;1;0;0;0;1;0;794868,9353;5830258,341;13,34904729;52,54239213
201259;11;2;2200209;2018;6;15;5;3;5;2;0;1;1;0;0;0;0;0;797499,7522;5824735,024;13,38278766;52,49145206
201260;11;8;8100209;2018;6;21;3;3;5;3;1;0;1;0;0;0;0;0;801384,3534;5821962,639;13,43732499;52,46447171
201261;11;2;2200210;2018;6;8;3;3;5;5;0;0;1;0;1;0;0;0;798755,6616;5824975,825;13,40144654;52,49292462
201262;11;1;1200628;2018;6;16;5;3;3;6;0;1;1;0;0;1;0;0;796231,7509;5828107,922;13,36716782;52,52237655
201263;11;1;1100205;2018;6;8;3;3;3;2;0;1;0;0;1;0;0;0;796953,8612;5826777,261;13,37659212;52,51005583
201264;11;1;1300835;2018;6;21;3;2;2;7;2;0;1;0;1;0;0;0;797372,3933;5829617,977;13,38528085;52,53529153
201265;11;2;2300314;2018;6;16;5;3;2;1;0;1;1;0;1;0;0;0;799967,5918;5825746,106;13,41993745;52,49916435
201266;11;1;1300836;2018;6;8;3;3;3;6;0;1;1;0;0;0;0;0;796603,2853;5829816,733;13,37415236;52,53749227
201267;11;10;10100311;2018;6;16;5;3;5;2;0;1;1;0;0;0;0;0;806694,1633;5830260,645;13,52288145;52,53588595
201268;11;11;11300723;2018;6;8;3;3;4;6;0;1;1;0;0;0;0;0;805210,8473;5828444,435;13,49941303;52,520441
201269;11;5;5300840;2018;6;8;3;3;5;2;0;1;1;0;0;0;0;0;789206,8748;5829275,497;13,26493552;52,53661566
201270;11;12;12200515;2018;6;15;5;3;0;4;0;0;0;1;0;0;1;0;790373,8257;5834882,972;13,28699934;52,58626588
201271;11;5;5200528;2018;6;7;3;2;5;2;0;1;1;0;0;0;0;0;782990,7823;5825958,52;13,17071112;52,51013819
201272;11;4;4200311;2018;6;15;5;3;5;7;0;0;1;0;1;0;0;0;789392,2543;5825815,822;13,26465096;52,50550048
201273;11;6;6200315;2018;6;7;3;3;2;7;0;1;1;0;0;0;0;0;795251,2659;5817502,375;13,34336972;52,42783671
201274;11;7;7501029;2018;6;15;5;2;1;5;0;1;1;0;0;0;0;0;797717,6018;5819192,697;13,38104202;52,44165231
201275;11;1;1100416;2018;6;7;3;2;5;3;0;1;1;0;0;0;0;0;798815,591;5829376,006;13,40627757;52,53233328
201276;11;3;3601449;2018;6;7;3;3;5;2;0;0;1;0;0;0;0;0;801703,7306;5830096,536;13,44938071;52,53720053
201277;11;4;4300416;2018;6;23;5;3;5;3;2;0;1;0;1;0;0;0;791675,0409;5826228,058;13,29855015;52,50798052
201278;11;9;9200715;2018;6;17;2;3;1;5;1;1;1;0;0;0;1;0;808197,6483;5818849,809;13,53442876;52,43277411
201279;11;2;2500835;2018;6;9;2;3;2;3;0;1;1;0;0;0;0;0;803252,7029;5826020,922;13,46843379;52,49981196
201280;11;7;7300517;2018;6;15;5;3;0;2;0;0;0;0;1;0;1;0;794776,8969;5822868,571;13,34114956;52,47619765
201281;11;1;1200624;2018;6;18;2;3;3;6;0;0;1;0;1;0;0;0;795683,4579;5829713,694;13,3605383;52,53706847
201282;11;4;4501153;2018;6;15;5;3;5;2;0;1;1;0;0;0;0;0;794121,6023;5823287,039;13,3318982;52,4803023
201283;11;7;7601546;2018;6;15;5;3;5;2;0;1;1;0;0;0;0;0;798556,2563;5814413,853;13,38907992;52,39835801
201284;11;1;1100102;2018;6;14;2;3;6;4;0;0;1;1;0;0;0;0;796806,5974;5826304,483;13,37400703;52,50589801
201285;11;11;11401136;2018;6;14;5;3;1;5;0;1;0;0;0;0;1;0;806200,5869;5825779,443;13,51150334;52,49600176
201286;11;6;6100101;2018;6;13;5;3;2;6;0;0;1;0;0;0;0;0;793384,8316;5820370,4;13,31851587;52,45455189
201287;11;9;9100304;2018;6;7;2;3;6;2;0;0;1;1;0;0;0;0;804401,5208;5821753,243;13,48140936;52,46092251
201288;11;12;12500926;2018;6;18;2;3;6;4;0;0;1;1;0;0;0;0;793562,7931;5836120,564;13,33503143;52,59564858
201289;11;10;10300734;2018;6;13;5;3;5;2;0;0;1;0;1;0;0;0;809543,5334;5827019,079;13,5617412;52,50522544
201290;11;1;1200517;2018;6;18;2;3;5;2;0;0;1;0;0;0;0;0;792742,9955;5828274,197;13,31604107;52,52575143
201291;11;6;6200420;2018;6;11;5;3;2;6;0;0;1;0;0;0;0;0;792662,3785;5815547,873;13,30369288;52,41170575
201292;11;3;3601449;2018;6;11;5;3;2;6;0;0;1;0;0;0;0;0;801846,4253;5830730,712;13,45205432;52,54280562
201293;11;3;3501038;2018;6;18;2;3;1;5;0;1;1;0;0;0;0;0;802990,64;5831932,773;13,46997176;52,55294435
201294;11;10;10200418;2018;6;11;5;3;5;2;0;0;1;0;0;0;0;0;811140,0755;5830926,378;13,58884263;52,53933203