OBJECTID;LAND;BEZ;LOR_ab_2021;UJAHR;UMONAT;USTUNDE;UWOCHENTAG;UKATEGORIE;UART;UTYP1;ULICHTVERH;IstRad;IstPKW;IstFuss;IstKrad;IstGkfz;IstSonstig;USTRZUSTAND;LINREFX;LINREFY;XGCSWGS84;YGCSWGS84
201295;11;1;1401044;2018;6;11;5;3;5;3;0;0;1;0;0;0;0;0;796220,5969;5831261,378;13,3698148;52,55065019
201296;11;8;8100207;2018;6;18;2;3;2;6;0;0;0;0;1;0;1;0;800986,2181;5823493,429;13,43286338;52,47841213
201297;11;9;9300920;2018;6;20;5;3;0;1;0;0;0;0;1;0;0;0;808026,9717;5816800,88;13,53003968;52,41450735
201298;11;1;1100207;2018;6;18;2;3;1;5;0;1;1;0;0;0;0;0;797979,7898;5826915,797;13,3917884;52,5107382
201299;11;1;1300835;2018;6;20;5;2;0;1;0;0;0;0;1;0;0;0;797297,6016;5829705,437;13,38425966;52,53611632
201300;11;9;9200511;2018;6;19;2;3;6;4;0;0;1;1;0;0;0;0;807413,3526;5821907,54;13,52574226;52,4606195
201301;11;4;4300622;2018;6;20;5;3;0;7;0;1;0;0;0;0;0;0;793683,933;5826260,551;13,32809332;52,50719406
201302;11;4;4501146;2018;6;19;2;3;6;4;0;0;1;1;0;0;0;0;792859,2926;5823620,445;13,31365682;52,48396962
201303;11;7;7100102;2018;6;11;5;3;0;1;0;1;0;0;0;0;0;0;795520,9129;5825359,66;13,35428112;52,49812633
201304;11;4;4501040;2018;6;20;2;3;5;2;0;1;1;0;0;0;0;0;792706,6417;5825391,321;13,312971;52,49992691
201305;11;8;8100520;2018;6;10;5;3;6;2;0;0;1;1;0;0;0;0;803179,4381;5822712,401;13,46434863;52,47019875
201306;11;7;7100103;2018;6;9;5;3;6;4;0;0;1;1;0;0;0;0;795749,277;5825426,223;13,35769443;52,49859931
201307;11;8;8100105;2018;6;20;2;2;0;7;0;1;0;0;0;0;0;0;800275,2004;5822133,179;13,42120112;52,46661098
201308;11;10;10100312;2018;6;9;5;3;6;2;0;0;1;1;0;0;0;0;808085,0535;5830172,28;13,54324136;52,53430961
201309;11;5;5100317;2018;6;9;5;3;2;6;0;0;1;0;0;0;0;0;787654,3937;5828241,625;13,24121471;52,52816817
201310;11;4;4300517;2018;6;20;2;2;8;1;0;0;0;0;0;0;1;0;791668,167;5828248,973;13,30022086;52,52610138
201311;11;3;3500932;2018;6;9;5;3;0;2;0;1;1;0;0;0;0;0;801723,0219;5832983,107;13,4522871;52,56306211
201312;11;9;9401432;2018;6;7;2;3;5;3;0;1;1;0;0;0;0;0;812126,326;5820604,208;13,59366824;52,44626865
201313;11;2;2300316;2018;6;23;2;3;1;5;2;1;1;0;0;0;0;0;801336,6636;5826132,948;13,4403947;52,50187745
201314;11;11;11501340;2018;6;9;5;3;5;3;0;0;1;0;1;0;0;0;807766,1631;5824032,601;13,53287896;52,47946594
201315;11;4;4400833;2018;6;18;2;3;5;7;0;1;1;0;0;0;0;0;792548,4765;5822606,801;13,30820337;52,47504914
201316;11;4;4300622;2018;6;8;5;3;2;6;0;0;1;0;0;0;0;0;793343,7009;5827273,042;13,32398721;52,51645365
201317;11;12;12400722;2018;6;7;5;3;5;3;0;0;1;0;0;0;0;0;790416,7787;5839280,741;13,29149064;52,62566818
201318;11;4;4100102;2018;6;17;2;3;5;3;0;0;1;0;0;1;0;0;791428,5071;5829181,337;13,29751559;52,53458806
201319;11;3;3400724;2018;6;7;5;3;6;4;0;0;1;1;0;0;0;0;799298,7708;5834393,878;13,41790349;52,57704538
201320;11;1;1200520;2018;6;17;2;2;5;3;0;1;0;0;0;0;1;0;794571,1556;5828443,576;13,34306061;52,52628512
201321;11;4;4300413;2018;6;7;5;3;5;3;0;1;1;0;0;0;0;0;791179,5783;5827177,74;13,29210151;52,51675904
201322;11;12;12100205;2018;6;17;2;3;5;2;0;1;0;0;0;0;1;0;795083,3118;5834199,556;13,35570368;52,57760565
201323;11;9;9200715;2018;6;17;2;3;5;2;0;0;0;0;1;0;0;0;808251,7408;5818799,908;13,53517589;52,43229641
201324;11;5;5300736;2018;6;7;5;2;5;7;0;0;1;0;0;0;0;0;785853,2696;5829243,15;13,21559841;52,5380951
201325;11;1;1200517;2018;6;17;2;3;1;5;0;0;1;0;1;0;0;0;792774,2085;5828843,028;13,31700074;52,53083403
201326;11;5;5200634;2018;6;16;2;3;2;6;0;0;1;0;0;0;0;0;785050,846;5826304,019;13,20127985;52,51216331
201327;11;3;3300411;2018;6;6;5;3;5;2;0;1;1;0;0;0;0;0;803706,6724;5839177,456;13,48713978;52,61747622
201328;11;2;2100101;2018;6;16;2;3;5;3;0;0;1;0;0;0;0;0;797770,3577;5826027,185;13,38791668;52,50288723
201329;11;2;2100101;2018;6;19;5;3;0;6;0;1;0;0;0;0;1;0;797341,3357;5826147,139;13,38172188;52,50419643
201330;11;9;9301025;2018;6;17;2;3;5;2;0;1;1;0;0;0;0;0;809120,5679;5815171,371;13,54456381;52,39928719
201331;11;7;7200307;2018;6;2;5;3;3;6;2;0;1;0;0;0;0;0;794936,2426;5824534,935;13,34496323;52,49104952
201332;11;11;11300722;2018;6;16;2;3;5;2;0;0;1;0;0;0;0;0;804273,7425;5827875,317;13,48512381;52,51586391
201333;11;2;2500833;2018;6;16;2;3;1;5;0;1;1;0;0;0;0;0;802214,3766;5827126,499;13,45418788;52,51029727
201334;11;2;2200208;2018;6;0;5;3;5;3;2;0;1;0;0;0;0;0;797277,8799;5825540,829;13,38024848;52,49879611
201335;11;7;7100204;2018;6;16;2;2;5;2;0;1;0;0;0;0;0;0;795618,5203;5824559,157;13,35500444;52,49089759
201336;11;12;12200309;2018;6;16;2;3;2;7;0;0;1;0;1;0;0;0;793339,382;5832536,842;13,32857114;52,56364327
201337;11;5;5200422;2018;6;18;5;2;6;4;0;0;1;1;0;0;0;0;780042,5407;5828689,496;13,12968299;52,53614794
201338;11;11;11300826;2018;6;16;2;3;5;7;0;0;1;0;1;0;0;0;804684,6073;5827207,912;13,49054891;52,50965289
201339;11;4;4300620;2018;6;15;2;3;2;2;0;1;1;0;0;0;0;0;793551,153;5827736,674;13,32744477;52,52049827
201340;11;1;1100101;2018;6;6;5;3;5;3;0;1;0;0;0;0;1;0;795095,372;5826502,45;13,34904354;52,50860089
201341;11;12;12200412;2018;6;15;2;3;5;3;0;0;1;0;0;0;0;0;790814,9484;5834078,898;13,29278652;52,57882186
201342;11;1;1400942;2018;6;11;4;3;5;2;0;1;1;0;0;0;0;0;794573,6494;5830714,395;13,34511016;52,54664004
201343;11;2;2500836;2018;6;19;4;3;5;7;0;1;0;0;0;0;0;0;803250,086;5826004,874;13,46838075;52,49966958
201344;11;1;1100310;2018;6;15;2;2;2;2;0;1;1;0;0;0;0;0;799773,8677;5828664,79;13,41972125;52,52543221
201345;11;5;5200419;2018;6;15;2;3;5;3;0;0;1;0;0;0;0;0;780912,7524;5829132,389;13,14285371;52,53967132
201346;11;12;12100204;2018;6;9;4;3;5;2;0;1;1;0;0;0;0;0;795080,5045;5832468,738;13,35412249;52,56209194
201347;11;7;7400720;2018;6;15;2;3;1;5;0;1;1;0;0;0;0;0;797422,5081;5823760,265;13,38078345;52,48275649
201348;11;2;2500835;2018;6;9;4;3;5;2;0;1;1;0;0;0;0;0;802219,4473;5826091,003;13,4533224;52,50101329
201349;11;1;1100102;2018;6;8;4;3;0;2;0;1;1;0;0;0;0;0;796678,401;5827960,25;13,37359996;52,52081
201350;11;1;1401046;2018;6;15;2;2;5;2;0;0;1;0;1;0;0;0;794618,2646;5829877,987;13,3450244;52,53911814
201351;11;9;9200715;2018;6;5;4;3;5;2;0;1;1;0;0;0;0;0;808983,0616;5818111,515;13,54526281;52,42571448
201352;11;3;3601243;2018;6;8;4;3;1;5;0;1;0;0;0;0;1;0;799266,8929;5831437,439;13,41476784;52,55056323
201353;11;7;7300517;2018;6;15;2;3;1;5;0;0;1;0;0;0;0;0;793921,7754;5822891,52;13,32861559;52,47686423
201354;11;1;1100206;2018;6;8;4;3;1;5;0;1;1;0;0;0;1;0;797758,6984;5827463,686;13,38903046;52,51577009
201355;11;8;8100520;2018;6;8;4;3;5;2;0;1;1;0;0;0;0;0;803346,8383;5822854,543;13,46693472;52,47137982
201356;11;6;6100103;2018;6;14;2;3;5;3;0;1;1;0;0;0;0;0;792719,7048;5821677,917;13,30990216;52,46663015
201357;11;2;2300419;2018;6;8;4;3;5;7;0;1;1;0;0;0;0;0;801852,2186;5825732,542;13,44760399;52,49800363
201358;11;11;11501339;2018;6;14;2;3;5;2;0;0;1;0;0;0;1;0;807279,893;5825409,015;13,52701016;52,49207539
201359;11;7;7200307;2018;6;8;4;3;5;2;0;1;1;0;0;0;0;0;794523,9526;5824647,266;13,33900765;52,4922791
201360;11;1;1400937;2018;6;13;2;3;0;7;0;1;1;0;0;0;0;0;794020,9773;5831385,275;13,33757742;52,5529526
201361;11;10;10100312;2018;6;9;4;3;2;2;0;1;1;0;0;0;0;0;807944,8712;5829230,652;13,540309;52,52595004
201362;11;5;5100211;2018;6;19;4;3;5;2;0;1;1;0;0;0;0;0;783250,3525;5830289,393;13,1782157;52,54883516
201363;11;6;6400735;2018;6;13;2;3;5;3;0;1;0;0;0;0;1;0;783928,7235;5815911,265;13,17594597;52,419564
201364;11;11;11100204;2018;6;19;4;3;5;2;0;0;1;0;1;0;0;0;806146,2739;5833348,534;13,51767571;52,56386819
201365;11;9;9100304;2018;6;12;2;2;5;7;0;0;1;0;1;0;0;0;804471,6389;5821861,159;13,48253665;52,46185067
201366;11;6;6100208;2018;6;19;4;3;0;1;0;0;0;0;1;0;0;0;794767,9649;5820845,989;13,33923169;52,45807115
201367;11;6;6200313;2018;6;11;2;3;0;3;0;1;0;0;1;0;0;0;795273,3561;5818378,791;13,34446761;52,43568138
201368;11;1;1100207;2018;6;11;2;3;5;2;0;1;1;0;0;0;0;0;798487,6228;5826667,239;13,39902627;52,50823257
201369;11;12;12100102;2018;6;19;4;3;5;3;0;1;0;0;0;0;1;0;795718,2348;5833122,451;13,36408569;52,56760584
201370;11;7;7400927;2018;6;19;4;3;1;5;0;1;1;0;0;0;0;0;798891,6711;5820930,607;13,39981882;52,45659008
201371;11;5;5200629;2018;6;11;2;3;5;2;0;1;1;0;0;0;0;0;784559,2878;5828208,902;13,19568574;52,52949927
201372;11;3;3300516;2018;6;20;4;2;2;6;0;0;1;0;0;0;0;0;801197,2819;5833186,65;13,44473935;52,56517756
201373;11;1;1401045;2018;6;10;2;2;5;3;0;1;1;0;0;0;0;0;796673,5876;5831952,629;13,37709382;52,55659994
201374;11;3;3501037;2018;6;20;4;3;5;3;1;1;1;0;0;0;0;0;802305,2349;5833107,578;13,46096348;52,56385479
201375;11;2;2300417;2018;6;10;2;3;0;7;0;0;1;1;0;0;1;0;800696,7245;5825646,169;13,43055594;52,49786732
201376;11;3;3601348;2018;6;21;4;3;5;3;1;1;1;0;0;0;0;0;799870,1095;5830454,287;13,42275004;52,54141919
201377;11;2;2400623;2018;6;22;4;3;0;5;2;1;1;0;0;0;0;0;800632,2655;5827578,53;13,43135425;52,51522314
201378;11;1;1300835;2018;6;8;2;3;6;4;0;0;1;1;0;0;0;0;797614,4008;5829521,567;13,38875197;52,53429524
201379;11;1;1100207;2018;6;17;4;3;0;1;0;1;0;0;0;0;0;0;798761,079;5827028,233;13,40336749;52,5113187
201380;11;6;6100205;2018;6;7;2;3;1;5;0;1;1;0;0;0;0;0;795527,5395;5819721,714;13,34938342;52,44758257
201381;11;10;10100313;2018;6;7;2;3;0;7;0;0;0;0;1;0;0;1;809426,9515;5831399,723;13,56410487;52,54454935
201382;11;4;4300623;2018;6;17;4;3;5;3;0;1;1;0;0;0;0;0;792059,0423;5826244,901;13,30420679;52,50792608
201383;11;4;4400726;2018;6;12;2;3;5;3;0;0;0;0;1;0;1;0;790859,326;5824607,945;13,28515011;52,49389168
201384;11;5;5200527;2018;6;18;1;3;5;3;0;0;1;0;1;0;0;0;782248,6442;5827618,005;13,16121287;52,5254024
201385;11;6;6400737;2018;6;16;4;2;5;3;0;1;0;0;0;0;0;0;787700,0572;5821696,615;13,23623206;52,46946427
201386;11;4;4501042;2018;6;14;1;3;6;4;0;0;1;1;0;0;0;0;793519,2719;5825609,134;13,3250999;52,50144302
201387;11;3;3701555;2018;6;21;4;3;0;1;0;0;0;0;1;0;0;0;799560,2293;5829908,443;13,41770233;52,53669702
201388;11;1;1400938;2018;6;16;4;2;6;4;0;0;1;1;0;0;0;0;794322,443;5831321,099;13,34195406;52,55221448
201389;11;4;4501148;2018;6;9;1;3;6;4;0;0;1;1;0;0;0;0;793128,0131;5823361,179;13,31737475;52,48150118
201390;11;2;2400521;2018;6;22;1;3;0;7;2;0;1;0;0;0;1;0;801122,8165;5828573,478;13,43946209;52,52387043
201391;11;3;3500935;2018;6;16;4;3;5;3;0;1;1;0;0;0;0;0;801633,2802;5831639,46;13,44974618;52,55106877
201392;11;9;9501737;2018;6;17;1;3;0;1;0;1;0;0;0;0;0;0;814207,6412;5821775,084;13,62529306;52,45556885
201393;11;3;3601244;2018;6;16;4;3;5;3;0;1;0;0;0;1;0;0;799970,2524;5831082,817;13,42478984;52,54699777
201394;11;7;7400823;2018;6;15;1;3;0;7;0;0;0;0;1;0;0;0;797236,2056;5822022,992;13,37649982;52,46728506
201395;11;4;4200309;2018;6;16;1;3;2;6;0;1;0;0;0;0;0;0;788324,3575;5827669,305;13,25056699;52,52268316
201396;11;12;12500825;2018;6;15;4;3;0;1;0;0;0;0;1;0;0;0;792146,0765;5834904,771;13,31310321;52,58551245
201397;11;9;9501737;2018;6;15;1;3;0;4;0;1;0;1;0;0;0;0;814201,5814;5821195,376;13,62465881;52,45037759
201398;11;8;8200730;2018;6;14;1;3;0;7;0;0;1;1;0;0;0;0;801450,1448;5818322,152;13,43500537;52,43180461
201399;11;11;11400929;2018;6;19;4;3;5;2;0;0;1;0;1;0;0;0;804738,0028;5826302,834;13,49050483;52,50151125
201400;11;8;8100415;2018;6;13;1;3;2;6;0;0;1;0;0;0;0;0;801606,9852;5823790,398;13,44224471;52,48073145
201401;11;4;4500936;2018;6;16;4;3;2;6;0;0;1;0;0;0;0;0;792270,6796;5825491,242;13,30665462;52,50105635
201402;11;9;9200512;2018;6;15;4;3;5;2;2;0;1;0;1;0;0;0;809461,5681;5821475,315;13,55539233;52,45559004
201403;11;8;8100209;2018;6;13;1;3;5;3;0;0;1;0;0;0;0;0;801357,5439;5822030,046;13,43699242;52,46509067
201404;11;5;5200634;2018;6;15;4;3;5;2;0;0;1;0;1;0;0;0;785568,2918;5826168,266;13,2087675;52,51067549
201405;11;1;1100308;2018;6;11;1;3;2;6;0;0;1;0;0;0;0;1;796829,4004;5828846,885;13,37661032;52,52867554
201406;11;1;1200518;2018;6;14;4;3;5;3;0;0;1;0;0;0;0;0;793433,0668;5828525,907;13,32640575;52,52763692
201407;11;6;6100102;2018;6;9;1;3;1;1;0;1;1;0;0;0;0;0;793288,1763;5821292,513;13,31790763;52,46287025
201408;11;9;9200716;2018;6;9;1;2;5;3;0;0;1;0;0;0;0;0;808905,9346;5819078,793;13,54502558;52,43442678
201409;11;9;9401329;2018;6;15;4;3;0;1;0;0;0;0;1;0;0;0;812388,1708;5819587,871;13,59655845;52,43701138
201410;11;7;7100206;2018;6;5;1;2;8;1;0;0;0;0;1;0;0;0;796933,3631;5824755,008;13,37448783;52,49193959
201411;11;1;1100308;2018;6;18;4;3;5;3;0;0;1;0;1;0;0;0;796931,2073;5828134,16;13,37747024;52,5222313
201412;11;2;2100105;2018;6;15;4;3;5;3;0;1;1;0;0;0;0;0;798946,7046;5825878,349;13,40506206;52,50090991
201413;11;3;3200309;2018;6;2;1;3;6;7;2;0;1;1;0;0;0;0;800087,3951;5837532,8;13,43234994;52,60474576
201414;11;8;8200832;2018;6;15;4;3;6;4;0;0;1;1;0;0;0;0;801758,1269;5816873,218;13,43821464;52,41864756
201415;11;9;9200512;2018;6;15;4;3;0;7;0;0;0;0;1;0;0;0;807709,4154;5821511,611;13,5297212;52,45690451
201416;11;11;11300721;2018;6;17;1;2;5;3;0;0;1;0;0;0;0;0;805141,4855;5829994,547;13,49981643;52,53437258
201417;11;10;10100102;2018;6;15;4;3;2;6;0;0;1;0;0;0;0;0;809497,2412;5834652,693;13,56817147;52,57366104
201418;11;3;3601450;2018;6;18;1;2;6;4;0;0;1;1;0;0;0;0;802556,5091;5829371,666;13,46125587;52,53023085
201419;11;1;1400939;2018;6;14;4;3;5;3;0;0;1;0;0;0;0;0;795277,1926;5831732,954;13,35636101;52,55538966
201420;11;4;4501150;2018;6;22;1;3;0;3;2;1;1;0;0;0;0;0;793464,605;5823834,195;13,32273339;52,48556081
201421;11;2;2200210;2018;6;14;4;3;2;6;0;0;1;0;0;0;0;0;799035,6353;5824581,998;13,40520461;52,4892412
201422;11;3;3400827;2018;6;14;4;3;5;3;0;1;1;0;0;0;0;0;799479,9874;5832007,702;13,41841565;52,5555576
201423;11;4;4200308;2018;6;11;1;2;5;3;0;1;1;0;0;0;0;0;790353,6975;5827312,786;13,28008253;52,51841007
201424;11;7;7100102;2018;6;14;4;3;3;2;0;1;1;0;0;0;0;0;795471,5659;5825556,143;13,35373062;52,49991437
201425;11;6;6300528;2018;6;17;7;3;5;3;0;0;1;0;0;0;0;0;788949,6809;5816402,114;13,24999812;52,42133686
201426;11;1;1300730;2018;6;12;4;3;5;3;0;0;1;0;1;0;0;0;796046,9962;5832145,503;13,36805042;52,55866984
201427;11;8;8100417;2018;6;6;5;3;0;2;0;1;1;0;0;0;0;0;802388,1071;5823233,417;13,45320677;52,47530724
201428;11;2;2400623;2018;6;11;4;3;6;7;0;0;1;1;0;0;0;0;801237,7382;5827742,262;13,44039813;52,51635663
201429;11;9;9200717;2018;6;17;7;3;2;6;0;0;1;0;1;0;0;0;809311,2095;5819631,75;13,55147973;52,43915332
201430;11;5;5100209;2018;6;11;4;3;2;6;0;0;1;0;0;0;0;0;783265,6417;5830285,565;13,17843732;52,54879289
201431;11;2;2200210;2018;6;11;4;3;2;6;0;0;1;0;0;0;0;0;798797,3124;5824678,005;13,40179113;52,49023227
201432;11;2;2200209;2018;6;15;7;3;1;5;0;1;1;0;0;0;0;0;797510,1671;5824808,791;13,38300647;52,49210762
201433;11;1;1200519;2018;6;11;4;3;5;7;0;0;1;0;1;0;0;0;793774,8742;5828495,185;13,3314026;52,52717743
201434;11;4;4300412;2018;6;15;7;3;0;7;0;1;1;0;0;0;0;0;790938,8675;5827405,918;13,2887637;52,51893311
201435;11;6;6200317;2018;6;7;5;3;5;3;0;0;1;0;1;0;0;0;796327,7515;5816814,018;13,3585462;52,42108412
201436;11;2;2300314;2018;6;14;7;3;1;5;0;1;1;0;0;0;1;0;799941,2679;5825966,447;13,41974927;52,50115382
201437;11;10;10400938;2018;6;10;4;3;5;3;0;0;1;0;0;0;0;0;813791,4197;5830051,739;13,6269822;52,52997444
201438;11;9;9100409;2018;6;14;7;2;4;6;0;0;1;0;0;0;0;0;806801,76;5818205,131;13,51336933;52,42778089
201439;11;1;1100312;2018;6;10;4;3;6;2;0;0;1;1;0;0;0;0;799716,2984;5827361,83;13,41770128;52,51378489
201440;11;11;10100205;2018;6;15;5;3;5;2;0;1;1;0;0;0;0;0;806912,4535;5832617,889;13,52826787;52,5568888
201441;11;4;4300622;2018;6;8;4;3;5;3;0;1;1;0;0;0;0;0;793795,5545;5826912,589;13,33030877;52,51297916
201442;11;10;10400938;2018;6;11;7;3;2;6;0;0;1;0;0;0;0;1;815206,519;5829139,98;13,64690984;52,52098822
201443;11;1;1300835;2018;6;9;4;2;2;6;0;0;1;0;1;0;1;0;797098,9247;5830307,897;13,38187776;52,54162501
201444;11;7;7200409;2018;6;11;7;3;6;4;0;1;0;1;0;0;0;0;795362,0323;5824013,115;13,35075379;52,48614156
201445;11;1;1100311;2018;6;11;7;3;1;5;0;0;1;0;1;0;0;0;799891,8306;5827853,134;13,42072301;52,51809216
201446;11;2;2300316;2018;6;7;4;3;2;6;0;1;1;0;0;0;0;0;801452,1214;5826031,261;13,44199844;52,50090224
201447;11;3;3501038;2018;6;8;7;3;5;3;0;0;1;0;0;0;0;0;803829,5506;5832350,575;13,48268933;52,55622164
201448;11;10;10300734;2018;6;16;5;3;5;3;0;0;1;0;1;0;0;0;809103,8149;5825720,993;13,55407863;52,49384157
201449;11;9;9501939;2018;6;15;7;3;6;4;0;0;1;1;0;0;0;1;810998,7968;5821762,711;13,57821034;52,45729311
201450;11;7;7100206;2018;6;7;4;3;0;5;0;1;1;0;0;0;0;0;796124,9423;5824404,645;13,36230419;52,48923804
201451;11;3;3601142;2018;6;22;7;3;2;6;2;0;1;0;0;0;0;0;799077,0088;5830372,78;13,41101704;52,54112448
201452;11;6;6200422;2018;6;16;5;3;2;6;0;0;0;0;1;0;1;0;794079,9662;5817435,989;13,32613407;52,42787244
201453;11;1;1100308;2018;6;21;7;3;6;4;2;0;0;1;1;0;0;0;797113,3612;5829247,063;13,38114155;52,53210799
201454;11;6;6400838;2018;6;7;4;3;2;6;0;0;1;0;0;0;0;0;788758,5451;5820016,752;13,25031794;52,453845
201455;11;10;10400837;2018;6;19;7;3;5;3;0;0;1;0;1;0;0;0;811424,6212;5824494,738;13,58700708;52,48153353
201456;11;1;1300733;2018;6;7;4;3;5;2;0;1;1;0;0;0;0;0;797573,8538;5831890,152;13,39027792;52,55554875
201457;11;3;3601243;2018;6;17;5;3;5;3;0;1;1;0;0;0;0;0;799442,2143;5831374,455;13,41728902;52,54990233
201458;11;7;7601548;2018;6;19;7;2;6;4;0;0;1;1;0;0;0;0;800449,3658;5813253,041;13,41578048;52,38691772
201459;11;5;5300737;2018;6;6;4;3;3;6;0;0;1;0;1;0;0;0;787968,2757;5830421,639;13,2477181;52,54754721
201460;11;4;4501149;2018;6;19;7;3;5;5;0;1;1;0;0;0;0;0;793442,9618;5824024,131;13,3225828;52,48727515
201461;11;9;9301025;2018;6;10;7;3;2;2;0;1;0;0;0;0;1;0;809682,4075;5815221,464;13,55284177;52,39941875
201462;11;2;2400625;2018;6;6;4;3;5;2;0;1;1;0;0;0;0;0;801753,8631;5826263,439;13,44664055;52,50281651
201463;11;10;10100312;2018;6;9;7;2;5;3;0;1;1;0;0;0;0;0;807687,0502;5830166,632;13,5373869;52,5344838
201464;11;9;9401534;2018;6;17;5;3;1;1;0;1;1;0;0;0;0;0;810807,183;5820377,396;13,57411031;52,44498746
201465;11;2;2200209;2018;6;8;4;3;5;3;0;1;1;0;0;0;0;0;797274,0588;5824526,343;13,37928712;52,48970441
201466;11;3;3500933;2018;6;8;7;3;5;3;0;0;1;0;0;0;0;0;802185,5348;5832421,779;13,45857846;52,55777452
201467;11;4;4300416;2018;6;21;4;1;5;7;2;0;1;1;0;0;0;0;791725,4253;5826091,26;13,29917053;52,50672721
201468;11;1;1401046;2018;6;17;5;3;2;6;0;0;1;0;0;0;0;0;794883,5846;5830209,627;13,34921944;52,54194752
201469;11;11;11501238;2018;6;7;7;3;5;7;0;0;1;0;0;0;1;0;804068,2938;5825994,301;13,48038737;52,49911956
201470;11;8;8100104;2018;6;18;3;3;5;2;0;1;1;0;0;0;0;0;800231,1067;5822355,008;13,42075358;52,46862357
201471;11;2;2100104;2018;6;12;7;3;0;2;0;1;1;0;0;0;0;0;799328,0174;5826226,817;13,41097596;52,50382439
201472;11;11;11300722;2018;6;7;3;3;5;3;0;1;1;0;0;0;0;0;803689,0498;5828618,626;13,47721237;52,52285184
201473;11;7;7400826;2018;6;17;5;3;5;3;0;0;1;0;0;0;0;0;796452,6453;5819797,909;13,36302335;52,44776477
201474;11;4;4501150;2018;6;16;3;3;5;3;0;1;1;0;0;0;0;0;793696,5944;5823937,828;13,32623133;52,48636509
201475;11;7;7601238;2018;6;10;7;3;5;7;0;0;1;0;0;1;0;0;798416,7814;5815932,628;13,38838936;52,41204827
201476;11;2;2400625;2018;6;6;7;3;6;4;0;0;1;1;0;0;0;0;801752,205;5826264,603;13,44661725;52,50282786
201477;11;5;5200631;2018;6;17;3;3;6;7;0;0;1;1;0;0;0;0;784704,4075;5827678,21;13,1973648;52,5246653
201478;11;6;6400840;2018;6;8;7;2;5;3;0;0;1;0;0;0;0;1;789113,6608;5819585,607;13,2551561;52,44979187
201479;11;3;3400828;2018;6;21;3;3;0;3;2;1;0;0;0;0;0;0;799856,5167;5832545,181;13,4244384;52,560168
201480;11;1;1100312;2018;6;18;5;3;5;3;0;1;1;0;0;0;0;0;799459,9097;5827068,996;13,4136709;52,51130089
201481;11;3;3500934;2018;6;18;3;3;0;4;0;0;1;1;0;0;0;0;800388,1444;5831957,096;13,43172496;52,55460387
201482;11;1;1400938;2018;6;1;7;3;8;1;2;0;1;0;0;0;0;0;794196,4685;5830395,357;13,33928132;52,5439839
201483;11;10;10100311;2018;6;8;3;3;6;4;0;0;1;1;0;0;0;0;806567,8978;5828076,772;13,51901238;52,51638475
201484;11;1;1100206;2018;6;14;3;3;6;4;0;0;1;1;0;0;0;0;798042,9388;5827351,458;13,39310633;52,51460886
201485;11;2;2400521;2018;6;23;7;3;5;2;2;0;1;0;1;0;0;0;801249,901;5827836,565;13,44066221;52,51719517
201486;11;12;12601235;2018;6;13;3;3;2;2;0;0;1;0;0;0;0;0;794625,7177;5836268,57;13,35081016;52,59640052
201487;11;4;4300518;2018;6;13;3;3;5;3;0;1;1;0;0;0;0;0;792653,6184;5827970,917;13,31446051;52,52308062
201488;11;3;3400826;2018;6;19;6;3;5;7;0;1;1;0;0;0;0;0;798893,8434;5832599,169;13,41032842;52,56118118
201489;11;1;1100205;2018;6;12;3;3;3;6;0;1;0;0;0;0;0;0;797113,5625;5826476,938;13,37867031;52,50727681
201490;11;1;1100312;2018;6;18;6;3;1;5;0;1;1;0;0;0;0;0;799608,527;5826941,809;13,41573978;52,51007925
201491;11;1;1100312;2018;6;14;3;3;2;6;0;0;1;0;0;0;0;0;799611,2143;5826948,468;13,41578525;52,51013746
201492;11;1;1100310;2018;6;18;6;3;1;5;0;1;1;0;0;0;1;0;799718,0909;5827388,275;13,41775144;52,51402094
201493;11;7;7100101;2018;6;12;3;3;3;6;0;0;0;0;1;0;1;0;794645,1998;5825770,163;13,34178164;52,50227974
201494;11;1;1100313;2018;6;18;5;3;2;2;0;1;1;0;0;0;0;0;800471,3846;5826679,587;13,42817898;52,5072543
201495;11;2;2200210;2018;6;14;3;2;5;3;0;1;1;0;0;0;0;0;798637,9423;5825135,338;13,39986077;52,49441886
201496;11;4;4300416;2018;6;15;6;3;5;2;0;1;1;0;0;0;0;0;791438,9948;5826068,404;13,29494227;52,50667539
201497;11;6;6300525;2018;6;14;3;3;5;3;0;1;1;0;0;0;0;0;790333,0851;5814657,681;13,26877159;52,4049652
201498;11;8;8300934;2018;6;12;3;2;0;6;0;0;1;0;1;0;0;0;803467,7574;5818232,27;13,46450988;52,42988352
201499;11;6;6400844;2018;6;2;6;3;7;7;2;0;1;0;0;0;0;0;790378,761;5820872,337;13,27483862;52,46065718
201500;11;11;11100203;2018;6;13;3;3;2;6;0;0;1;0;0;0;0;0;807664,9844;5833617,128;13,54025946;52,56541925
201501;11;1;1100309;2018;6;18;6;3;5;2;0;0;1;0;1;0;0;1;797846,3535;5828840,741;13,39155153;52,5280658
201502;11;1;1100313;2018;6;18;5;3;6;2;0;0;1;1;0;0;0;0;800079,395;5826450,358;13,42221415;52,50541537
201503;11;6;6200313;2018;6;5;6;3;0;6;0;1;1;0;0;0;0;0;795693,9183;5818961,676;13,3511518;52,44067937
201504;11;1;1400938;2018;6;15;3;3;0;6;0;0;0;0;1;0;1;0;794550,7891;5831558,526;13,34552283;52,5542194
201505;11;8;8100312;2018;6;23;6;3;5;3;2;0;1;0;0;0;0;1;801421,2143;5824133,3;13,43982751;52,48390753