OBJECTID;LAND;BEZ;LOR_ab_2021;UJAHR;UMONAT;USTUNDE;UWOCHENTAG;UKATEGORIE;UART;UTYP1;ULICHTVERH;IstRad;IstPKW;IstFuss;IstKrad;IstGkfz;IstSonstig;USTRZUSTAND;LINREFX;LINREFY;XGCSWGS84;YGCSWGS84
201506;11;11;11300723;2018;6;15;3;3;2;6;0;1;0;0;0;0;1;0;805209,7302;5828478,677;13,49942803;52,52074852
201507;11;9;9100203;2018;6;18;5;3;5;2;0;1;1;0;0;0;0;0;803965,0174;5823457,065;13,47655664;52,47643649
201508;11;1;1401046;2018;6;22;6;3;6;2;2;0;1;1;0;0;0;1;794607,2464;5829879,548;13,3448638;52,53913808
201509;11;1;1300733;2018;6;23;3;3;5;3;2;1;1;0;0;0;0;0;797372,0461;5831185,497;13,38667889;52,54934263
201510;11;6;6100103;2018;6;21;6;3;2;6;2;0;1;0;0;0;1;1;793026,298;5821527,579;13,31427042;52,46511806
201511;11;5;5400943;2018;6;20;3;2;5;3;2;1;0;0;0;0;0;0;780845,5593;5819395,574;13,13365589;52,45239844
201512;11;1;1401048;2018;6;20;3;3;0;1;0;0;0;0;1;0;0;0;795385,3533;5831111,041;13,35739843;52,54975612
201513;11;3;3701554;2018;6;13;6;3;3;6;0;1;0;0;1;0;0;0;798728,4164;5830231,276;13,40576504;52,54004732
201514;11;1;1100309;2018;6;19;3;3;5;3;0;1;1;0;0;0;0;0;798587,683;5828885,823;13,40248741;52,52806438
201515;11;4;4300622;2018;6;20;6;3;3;6;1;0;1;0;0;0;0;1;793223,4146;5826764,821;13,32177178;52,51196235
201516;11;3;3601141;2018;6;20;6;3;2;6;1;0;1;0;0;0;1;1;799208,312;5831433,698;13,41390308;52,55056188
201517;11;1;1100416;2018;6;18;3;3;1;5;0;1;1;0;0;0;0;0;798564,9391;5829233,439;13,40246532;52,53119272
201518;11;1;1100309;2018;6;19;6;3;5;2;0;1;1;0;0;0;0;1;798319,4626;5828704,613;13,39838276;52,52658691
201519;11;3;3400723;2018;6;19;6;3;0;1;1;1;0;0;0;0;0;1;798912,6235;5833273,412;13,41121208;52,56721441
201520;11;2;2100102;2018;6;18;3;3;5;3;0;1;1;0;0;0;0;0;798187,9474;5826507,771;13,39448102;52,50696703
201521;11;3;3601142;2018;6;19;6;3;6;4;0;1;0;1;0;0;0;1;798942,3825;5830383,967;13,40904793;52,54129864
201522;11;4;4100101;2018;6;18;3;3;5;2;0;0;1;0;0;0;0;0;793340,7529;5829720,068;13,32610277;52,53839167
201523;11;1;1100102;2018;6;17;3;3;5;3;0;1;1;0;0;0;0;0;794309,381;5827013,335;13,33794769;52,51360528
201524;11;3;3601244;2018;6;18;6;3;5;7;0;0;1;0;1;0;0;0;800174,5018;5831215,227;13,42791258;52,5480721
201525;11;1;1100308;2018;6;18;6;3;1;5;0;1;1;0;0;0;1;0;797397,6671;5828916,124;13,38502444;52,52898648
201526;11;3;3300517;2018;6;18;6;3;0;1;0;1;0;0;0;0;0;0;802728,618;5833541,927;13,46758683;52,56751252
201527;11;10;10200629;2018;6;17;3;3;5;2;0;0;1;0;0;0;0;0;810903,1291;5829236,734;13,58377999;52,52432576
201528;11;1;1100103;2018;6;16;6;3;2;6;0;0;1;0;0;0;0;0;795229,5991;5825897,208;13,35047882;52,50310273
201529;11;2;2200210;2018;6;17;6;3;0;1;0;1;0;0;0;0;0;0;798442,8804;5824926,884;13,39680937;52,49265704
201530;11;2;2100104;2018;6;17;3;3;0;5;0;1;1;0;0;0;1;0;799182,0612;5826006,65;13,40863422;52,50193096
201531;11;1;1300836;2018;6;19;6;2;1;5;1;0;1;0;0;0;0;1;796641,8879;5829804,228;13,37470868;52,53735917
201532;11;12;12200515;2018;6;19;6;2;3;6;0;0;1;0;1;0;0;0;789983,7648;5835519,201;13,28181501;52,59217771
201533;11;2;2400623;2018;6;17;3;3;2;6;0;1;1;0;0;0;0;0;800518,9425;5827051,282;13,42921316;52,51055972
201534;11;7;7501030;2018;6;18;6;2;0;1;0;1;0;0;0;0;0;0;797790,0227;5819618,927;13,38248419;52,44543359
201535;11;1;1300732;2018;6;17;3;3;5;2;0;0;1;0;0;0;0;0;797280,8672;5832224,48;13,38626854;52,55870558
201536;11;7;7400720;2018;6;17;3;3;5;3;0;0;1;0;0;0;0;0;797284,1366;5822702,298;13,37780864;52,47334827
201537;11;7;7501134;2018;6;17;6;2;1;2;0;0;1;0;1;0;0;0;799177,8985;5819063,21;13,40234628;52,43969468
201538;11;5;5300839;2018;6;16;6;2;6;4;0;0;1;1;0;0;0;0;789008,0331;5830587,097;13,26315313;52,54847995
201539;11;11;11401032;2018;6;17;3;3;6;2;0;0;1;1;0;0;0;0;806608,6457;5827753,31;13,51931296;52,51346292
201540;11;4;4400832;2018;6;21;6;3;0;1;1;0;0;0;1;0;0;1;791274,3542;5822047,456;13,28900885;52,47071556
201541;11;2;2100102;2018;6;16;3;3;5;3;0;1;1;0;0;0;0;0;798309,5938;5825630,401;13,39548201;52,49903603
201542;11;4;4501040;2018;6;16;3;3;5;3;0;0;1;0;1;0;0;0;792336,9445;5825703,29;13,3078142;52,50292181
201543;11;1;1100102;2018;6;15;6;3;0;6;0;0;1;0;1;0;0;0;795056,261;5827221,352;13,3491063;52,51506648
201544;11;6;6300526;2018;6;16;3;2;6;4;0;0;1;1;0;0;0;0;789565,085;5817954,175;13,26036646;52,43492649
201545;11;3;3701659;2018;6;10;6;3;5;7;0;1;0;0;0;0;1;0;800089,7991;5829439,14;13,42506303;52,53219917
201546;11;5;5300737;2018;6;16;3;3;0;3;0;0;1;0;1;0;0;0;787989,9164;5829742,236;13,24744729;52,54144464
201547;11;9;9200511;2018;6;14;6;3;3;6;0;0;1;0;1;0;0;0;807683,5519;5822160,521;13,52993983;52,4627347
201548;11;12;12500926;2018;6;16;3;3;5;2;0;1;1;0;0;0;0;0;793008,7553;5835695,422;13,32649924;52,59213624
201549;11;4;4501042;2018;6;16;3;3;5;2;0;0;1;0;1;0;0;0;793914,246;5825525,917;13,33082847;52,50048442
201550;11;8;8100418;2018;6;14;6;3;5;2;0;1;1;0;0;0;0;0;802256,364;5823847,347;13,45182944;52,48088286
201551;11;11;11200411;2018;6;14;3;2;5;3;0;0;1;0;1;0;0;0;806649,2377;5831222,66;13,52310902;52,54453291
201552;11;1;1100308;2018;6;13;6;3;1;5;0;1;1;0;0;0;1;0;797190,7991;5829156,731;13,38219903;52,53125606
201553;11;5;5200629;2018;6;12;3;2;6;4;0;0;0;1;0;0;1;0;784690,5382;5828600,969;13,19795111;52,532946
201554;11;3;3200309;2018;6;13;6;3;5;3;0;0;1;0;0;0;0;0;800180,3841;5838457,21;13,43455749;52,61298
201555;11;7;7100102;2018;6;12;3;3;2;6;0;0;1;0;0;0;0;0;794991,0478;5825109,725;13,34627703;52,49617251
201556;11;12;12100102;2018;6;13;6;3;6;4;0;0;1;1;0;0;0;0;795869,6662;5833084,939;13,36627994;52,5671873
201557;11;2;2200208;2018;6;12;3;3;3;6;0;1;1;0;0;0;0;0;797596,7092;5825403,626;13,38480875;52,49739247
201558;11;4;4500939;2018;6;12;6;3;5;7;0;0;0;0;1;0;1;0;792532,5818;5824608,462;13,30972663;52,4930021
201559;11;3;3500933;2018;6;13;2;2;3;6;0;0;1;0;0;0;0;0;802767,745;5831865,643;13,46663308;52,55246662
201560;11;11;11300618;2018;6;13;2;3;1;5;0;1;1;0;0;0;0;0;802880,1512;5828920,681;13,46560148;52,52600903
201561;11;2;2200208;2018;6;2;6;3;2;6;2;0;1;0;0;0;0;0;797717,8226;5824958,17;13,38618946;52,49333342
201562;11;1;1100415;2018;6;11;2;3;6;4;0;1;0;1;0;0;0;0;797385,8126;5829152,918;13,38506202;52,53111552
201563;11;5;5200420;2018;6;10;6;3;0;4;0;0;0;1;0;0;1;0;783586,479;5828663,432;13,18177154;52,53408164
201564;11;8;8200730;2018;6;17;5;3;6;4;0;0;1;1;0;0;0;0;802298,0372;5818949,665;13,4480064;52,43696125
201565;11;8;8200730;2018;6;11;2;3;6;2;0;0;1;1;0;0;0;0;801383,2153;5819284,375;13,43489138;52,44046623
201566;11;6;6300632;2018;6;12;5;3;4;6;0;0;1;0;1;0;0;0;791938,0406;5817636,64;13,29489638;52,43081842
201567;11;6;6200421;2018;6;10;2;3;5;2;0;0;1;0;0;0;0;0;793474,2147;5817727,899;13,31750668;52,43081461
201568;11;4;4300620;2018;6;16;5;3;3;6;0;0;1;0;1;0;0;0;793342,8944;5827836,111;13,32447188;52,52150175
201569;11;4;4501150;2018;6;10;2;3;2;3;0;1;1;0;0;0;0;0;794007,6018;5823813,336;13,33068854;52,48508169
201570;11;12;12400720;2018;6;16;5;2;5;3;0;1;1;0;0;0;0;0;789633,616;5840165,554;13,28072846;52,63401856
201571;11;11;11200513;2018;6;17;5;3;0;5;0;1;1;0;0;0;0;0;804346,0856;5830820,056;13,48888219;52,54221595
201572;11;3;3601244;2018;6;7;2;3;5;3;0;1;1;0;0;0;0;0;800108,0108;5831704,894;13,4273775;52,55249775
201573;11;3;3701556;2018;6;8;5;3;6;4;0;0;1;1;0;0;0;0;799704,2584;5829242,417;13,41921895;52,53064798
201574;11;11;11300618;2018;6;8;5;3;2;6;0;0;1;0;0;0;0;0;802451,0837;5828880,045;13,45925927;52,525883
201575;11;6;6100206;2018;6;7;2;3;6;4;0;1;0;1;0;0;0;0;794508,3515;5820003,461;13,33467877;52,45065826
201576;11;7;7400824;2018;6;22;5;3;8;1;2;0;1;0;0;0;0;0;797869,741;5821888,055;13,38567788;52,46573046
201577;11;5;5300737;2018;6;8;2;3;2;6;0;0;1;0;1;0;0;0;787635,2832;5829395,399;13,24193226;52,53852241
201578;11;5;5100316;2018;6;22;5;3;0;2;2;0;1;0;1;0;0;0;784547,2606;5828859,287;13,19606571;52,53533692
201579;11;2;2300417;2018;6;21;5;3;1;5;1;0;1;0;0;0;0;0;800021,9259;5825664,531;13,42066198;52,49840328
201580;11;3;3400722;2018;6;8;2;3;4;1;0;1;1;0;0;0;0;1;798407,7018;5834205,172;13,40462304;52,57584326
201581;11;12;12601032;2018;6;21;5;3;5;3;0;1;1;0;0;0;0;0;793436,4013;5837710,772;13,33458047;52,6099719
201582;11;11;11300721;2018;6;9;6;3;2;6;0;0;1;0;0;0;1;0;805186,204;5829429,501;13,49995493;52,52928337
201583;11;2;2200210;2018;6;8;2;3;2;3;0;0;1;0;1;0;0;0;798338,8213;5825504,015;13,39579808;52,49788717
201584;11;1;1100415;2018;6;13;6;3;0;1;0;1;0;0;0;0;0;0;798269,3976;5829365,126;13,39823956;52,53253492
201585;11;7;7300619;2018;6;20;5;3;5;2;0;1;0;0;1;0;0;0;795892,9366;5820835,542;13,35573108;52,4573696
201586;11;1;1100205;2018;6;9;2;3;5;3;0;1;1;0;0;0;0;0;797034,3639;5826595,277;13,37761243;52,50838071
201587;11;6;4200207;2018;6;20;5;2;2;1;0;0;1;0;1;0;0;0;785447,6001;5823785,894;13,20495187;52,48937842
201588;11;2;2200210;2018;6;19;5;3;0;7;0;1;0;0;0;0;0;0;798370,9216;5825285,521;13,39607383;52,4959111
201589;11;8;8100103;2018;6;10;2;2;5;2;0;1;1;0;0;0;0;0;800657,6758;5823023,7;13,42761691;52,47438273
201590;11;1;1200628;2018;6;19;5;2;5;2;0;1;1;0;0;0;0;0;795459,0324;5827755,417;13,35549879;52,51963589
201591;11;5;5300736;2018;6;19;5;2;6;4;0;0;1;1;0;0;0;0;786921,9052;5829989,843;13,23195628;52,54422804
201592;11;4;4501042;2018;6;10;2;3;0;5;0;0;1;0;1;0;0;0;793520,052;5825639,661;13,32513827;52,50171626
201593;11;11;11400929;2018;6;19;5;3;5;3;0;0;1;0;0;0;0;0;804697,4001;5826658,838;13,49023427;52,50472464
201594;11;7;7601236;2018;6;9;2;3;3;6;0;0;1;0;0;1;0;0;797292,5277;5817293,669;13,37311809;52,42486051
201595;11;3;3300411;2018;6;9;2;3;0;1;0;1;0;0;0;0;0;0;803961,0091;5839728,825;13,49139173;52,62227559
201596;11;1;1100205;2018;6;19;5;2;6;7;0;0;1;1;0;0;0;0;797331,8453;5826930,743;13,38228238;52,51122573
201597;11;4;4501042;2018;6;13;2;3;0;6;0;0;1;0;0;0;1;0;793564,3232;5825754,175;13,32588956;52,50271901
201598;11;4;4500936;2018;6;14;6;3;0;5;0;1;1;0;0;0;0;0;792058,6928;5825826,473;13,30383457;52,50417514
201599;11;1;1100206;2018;6;14;2;3;5;3;0;0;1;0;0;0;1;0;797546,292;5827762,246;13,38617653;52,51856225
201600;11;2;2200209;2018;6;18;5;3;5;2;0;0;1;0;1;0;0;0;796809,0728;5823979,396;13,37197177;52,48505458
201601;11;9;9501941;2018;6;16;6;3;5;3;0;0;1;0;0;0;0;0;811061,1684;5821225,454;13,57862489;52,45244297
201602;11;2;2500835;2018;6;18;5;3;5;2;0;1;1;0;0;0;0;0;803027,0266;5825730,507;13,46485521;52,49733437
201603;11;10;10100206;2018;6;18;2;3;5;3;0;1;0;0;0;0;1;0;809136,4122;5833074,857;13,56139373;52,55972619
201604;11;11;11300617;2018;6;18;5;3;5;3;0;1;1;0;0;0;0;0;802943,6719;5829203,248;13,46679236;52,52850634
201605;11;1;1300836;2018;6;13;1;3;1;5;0;1;1;0;0;0;0;0;796349,5103;5830756,627;13,37126007;52,5460555
201606;11;2;2300314;2018;6;17;1;3;6;2;0;1;0;1;0;0;0;1;800126,8537;5825897,756;13,4224132;52,50043608
201607;11;1;1300835;2018;6;18;5;3;5;3;0;1;1;0;0;0;0;0;797795,9953;5830051,945;13,39189657;52,53895022
201608;11;9;9501737;2018;6;18;1;3;0;2;0;1;1;0;0;0;0;1;814250,3155;5821230,683;13,62540679;52,45066597
201609;11;12;12100205;2018;6;23;1;3;5;2;2;1;0;0;0;0;1;0;794846,4377;5833744,714;13,35181369;52,57365678
201610;11;2;2100106;2018;6;17;5;3;3;6;0;1;1;0;0;0;0;0;799805,9123;5825701,407;13,41752261;52,49885253
201611;11;11;11300620;2018;6;20;1;2;5;7;1;0;1;0;0;0;0;0;803671,0477;5829503,888;13,4777563;52,5307962
201612;11;11;11501238;2018;6;18;5;2;5;2;0;0;1;0;1;0;0;0;804077,0007;5825988,599;13,48051003;52,49906359
201613;11;8;8301037;2018;6;20;1;2;5;2;0;0;1;0;0;0;0;1;804138,8655;5817811,99;13,47396816;52,42574394
201614;11;4;4501153;2018;6;17;5;3;5;3;0;1;1;0;0;0;0;0;794030,6402;5824017,587;13,33120702;52,48690029
201615;11;4;4501042;2018;6;19;1;3;2;2;0;0;1;0;0;0;0;0;793918,4967;5825534,544;13,33089853;52,50055947
201616;11;4;4501042;2018;6;17;5;3;5;2;0;1;1;0;0;0;0;0;793923,7658;5825535,155;13,33097647;52,5005621
201617;11;3;3601243;2018;6;19;1;2;5;3;0;0;1;0;0;0;1;1;799678,073;5831261,708;13,42065535;52,54876204
201618;11;1;1100309;2018;6;16;5;3;0;7;0;1;0;0;0;0;0;0;798941,7332;5828388,398;13,40724371;52,52341165
201619;11;4;4100102;2018;6;18;1;3;0;6;0;0;1;0;1;0;0;1;791150,6955;5829113,336;13,29337181;52,53412691
201620;11;8;8100208;2018;6;18;1;3;2;6;0;0;1;0;0;0;0;1;801645,586;5822542,621;13,44168289;52,46952606
201621;11;1;1100308;2018;6;15;5;3;0;1;0;1;0;0;0;0;0;0;797102,309;5828020,781;13,37988341;52,52112179
201622;11;1;1100310;2018;6;16;1;3;1;5;0;1;1;0;0;0;0;1;798985,8618;5828552,194;13,40803946;52,52485566
201623;11;12;12200413;2018;6;19;6;2;8;1;0;1;0;0;0;0;0;0;789673,9341;5833891,878;13,27583142;52,57775385
201624;11;12;12200412;2018;6;14;1;3;5;2;0;1;0;0;0;0;1;1;791125,2494;5833981,718;13,2972676;52,57778475
201625;11;1;1300834;2018;6;15;5;3;5;2;0;1;1;0;0;0;0;0;798437,1716;5830185,013;13,40144187;52,53979223
201626;11;9;9301126;2018;6;14;1;3;5;3;0;0;1;0;0;0;0;0;809956,0948;5817908,123;13,55933894;52,42334142
201627;11;8;8300934;2018;6;15;5;3;2;6;0;0;1;0;0;0;0;0;802823,6176;5818228,622;13,45506135;52,43020774
201628;11;11;11200512;2018;6;15;5;3;0;5;0;1;1;0;0;0;0;0;803355,3807;5831359,772;13,47481143;52,54760571
201629;11;3;3400620;2018;6;14;1;3;0;2;0;0;1;0;1;0;0;0;796761,0033;5834006,873;13,38021703;52,57496618
201630;11;7;7400824;2018;6;14;5;3;0;2;0;1;1;0;0;0;0;0;797851,0529;5821927,659;13,38543895;52,46609565
201631;11;12;1300730;2018;6;8;6;3;2;6;0;0;0;0;1;0;1;0;796639,4295;5832395,734;13,37698749;52,56059048
201632;11;3;3601142;2018;6;13;1;3;5;3;0;1;1;0;0;0;0;0;798871,2885;5830456,561;13,40806806;52,54198833
201633;11;1;1100415;2018;6;8;6;3;1;5;0;1;1;0;0;0;0;0;797622,3922;5829327,937;13,38869606;52,53255523
201634;11;7;7200414;2018;6;13;1;3;0;7;0;0;1;0;1;0;0;0;796308,9352;5824178,83;13,36480533;52,48711397
201635;11;9;9200613;2018;6;7;5;3;5;3;0;1;0;0;0;0;1;0;805795,1735;5821842,911;13,50194028;52,46094812
201636;11;2;2100105;2018;6;10;6;3;2;2;0;1;1;0;0;0;0;0;799144,0102;5825793,934;13,40788424;52,50004513
201637;11;10;10100209;2018;6;11;1;3;4;5;0;0;1;0;0;0;0;0;809360,6577;5831917,261;13,56361244;52,54922496
201638;11;1;1400942;2018;6;7;5;3;3;6;0;1;1;0;0;0;0;0;794646,1473;5830497,591;13,34598387;52,54465735
201639;11;6;6400737;2018;6;11;1;2;5;3;0;1;1;0;0;0;0;0;787700,4262;5821696,522;13,2362374;52,46946325
201640;11;3;3601142;2018;6;7;5;3;5;2;0;1;1;0;0;0;0;0;799175,4399;5831110,204;13,41312827;52,54768031
201641;11;2;2400624;2018;6;8;5;3;1;5;0;1;1;0;0;0;0;0;801723,6395;5827424,2;13,44724873;52,51323723
201642;11;4;4200207;2018;6;10;1;3;6;4;0;1;0;1;0;0;0;0;789214,4177;5824012,673;13,26047242;52,48942897
201643;11;2;2300314;2018;6;9;5;3;6;4;0;1;0;1;0;0;0;0;799857,7914;5825838,471;13,41840796;52,50005259
201644;11;3;3500934;2018;6;9;5;3;2;6;0;0;1;0;1;0;0;0;800206,7565;5832143,554;13,4292262;52,55637515
201645;11;6;6400839;2018;6;9;1;3;0;3;0;1;1;0;0;0;0;0;788361,271;5817772,457;13,24255085;52,43393326
201646;11;8;8300935;2018;6;9;5;3;3;6;0;0;1;0;1;0;0;0;802266,2421;5817811,549;13,44651128;52,42677766
201647;11;12;12200414;2018;6;21;6;3;5;3;1;1;1;0;0;0;0;0;791249,903;5830915,159;13,29640998;52,55022698
201648;11;9;9200819;2018;6;9;1;3;5;3;0;0;1;0;0;0;0;0;810491,5066;5820154,083;13,56927309;52,44316554
201649;11;3;3601244;2018;6;10;5;3;2;6;0;0;1;0;0;1;0;0;800280,5574;5831602,847;13,42982245;52,55148798
201650;11;1;1100311;2018;6;2;1;3;5;2;2;0;1;0;0;0;0;0;799734,7099;5827562,428;13,41815248;52,51557282
201651;11;7;7400826;2018;6;11;5;3;5;2;0;1;1;0;0;0;0;0;796517,8948;5819858,047;13,36403401;52,44826847
201652;11;7;7400825;2018;6;11;5;3;1;5;0;1;1;0;0;0;0;0;797443,9456;5820553,254;13,37823925;52,45399729
201653;11;6;6200423;2018;6;16;1;3;0;7;0;0;0;0;1;0;0;0;793386,6102;5816217,652;13,31489729;52,41732254
201654;11;3;3100101;2018;6;13;5;3;6;2;0;0;1;1;0;0;0;0;803926,1233;5841361,318;13,49237913;52,6369261
201655;11;1;1401047;2018;6;13;5;3;6;2;0;0;1;1;0;0;0;0;795511,2262;5830736,22;13,35891588;52,54632792
201656;11;4;4200311;2018;6;12;1;2;0;1;0;1;0;0;0;0;0;0;790029,6234;5825225,984;13,27350147;52,49987404
201657;11;7;7601442;2018;6;13;5;3;5;2;0;0;1;0;1;0;0;0;799687,6902;5815156,227;13,40632404;52,40439456
201658;11;1;1100206;2018;6;13;5;3;5;3;0;1;1;0;0;0;0;0;797598,8897;5827222,181;13,38646635;52,51369251
201659;11;5;5300735;2018;6;6;1;3;9;1;0;0;0;0;1;0;0;0;786449,0844;5830937,649;13,22582064;52,55297455
201660;11;8;8100312;2018;6;13;5;3;2;6;0;0;1;0;0;0;0;0;801097,0927;5824155,003;13,43508846;52,48428089
201661;11;2;2300314;2018;6;18;1;3;0;1;0;1;0;0;0;0;0;0;799944,6837;5825744,453;13,41959951;52,49916212
201662;11;2;2200213;2018;6;17;7;3;5;3;0;1;0;0;1;0;0;0;799550,9607;5824899,111;13,41305669;52,49180114
201663;11;1;1200517;2018;6;14;5;3;2;6;0;0;1;0;0;0;0;0;793517,406;5829306,482;13,32833462;52,53458897
201664;11;12;12200310;2018;6;17;6;3;0;1;0;0;0;0;1;0;0;0;792141,6033;5833245,659;13,31157526;52,57064158
201665;11;3;3200309;2018;6;9;5;2;5;3;0;1;1;0;0;0;0;0;800148,7485;5837865,626;13,43355503;52,60769504
201666;11;9;9200512;2018;6;17;7;3;2;2;0;0;1;0;0;0;0;0;807894,8261;5822051,453;13,53293918;52,46163822
201667;11;10;10100312;2018;6;10;5;3;5;3;0;0;1;0;0;0;0;0;808222,3341;5829259,357;13,54441252;52,52605051
201668;11;4;4200203;2018;6;9;7;3;5;2;0;1;1;0;0;0;0;0;788295,9043;5826859,937;13,24944732;52,51544188
201669;11;1;1100309;2018;6;19;2;3;5;3;0;1;1;0;0;0;0;0;797943,8533;5828778,483;13,39292872;52,52745447
201670;11;12;12400618;2018;6;12;6;3;0;5;0;1;0;0;0;0;1;0;785958,128;5839267,64;13,22579026;52,62791618
201671;11;6;6100209;2018;6;3;7;3;6;7;2;1;0;1;0;0;0;0;794707,5659;5821542,401;13,3389602;52,46434669
201672;11;6;6400844;2018;6;10;5;2;5;3;0;0;1;0;0;0;0;0;790316,5093;5820305,136;13,2734317;52,45560518
201673;11;2;2100105;2018;6;14;7;3;6;4;0;0;1;1;0;0;0;0;799443,9053;5825667,42;13,41217521;52,49874664
201674;11;5;5100211;2018;6;23;7;3;5;2;2;0;1;0;0;0;0;0;783242,9037;5830287,071;13,17810416;52,54881822
201675;11;6;6200422;2018;6;13;5;3;5;3;0;0;1;0;0;0;0;0;794728,1754;5816699,702;13,33499139;52,42092314
201676;11;1;2400623;2018;6;20;7;3;5;3;0;1;1;0;0;0;0;0;800174,3314;5827350,516;13,42442045;52,5134316
201677;11;7;7601238;2018;6;20;7;2;2;6;0;0;1;0;1;0;0;0;797390,0044;5817459,913;13,37469522;52,42629777
201678;11;7;7100102;2018;6;14;5;2;0;5;0;0;1;0;1;0;0;0;795104,2491;5825828,311;13,3485764;52,50255293
201679;11;2;2300419;2018;6;19;7;3;6;7;0;0;1;1;0;0;0;0;801565,0176;5825457,403;13,443137;52,49569629
201680;11;10;10100311;2018;6;14;6;3;5;2;0;1;1;0;0;0;0;0;806350,6695;5830182,182;13,51776068;52,53537593
201681;11;10;10400939;2018;6;11;5;3;0;1;0;1;0;0;0;0;0;0;813031,58;5827677,764;13,61358382;52,5091381
201682;11;1;1300834;2018;6;20;7;3;0;7;0;0;1;0;1;0;0;0;797763,0562;5830729,99;13,39202007;52,54504601
201683;11;9;9200512;2018;6;13;5;3;0;1;0;1;0;0;0;0;0;0;808115,5965;5821899,213;13,53603787;52,46014941
201684;11;3;3100103;2018;6;19;7;3;2;6;0;0;1;0;0;0;0;0;804506,3644;5840922,886;13,50052295;52,63267172
201685;11;6;6200313;2018;6;19;2;3;3;6;0;0;1;0;0;0;0;0;795286,5661;5818573,961;13,34483377;52,43742384
201686;11;12;12100205;2018;6;18;7;3;2;6;0;0;1;0;0;1;0;0;795262,3942;5833286,301;13,35752561;52,56932203
201687;11;2;2400521;2018;6;11;5;3;6;4;0;0;1;1;0;0;0;0;801173,9343;5828622,601;13,44025775;52,52428249
201688;11;12;12200310;2018;6;18;7;3;0;5;0;0;1;0;0;0;1;0;791887,4279;5833474,998;13,3080374;52,57283389
201689;11;1;1100205;2018;6;8;6;2;0;2;0;1;1;0;0;0;0;0;796964,3005;5827041,735;13,37698147;52,51242088
201690;11;5;5200630;2018;6;12;4;3;2;6;0;0;1;0;0;0;0;0;784537,8854;5827987,262;13,1951814;52,5275232
201691;11;7;7400826;2018;6;17;7;3;0;3;0;0;1;0;1;0;0;0;796704,9788;5820695,831;13,36752304;52,45567698
201692;11;1;1300836;2018;6;9;4;3;3;6;0;1;0;0;0;1;0;0;796450,5737;5829960,476;13,37203561;52,53886388
201693;11;11;11401033;2018;6;19;2;3;5;7;0;0;1;0;0;0;1;0;806657,5646;5827755,458;13,52003355;52,51345467
201694;11;12;12100101;2018;6;16;4;3;6;4;0;0;1;1;0;0;0;0;795798,142;5832709,061;13,36489262;52,5638568
201695;11;4;4300416;2018;6;17;7;2;5;3;0;0;1;0;1;0;0;0;791293,3268;5826057,734;13,29279277;52,50665753
201696;11;5;5200524;2018;6;17;7;2;0;7;0;0;1;0;0;0;0;0;779605,3987;5827826,168;13,12252851;52,52863108
201697;11;3;3501038;2018;6;9;4;3;5;7;0;0;1;0;0;0;0;0;804465,2629;5832658,158;13,49231944;52,55862333
201698;11;2;2500835;2018;6;17;7;3;5;5;0;0;1;0;0;0;0;0;802732,5058;5826127,901;13,46089119;52,50105963
201699;11;7;7300516;2018;6;14;4;3;0;3;0;0;1;0;0;0;1;0;793999,8277;5821555,169;13,3285838;52,46484243
201700;11;4;4200311;2018;6;16;7;3;2;6;0;0;1;0;0;0;0;0;790453,339;5826017,226;13,28041611;52,50674222
201701;11;4;4100101;2018;6;19;4;3;5;2;0;1;0;0;1;0;0;0;793357,274;5829666,251;13,32629815;52,53790034
201702;11;1;1100311;2018;6;15;7;3;5;2;0;0;1;0;0;0;0;0;799734,7099;5827562,428;13,41815248;52,51557282
201703;11;7;7400721;2018;6;18;2;3;5;2;0;1;1;0;0;0;0;0;797755,2275;5822532,624;13,38457243;52,47157073
201704;11;4;4501150;2018;6;14;7;3;1;5;0;1;0;0;0;0;1;0;793690,9414;5823956,609;13,32616487;52,4865365
201705;11;5;5200629;2018;6;16;4;3;3;6;0;0;1;0;1;0;0;0;784695,7646;5828533,413;13,19797009;52,53233757
201706;11;1;1100207;2018;6;14;7;3;5;2;0;0;1;0;1;0;0;0;798697,7014;5827085,119;13,40248744;52,51186332
201707;11;3;3400725;2018;6;16;4;3;2;2;0;0;1;0;1;0;0;0;800048,4075;5835699,473;13,43011484;52,58833489
201708;11;3;3601450;2018;6;16;4;3;2;6;0;0;1;0;0;1;0;0;801731,8302;5830072,829;13,44977222;52,53697248
201709;11;1;1200517;2018;6;14;7;3;6;4;0;0;1;1;0;0;0;0;793521,3431;5829265,259;13,32835609;52,53421731
201710;11;8;8301036;2018;6;16;4;3;6;2;0;0;1;1;0;0;0;0;803879,8488;5818172,27;13,47049788;52,429117
201711;11;4;4300518;2018;6;18;2;3;5;2;0;1;1;0;0;0;0;0;792061,5819;5828220,707;13,30597857;52,52563738
201712;11;4;4501148;2018;6;14;4;3;5;3;0;1;1;0;0;0;0;0;792928,6764;5823070,949;13,31419285;52,47900632
201713;11;2;2100106;2018;6;14;7;2;5;2;0;0;1;0;0;0;0;0;799063,639;5825597,272;13,40652718;52,49832638
201714;11;2;2500831;2018;6;14;4;3;5;3;0;1;1;0;0;0;0;0;802812,6141;5827292,221;13,46312674;52,51145087
201715;11;3;3400725;2018;6;13;7;3;5;3;0;1;1;0;0;0;0;0;799690,392;5835448,036;13,42461859;52,58627855