OBJECTID;LAND;BEZ;LOR_ab_2021;UJAHR;UMONAT;USTUNDE;UWOCHENTAG;UKATEGORIE;UART;UTYP1;ULICHTVERH;IstRad;IstPKW;IstFuss;IstKrad;IstGkfz;IstSonstig;USTRZUSTAND;LINREFX;LINREFY;XGCSWGS84;YGCSWGS84
201716;11;2;2500833;2018;6;18;2;3;0;7;0;0;1;0;0;0;0;0;802139,4356;5827143,837;13,45310273;52,51049418
201717;11;8;8100207;2018;6;12;7;3;0;3;0;1;0;0;0;0;1;0;800712,8657;5823415,378;13,42878018;52,47786311
201718;11;3;3400721;2018;6;13;4;3;0;5;0;1;1;0;0;0;0;0;797809,666;5832987,97;13,39473106;52,5652603
201719;11;7;7501032;2018;6;18;4;2;0;5;0;0;1;0;0;0;1;0;799435,2495;5819332,079;13,4063619;52,44196389
201720;11;11;11300826;2018;6;12;7;3;2;2;0;0;1;0;1;0;0;0;804726,3464;5827346,767;13,49128914;52,51087407
201721;11;9;9401433;2018;6;20;4;3;5;3;0;0;1;0;0;0;0;0;812460,2103;5820043,51;13,59804068;52,44105337
201722;11;9;9200715;2018;6;9;7;3;5;3;0;0;1;0;0;0;0;0;808293,1462;5818594,729;13,53559384;52,43043424
201723;11;8;8200832;2018;6;18;4;3;5;2;0;0;1;0;0;0;0;0;801499,5921;5817727,269;13,43519418;52,42644521
201724;11;11;11300721;2018;6;13;4;3;0;2;0;0;1;0;0;0;1;0;804594,897;5829941,049;13,491734;52,53419883
201725;11;11;11401137;2018;6;10;7;3;5;3;0;1;1;0;0;0;0;0;806984,7065;5825775,311;13,52301355;52,49552428
201726;11;10;10400938;2018;6;13;4;3;5;3;0;0;1;0;0;1;0;0;814205,008;5830068,156;13,63307459;52,52988334
201727;11;1;1200517;2018;6;12;4;3;5;2;0;0;1;0;1;0;0;0;793690,3631;5829196,19;13,33077975;52,53350709
201728;11;4;4501152;2018;6;10;7;3;0;3;0;0;1;0;1;0;0;0;794211,4459;5824771,377;13,33452764;52,49356022
201729;11;7;7601339;2018;6;12;4;3;6;7;0;0;0;1;0;0;1;0;795636,6777;5816072,847;13,34775855;52,41481372
201730;11;12;12200515;2018;6;11;7;3;2;6;0;0;1;0;1;0;0;0;790245,4453;5835084,415;13,28528621;52,58814031
201731;11;5;5100312;2018;6;12;7;3;6;4;0;0;1;1;0;0;0;0;784616,474;5830858,264;13,19879629;52,55322357
201732;11;1;1100205;2018;6;12;4;3;2;6;0;0;1;0;0;0;0;0;797134,2929;5827317,45;13,37972524;52,51479979
201733;11;1;1100416;2018;6;13;7;3;5;2;0;1;1;0;0;0;0;0;798676,818;5829457,174;13,40431076;52,5331369
201734;11;5;5300737;2018;6;15;6;3;5;3;0;0;1;0;1;0;0;0;788001,7676;5830197,739;13,24801649;52,54552215
201735;11;1;1100205;2018;6;12;4;3;0;7;0;0;0;0;1;0;0;0;797038,1547;5826582,044;13,37765631;52,50826003
201736;11;1;1200629;2018;6;9;7;3;5;3;0;0;1;0;0;0;0;0;794393,5961;5827610,474;13,33971347;52,51891281
201737;11;4;4501043;2018;6;10;4;3;5;7;0;0;1;0;0;0;0;0;792749,3376;5824456,812;13,31277691;52,49152639
201738;11;1;1100104;2018;6;16;6;3;2;6;0;0;1;0;0;0;0;0;796135,633;5825696,709;13,36360975;52,50081446
201739;11;1;1300733;2018;6;10;4;3;1;5;0;1;1;0;0;0;0;0;797088,4987;5831426,684;13,38272525;52,55165929
201740;11;8;8200831;2018;6;11;7;3;2;6;0;0;1;0;0;0;0;0;799331,5465;5816284,358;13,402113;52,41470168
201741;11;7;7400823;2018;6;10;4;3;2;6;0;0;1;0;1;0;0;0;797326,636;5822158,746;13,37794806;52,46845275
201742;11;2;2300315;2018;6;3;7;2;0;1;1;1;0;0;0;0;0;0;800673,884;5825810,583;13,43036891;52,4993536
201743;11;1;1400939;2018;6;15;7;3;5;3;0;0;0;0;1;0;1;0;795276,622;5831733,399;13,35635302;52,55539396
201744;11;9;9100202;2018;6;9;4;3;9;1;0;1;0;0;0;0;0;0;803157,6487;5824073,722;13,46526626;52,48241225
201745;11;4;4200207;2018;6;17;6;3;5;3;0;1;1;0;0;0;0;0;789215,8558;5824419,914;13,26084703;52,49307926
201746;11;1;1100103;2018;6;14;6;3;5;3;0;1;1;0;0;0;0;0;795334,6613;5826147,03;13,35224376;52,50528534
201747;11;1;1401048;2018;6;8;4;3;2;6;0;0;1;0;0;0;0;0;795230,807;5831399,197;13,355382;52,55242298
201748;11;7;7601545;2018;6;18;6;3;0;2;0;1;1;0;0;0;0;0;800300,9359;5813542,967;13,41386571;52,38959789
201749;11;4;4100101;2018;6;7;4;3;3;6;0;0;1;0;0;0;0;0;792266,368;5830682,995;13,3111541;52,54760127
201750;11;6;6300633;2018;6;8;6;3;0;7;0;1;0;0;0;0;0;0;792979,8654;5817846,727;13,31036044;52,43214486
201751;11;10;10100311;2018;6;6;4;3;3;6;0;0;1;0;0;1;0;0;807611,7904;5830735,291;13,53680721;52,53962257
201752;11;7;7400721;2018;6;12;6;3;5;3;0;1;1;0;0;0;0;0;797836,2656;5822536,387;13,38576531;52,47156029
201753;11;9;9501939;2018;6;20;6;3;6;6;0;0;1;1;0;0;0;0;811043,4002;5821582,07;13,5786964;52,4556489
201754;11;4;4400728;2018;6;4;4;3;1;1;1;0;1;0;0;0;0;0;789800,4564;5823557,108;13,26868332;52,48503392
201755;11;7;7300619;2018;6;18;6;3;5;7;0;1;1;0;0;0;0;0;795350,1708;5821428,105;13,34829052;52,46297513
201756;11;4;4200308;2018;6;1;4;3;1;5;2;0;1;0;0;0;0;0;790388,6242;5827307,521;13,28059123;52,51834427
201757;11;9;9501941;2018;6;17;6;3;3;2;0;0;1;0;1;0;0;0;812054,7199;5821187,989;13,59316339;52,451541
201758;11;9;9502043;2018;6;18;2;2;6;4;0;0;1;1;0;0;0;0;810603,27;5823227,162;13,57377078;52,47064184
201759;11;7;7601544;2018;6;17;6;3;6;7;0;0;1;1;0;0;0;0;799653,0775;5813177,207;13,40404702;52,38667402
201760;11;12;12200414;2018;6;14;4;3;1;5;0;0;1;0;0;0;1;0;791092,5714;5831273,844;13,29441065;52,55352664
201761;11;4;4400726;2018;6;17;6;3;3;6;0;1;1;0;0;0;0;0;790850,3947;5823670,667;13,28420084;52,48549369
201762;11;6;6300629;2018;6;16;6;3;0;2;0;1;1;0;0;0;0;0;791864,063;5819147,303;13,29513047;52,44440102
201763;11;5;5200420;2018;6;7;4;1;5;2;0;1;0;0;0;1;0;0;783581,2157;5828668,533;13,1816985;52,53413012
201764;11;5;5200629;2018;6;19;6;3;2;6;1;0;1;0;0;0;0;0;784656,455;5828477,188;13,19734399;52,53185398
201765;11;1;1100309;2018;6;13;3;3;2;6;0;0;1;0;0;0;0;0;798363,8319;5829036,144;13,39933235;52,52953436
201766;11;1;1300733;2018;6;18;2;2;1;5;0;1;1;0;0;0;0;0;797093,3735;5831442,386;13,38281098;52,55179738
201767;11;4;4501153;2018;6;15;3;3;1;5;0;1;1;0;0;0;0;0;794179,3156;5823791,484;13,33319071;52,48479331
201768;11;2;2400623;2018;6;20;6;3;1;5;1;1;1;0;0;0;0;0;800655,9337;5827462,651;13,43159729;52,51417144
201769;11;1;1200522;2018;6;15;3;3;5;2;0;1;1;0;0;0;0;0;793697,715;5828017,175;13,32984633;52,5229339
201770;11;8;8100417;2018;6;16;6;3;5;2;0;1;1;0;0;0;0;0;802343,7243;5822760,013;13,45212621;52,47108865
201771;11;11;11300620;2018;6;18;2;3;5;2;0;0;1;0;0;0;0;0;803548,8019;5829752,365;13,47618661;52,53309131
201772;11;1;1100101;2018;6;10;6;2;3;6;0;0;1;0;0;0;0;0;795122,5915;5825908,909;13,34891728;52,50326551
201773;11;6;6100101;2018;6;16;6;3;6;4;0;1;0;1;0;0;0;0;793287,4989;5820470,175;13,31717522;52,45549859
201774;11;8;8401244;2018;6;15;3;3;0;6;0;0;1;0;1;0;0;0;805714,8772;5816772,779;13,49612495;52,41555165
201775;11;7;7100102;2018;6;20;6;3;1;5;0;1;1;0;0;0;0;0;795184,2527;5825342,326;13,34932086;52,49815315
201776;11;3;3300517;2018;6;21;3;3;0;1;1;0;0;0;1;0;0;0;804812,0141;5837407,584;13,50178574;52,60099531
201777;11;5;5300736;2018;6;20;3;2;1;7;0;0;1;0;0;0;1;0;786090,0699;5829143,68;13,21899467;52,53707901
201778;11;6;6100102;2018;6;20;6;3;6;4;0;0;1;1;0;0;0;0;793520,2961;5820658,563;13,32075702;52,45706246
201779;11;5;5100314;2018;6;14;3;3;2;2;0;0;1;0;0;0;1;0;784818,0582;5830268,373;13,20125545;52,54782926
201780;11;1;1200623;2018;6;17;2;3;3;6;0;1;1;0;0;0;0;0;795388,4891;5829492,551;13,35600541;52,53524607
201781;11;11;11400929;2018;6;14;3;3;5;3;0;0;1;0;0;0;0;0;804770,6509;5826415,161;13,49108711;52,50249976
201782;11;1;1100416;2018;6;21;6;3;5;3;0;1;1;0;0;0;0;0;798729,8663;5829565,338;13,40518771;52,53407736
201783;11;8;8200726;2018;6;14;3;3;6;7;0;0;1;1;0;0;0;0;801501,8483;5820457,94;13,43769043;52,45091986
201784;11;11;11200513;2018;6;16;2;3;5;2;0;1;1;0;0;0;0;0;804372,3614;5830844,854;13,48929116;52,54242353
201785;11;4;4501040;2018;6;14;3;3;2;6;0;0;1;0;0;0;0;0;792709,8453;5825556,51;13,31316326;52,50140606
201786;11;4;4400727;2018;6;15;6;2;5;3;0;1;1;0;0;0;0;0;790951,5568;5823031,413;13,28512851;52,47970884
201787;11;2;2300314;2018;6;13;3;3;0;5;0;1;1;0;0;0;0;0;799844,2164;5825802,285;13,418176;52,4997357
201788;11;11;11200513;2018;6;15;6;3;3;6;0;0;1;0;1;0;0;0;804455,2927;5830926,525;13,49058511;52,54310918
201789;11;10;10400837;2018;6;16;2;3;5;3;0;0;1;0;1;0;0;0;810766,5627;5826508,938;13,57922649;52,49995865
201790;11;3;3500934;2018;6;12;3;2;6;4;0;0;1;1;0;0;0;0;801053,6803;5831659,43;13,44124188;52,5515684
201791;11;1;1100415;2018;6;15;6;3;0;6;0;1;0;0;0;0;1;0;798215,3263;5829357,078;13,39743756;52,53249237
201792;11;8;8200622;2018;6;14;3;3;3;6;0;0;1;0;1;0;0;0;801247,8808;5821584,114;13,43498058;52,46115412
201793;11;9;9401534;2018;6;13;6;3;5;3;0;1;1;0;0;0;0;0;810883,6217;5820660,769;13,57549502;52,44748348
201794;11;2;2400623;2018;6;15;3;3;5;2;0;0;1;1;1;0;0;0;801051,8871;5827067,481;13,43705707;52,51041106
201795;11;1;1300733;2018;6;14;6;3;1;5;0;1;1;0;0;0;0;0;797048,8428;5831564,778;13,38226564;52,55291877
201796;11;2;2200207;2018;6;16;3;3;3;6;0;0;1;0;1;0;0;0;796819,582;5826051,147;13,37397193;52,50362005
201797;11;4;4300622;2018;6;16;2;3;8;1;0;1;0;0;0;0;0;0;793527,831;5826085,028;13,32564517;52,50570459
201798;11;4;4200308;2018;6;13;6;3;3;6;0;0;1;0;0;1;0;0;788908,8233;5827616,443;13,2591116;52,52189986
201799;11;4;4501040;2018;6;16;3;3;5;5;0;1;1;0;0;0;0;0;792711,1123;5825612,928;13,31323146;52,50191115
201800;11;4;4200310;2018;6;12;6;3;2;6;0;0;1;0;1;0;0;0;789223,44;5826009,036;13,26233856;52,50732222
201801;11;4;4501041;2018;6;16;2;3;5;7;0;0;1;0;0;0;0;0;793133,7619;5825598,719;13,31942767;52,50155688
201802;11;3;3400829;2018;6;17;3;3;2;2;0;0;1;0;0;0;0;0;800024,289;5832903,103;13,42722949;52,56328373
201803;11;6;6200311;2018;6;13;6;3;0;6;0;0;1;0;1;0;0;0;795875,1383;5819157,438;13,35398342;52,44233623
201804;11;4;4501041;2018;6;16;3;3;0;6;0;0;1;0;0;0;1;0;792747,1865;5825472,325;13,31363779;52,50063133
201805;11;7;7400927;2018;6;15;6;2;3;6;0;1;0;0;1;0;0;0;798109,966;5821903,181;13,38921707;52,46573503
201806;11;1;1300835;2018;6;16;2;3;5;2;0;1;1;0;0;0;0;0;797704,2115;5829652,901;13,39018978;52,53542344
201807;11;7;7501031;2018;6;14;6;3;6;7;0;0;1;1;0;0;0;0;799193,9472;5820000,827;13,40342124;52,44809043
201808;11;6;6400737;2018;6;17;3;3;5;2;0;1;1;0;0;0;0;0;784496,1589;5817237,853;13,18539586;52,43116391
201809;11;4;4300416;2018;6;16;6;2;0;1;0;0;0;0;1;0;0;0;791488,0557;5826006,763;13,2956091;52,50609658
201810;11;9;9100305;2018;6;17;3;3;5;2;0;1;0;0;0;1;0;0;805008,8506;5822691,438;13,49117814;52,46899258
201811;11;10;10100313;2018;6;21;6;2;5;2;1;0;1;0;0;0;0;0;808490,5867;5831148,601;13,55010753;52,54282981
201812;11;10;10300732;2018;6;17;3;3;5;3;0;1;1;0;0;0;0;0;810131,21;5829594,425;13,57277227;52,5279708
201813;11;9;9501736;2018;6;18;6;3;2;6;0;0;1;0;0;0;1;0;813055,1619;5821431,122;13,60806525;52,4531478
201814;11;11;11400929;2018;6;14;2;3;2;6;0;0;1;0;0;0;0;0;804687,0227;5826326,794;13,48977803;52,50175447
201815;11;8;8100314;2018;6;17;6;3;0;4;0;0;1;1;1;0;0;0;800338,3094;5824328,392;13,42410423;52,48625294
201816;11;1;1300836;2018;6;18;3;2;5;3;0;1;1;0;0;0;0;0;796938,7441;5830135,083;13,37936833;52,54016324
201817;11;6;6200311;2018;6;15;6;3;0;6;0;0;1;0;1;0;1;0;795832,6463;5819060,741;13,35327448;52,44149239
201818;11;12;12400617;2018;6;16;6;3;5;3;0;0;1;0;0;0;0;0;785499,9486;5837386,524;13,21741533;52,61129181
201819;11;4;4500936;2018;6;12;3;3;5;2;0;1;0;0;0;0;1;0;792288,7741;5825378,206;13,30682121;52,50003331
201820;11;5;5200629;2018;6;16;6;3;0;2;0;0;1;0;0;0;1;0;784550,995;5828171,701;13,19553198;52,52917005
201821;11;6;6200420;2018;6;15;6;3;0;3;0;1;0;0;0;0;1;0;792714,4653;5816242,783;13,30506423;52,41790772
201822;11;9;9300920;2018;6;11;3;3;1;7;0;1;1;0;0;0;0;0;808735,8384;5817572,204;13,54114078;52,42102068
201823;11;6;6400838;2018;6;14;6;3;5;3;0;0;1;0;0;0;0;0;787438,5601;5818672,83;13,2297899;52,44249148
201824;11;6;6200313;2018;6;14;6;3;1;1;0;0;1;0;1;0;0;0;795388,0629;5818316,94;13,34609541;52,43506499
201825;11;2;2200210;2018;6;11;3;2;3;6;0;1;1;0;0;0;0;0;798411,8868;5825281,277;13,39667166;52,49585066
201826;11;6;6200317;2018;6;17;6;3;5;3;0;0;1;0;0;0;0;0;795629,4751;5816597,827;13,34811671;52,41952375
201827;11;5;5300735;2018;6;11;3;3;3;2;0;0;1;0;0;1;0;0;786537,7008;5831590,615;13,22768775;52,55878219
201828;11;8;8100206;2018;6;16;6;3;6;4;0;0;1;1;0;0;0;0;800537,6125;5823755,661;13,42651419;52,48100967
201829;11;3;3601450;2018;6;14;2;3;5;2;0;1;1;0;0;0;0;0;802328,8842;5829223,813;13,45777609;52,52903194
201830;11;3;3500933;2018;6;19;6;3;5;3;0;0;1;0;0;0;0;0;802176,1793;5832404,621;13,45842526;52,55762592
201831;11;4;4501041;2018;6;11;3;3;5;3;0;0;1;0;0;0;0;0;793133,7953;5825599,988;13,31942928;52,50156824
201832;11;1;1100311;2018;6;15;6;3;0;1;0;0;0;0;1;0;0;0;800231,129;5828426,221;13,42622568;52,52304224
201833;11;1;1100310;2018;6;7;6;3;3;6;0;1;0;0;0;0;0;0;799123,635;5828465,621;13,40998628;52,52400409
201834;11;3;3500933;2018;6;13;6;3;0;6;0;0;1;0;1;0;0;0;802400,1723;5832547,359;13,4618493;52,55878093
201835;11;12;12200412;2018;6;10;3;3;6;4;0;0;1;1;0;0;0;0;790944,0421;5833823,332;13,29446199;52,57646176
201836;11;4;4300623;2018;6;13;6;3;5;2;0;1;1;0;0;0;0;0;792737,3592;5826592,507;13,31447841;52,51067869
201837;11;1;1100312;2018;6;10;3;3;3;6;0;0;1;0;1;0;0;0;799484,7804;5826631,128;13,41364232;52,50736242
201838;11;5;5200631;2018;6;13;2;2;6;4;0;0;1;1;0;0;0;0;784759,9393;5827249,63;13,19781414;52,52079364
201839;11;2;2100101;2018;6;10;3;3;5;2;0;0;1;0;0;0;0;0;797377,924;5826178,546;13,38228739;52,50445802
201840;11;1;1401049;2018;6;12;6;3;5;3;0;1;1;0;0;0;0;0;795931,9602;5831408,203;13,36570117;52,55212321
201841;11;2;2400521;2018;6;9;3;3;2;2;0;0;1;0;0;0;0;0;800485,7368;5828469,319;13,43000604;52,52328829
201842;11;12;12200309;2018;6;12;6;3;5;7;0;1;0;0;0;0;0;0;793341,5653;5832787,59;13,32882496;52,5658899
201843;11;1;1100103;2018;6;13;2;3;3;6;0;0;1;0;0;0;1;0;795228,4564;5825975,308;13,35053129;52,50380345
201844;11;12;12400616;2018;6;7;3;2;1;5;0;1;1;0;0;0;0;0;786653,9295;5833207,4;13,23079465;52,57321642
201845;11;3;3100101;2018;6;12;6;2;0;7;0;0;1;0;0;0;0;0;801115,7082;5839087,507;13,44890354;52,6181119
201846;11;12;12601236;2018;6;8;3;3;1;5;0;1;1;0;0;0;0;0;795008,6281;5836100,322;13,35629705;52,59468475
201847;11;3;3200308;2018;6;12;6;3;2;2;0;0;1;0;0;0;1;0;799260,278;5837647,445;13,42027652;52,60622927
201848;11;3;3300411;2018;6;12;6;3;1;5;0;0;1;0;1;0;0;0;803622,721;5839004,135;13,48574447;52,61596975
201849;11;4;4501153;2018;6;13;3;2;0;1;0;0;0;0;1;0;0;0;793867,7906;5823094,564;13,32800195;52,47871349
201850;11;1;1200626;2018;6;12;6;2;5;2;0;1;1;0;0;0;0;0;794549,7433;5828212,47;13,3425412;52,52422498
201851;11;1;1100309;2018;6;12;3;3;0;1;0;0;0;0;1;0;0;0;798241,0107;5828404,472;13,3969606;52,52393947
201852;11;10;10400835;2018;6;8;3;3;0;1;0;0;0;0;1;0;0;0;811464,7396;5828131,616;13,59099656;52,51410197
201853;11;2;2400625;2018;6;11;6;3;2;6;0;0;1;0;0;0;0;0;800937,0306;5826832,113;13,43515698;52,50836478
201854;11;2;2500726;2018;6;18;3;3;2;6;0;0;1;0;0;0;0;0;801954,5657;5829029,481;13,45209848;52,52749761
201855;11;5;5300736;2018;6;8;3;3;2;6;0;0;1;0;0;0;1;0;786709,1554;5829277,997;13,22821328;52,53795789
201856;11;7;7400826;2018;6;11;6;3;5;2;0;1;1;0;0;0;0;0;797372,26;5820506,774;13,37714602;52,45361964
201857;11;3;3400618;2018;6;7;3;3;0;1;0;0;0;0;1;0;0;0;796313,042;5836462,776;13,37582226;52,5972246
201858;11;7;7400721;2018;6;10;6;3;5;3;0;1;1;0;0;0;0;0;797387,713;5822614,662;13,37925094;52,47250631
201859;11;7;7200307;2018;6;9;6;3;1;1;0;0;1;0;0;0;0;0;794974,6904;5824155,392;13,34519191;52,48762639
201860;11;8;8301036;2018;6;7;3;3;5;3;0;1;1;0;0;0;0;0;803326,9419;5817312,471;13,46161099;52,42171742
201861;11;1;1300732;2018;6;7;3;2;6;4;0;0;1;1;0;0;0;0;797710,8594;5832892,651;13,39319212;52,56445994
201862;11;10;10100205;2018;6;6;3;3;0;2;0;1;1;0;0;0;0;0;806962,4877;5832574,556;13,52896351;52,55647225
201863;11;1;1300836;2018;6;9;6;3;5;2;0;1;1;0;0;0;0;0;796537,2475;5829873,192;13,37323193;52,53803431
201864;11;1;1100102;2018;6;6;3;3;5;2;0;1;1;0;0;0;0;0;796583,0934;5826874,714;13,37123177;52,51113111
201865;11;9;9200716;2018;6;6;3;2;8;1;0;1;0;0;0;0;0;0;808813,9827;5819289,696;13,5438721;52,43636881
201866;11;6;6300527;2018;6;9;6;3;5;2;0;1;0;0;0;1;0;0;790017,8903;5817505,302;13,26661917;52,43066228
201867;11;11;11501341;2018;6;18;3;1;5;2;0;1;0;0;0;0;1;0;805667,6788;5824354,684;13,5023711;52,48353116
201868;11;6;6300528;2018;6;16;2;3;5;2;0;1;1;0;0;0;0;0;790040,4878;5815963,628;13,26561393;52,41682862
201869;11;1;1300834;2018;6;8;6;3;2;6;0;0;1;0;0;0;0;0;798022,305;5830085,094;13,39525325;52,53912363
201870;11;1;1400942;2018;6;15;2;2;3;6;0;0;1;0;1;0;0;0;794647,232;5830522,672;13,34602207;52,5448816
201871;11;10;10100210;2018;6;7;6;3;5;3;0;0;1;0;0;0;0;0;808829,9745;5831804,455;13,55570595;52,54851513
201872;11;11;11401136;2018;6;7;6;2;0;6;0;1;0;0;0;0;1;0;806017,14;5826447,234;13,50942311;52,50208961
201873;11;12;12100205;2018;6;13;2;3;2;6;0;0;1;0;0;0;0;0;794018,1526;5835329,638;13,34103267;52,58831254
201874;11;9;9301126;2018;6;15;6;3;3;6;0;0;1;0;1;0;0;0;810640,595;5817393,818;13,56889551;52,41834424
201875;11;2;2200210;2018;6;18;2;3;5;2;0;1;0;0;0;1;0;0;798287,6396;5824774,458;13,39439314;52,49137558
201876;11;10;10400941;2018;6;6;6;3;5;3;0;0;1;0;1;0;0;0;813237,5393;5826237,947;13,61525431;52,49611769
201877;11;12;12200310;2018;6;8;2;3;5;2;0;1;1;0;0;0;0;0;792185,2419;5832955,314;13,31196154;52,56801533
201878;11;3;3100102;2018;6;6;6;3;5;3;0;0;1;0;0;0;0;0;805467,7833;5840998,421;13,51475437;52,63280881
201879;11;2;2400623;2018;6;12;6;3;2;7;0;1;1;0;0;0;0;0;801051,8226;5827067,304;13,43705597;52,51040951
201880;11;4;4300621;2018;6;7;6;3;5;2;0;1;1;0;0;0;0;0;792749,113;5826773,332;13,31481017;52,51229342
201881;11;12;12500825;2018;6;20;2;2;0;2;0;0;1;0;1;0;0;0;792562,669;5835169,046;13,31946794;52,58765767
201882;11;3;3300516;2018;6;7;6;3;5;2;0;1;1;0;0;0;0;0;801176,8707;5833193,357;13,44444522;52,56524897
201883;11;12;12100204;2018;6;22;2;2;1;1;2;0;1;0;0;0;0;0;795054,3795;5832512,245;13,35377689;52,56249609
201884;11;4;4501042;2018;6;6;6;2;5;2;0;1;1;0;0;0;0;0;793976,9763;5826178,331;13,33232596;52,50629918
201885;11;1;1200517;2018;6;22;2;3;0;1;2;0;0;0;1;0;0;0;793589,0507;5829824,644;13,32984563;52,53919542
201886;11;10;10200418;2018;6;0;6;2;9;1;2;0;0;0;1;0;0;0;810918,6343;5831646,017;13,58626157;52,54590733
201887;11;6;6200312;2018;6;18;5;3;5;2;0;0;1;0;0;0;0;0;794832,7927;5819321,595;13,33883735;52,4443708
201888;11;4;4500938;2018;6;21;2;3;6;4;1;0;1;1;0;0;0;0;791158,1952;5824747,526;13,28966186;52,49498368
201889;11;1;1200626;2018;6;23;5;3;2;7;2;1;0;0;0;0;0;0;794532,6392;5828104,084;13,34219383;52,52326261
201890;11;7;7400927;2018;6;14;6;3;5;2;0;0;1;0;1;0;0;0;799128,5582;5821712,269;13,40399515;52,46346706
201891;11;5;5200527;2018;6;20;2;3;0;1;0;0;0;0;1;0;0;0;783111,6176;5827381,408;13,1736977;52,52283354
201892;11;1;1100308;2018;6;18;5;3;5;3;0;1;1;0;0;0;0;0;796679,2277;5828759,029;13,37432471;52,52796976
201893;11;5;5200423;2018;6;20;2;3;1;5;0;1;1;0;0;0;0;0;781375,3723;5828385,617;13,1490246;52,53273666
201894;11;11;11501339;2018;6;8;5;3;3;6;0;1;0;0;0;0;0;0;806367,5215;5824930,132;13,51317373;52,48829631
201895;11;5;5100314;2018;6;20;2;3;6;4;0;0;1;1;0;0;0;0;785176,0691;5829755,401;13,20608044;52,54304271
201896;11;7;7100205;2018;6;11;5;3;0;6;0;0;1;0;0;0;1;0;796286,5676;5824921,49;13,36513722;52,4937834
201897;11;12;12500928;2018;6;6;6;3;5;2;0;0;1;0;0;0;0;0;792417,4842;5837691,338;13,31955867;52,61034681
201898;11;4;4300622;2018;6;16;3;3;5;2;0;0;1;0;1;0;0;0;793790,2702;5826937,692;13,33025329;52,51320704
201899;11;5;5100316;2018;6;16;3;3;6;7;0;1;0;1;0;0;0;0;785189,4096;5829103,709;13,2057172;52,53719272
201900;11;4;4400834;2018;6;12;6;3;5;5;0;1;0;0;0;0;1;1;792726,794;5823130,04;13,31128059;52,47964431
201901;11;4;4501042;2018;6;16;3;3;3;6;0;1;1;0;0;0;0;0;794432,8883;5825864,425;13,33874619;52,50323935
201902;11;12;12200309;2018;6;11;6;3;2;6;0;0;1;0;0;0;1;1;793253,0827;5832492,403;13,32726236;52,56329139
201903;11;12;12500930;2018;6;10;6;3;5;2;0;0;1;0;0;0;0;1;792354,1331;5834072,136;13,31543093;52,57793649
201904;11;2;2300316;2018;6;16;3;3;5;2;0;0;1;0;1;0;0;0;800833,7838;5826470,365;13,4333134;52,50517928
201905;11;11;11501341;2018;6;10;6;3;5;3;0;0;1;0;0;0;0;0;806610,4626;5824264,62;13,51612833;52,48219542
201906;11;6;6400841;2018;6;16;3;3;5;3;0;1;1;0;0;0;0;0;789823,6883;5818650,967;13,26476404;52,44103652
201907;11;7;7100205;2018;6;13;1;2;5;3;0;0;1;1;0;0;1;1;796035,901;5825347,385;13,36183431;52,4977372
201908;11;2;2200208;2018;6;10;6;3;5;3;0;0;0;0;1;0;1;0;797266,8367;5824989,889;13,37959462;52,49386354
201909;11;8;8100310;2018;6;16;3;3;4;6;0;1;1;0;0;0;0;0;800437,7252;5825127,053;13,42628396;52,49335693
201910;11;4;4300622;2018;6;8;6;3;5;3;0;0;1;0;1;0;0;0;792916,931;5826772,084;13,31727491;52,51219213
201911;11;4;4500936;2018;6;8;6;3;3;6;0;0;1;0;0;0;1;0;792146,539;5825307,921;13,30467018;52,49947939
201912;11;4;4501146;2018;6;16;3;3;5;2;0;1;1;0;0;0;0;0;793297,2433;5823599,755;13,32006948;52,48354907
201913;11;6;6300528;2018;6;8;6;3;5;2;0;1;1;0;0;0;0;0;790850,2534;5817574,518;13,27888772;52,43084091
201914;11;11;11401137;2018;6;8;6;3;6;7;0;0;1;1;0;0;0;0;806749,2677;5826141,435;13,51989355;52,49893792
201915;11;1;1401046;2018;6;16;3;3;0;6;0;0;0;0;1;0;1;0;794877,2149;5830203,412;13,34912027;52,54189526
201916;11;1;1200522;2018;6;8;6;3;5;2;0;1;1;0;0;0;0;0;794219,9005;5828302,539;13,33777317;52,52521048
201917;11;9;9100305;2018;6;16;3;2;5;2;0;0;1;0;0;0;0;0;805020,1602;5822708,997;13,49136016;52,46914364
201918;11;6;6200311;2018;6;5;6;3;0;6;0;0;0;0;1;0;1;0;795874,3261;5819141,439;13,35395734;52,44219324
201919;11;12;12200309;2018;6;22;6;3;5;2;2;0;1;0;0;0;0;0;793217,2709;5832406,261;13,32665943;52,56253846
201920;11;3;3601452;2018;6;17;3;3;3;7;0;1;0;0;0;0;0;0;802077,35;5829108,647;13,45397482;52,52813915
201921;11;12;12200515;2018;6;21;6;3;5;3;2;0;1;0;1;0;0;0;790505,0835;5835040,509;13,28906942;52,5876081
201922;11;3;3400828;2018;6;19;7;2;5;2;0;0;1;0;1;0;0;0;799828,9747;5831980,628;13,42352335;52,55512291
201923;11;7;7501133;2018;6;16;3;3;2;6;0;0;1;0;0;0;0;0;798708,498;5817579,168;13,39413537;52,42664855
201924;11;2;2400623;2018;6;12;1;3;5;3;0;1;1;0;0;0;0;1;801242,5117;5827686,697;13,44041796;52,51585596
201925;11;1;1100309;2018;6;17;7;3;5;3;0;1;0;0;0;0;1;0;797992,7361;5828907,815;13,39376307;52,52858704
201926;11;9;9501737;2018;6;21;6;3;5;3;1;0;1;0;0;0;0;0;814216,4302;5821995,555;13,62562945;52,45753943