OBJECTID;LAND;BEZ;LOR_ab_2021;UJAHR;UMONAT;USTUNDE;UWOCHENTAG;UKATEGORIE;UART;UTYP1;ULICHTVERH;IstRad;IstPKW;IstFuss;IstKrad;IstGkfz;IstSonstig;USTRZUSTAND;LINREFX;LINREFY;XGCSWGS84;YGCSWGS84
201927;11;10;10100312;2018;6;17;3;3;5;2;0;1;1;0;0;0;0;0;808461,0301;5829283,092;13,54794181;52,52612823
201928;11;4;4500936;2018;6;21;6;3;5;2;2;0;1;0;0;0;0;0;792305,2186;5825383,575;13,30706749;52,50007263
201929;11;1;1401045;2018;6;9;6;2;3;6;0;0;0;0;1;1;0;0;796766,2801;5831912,199;13,3784209;52,55618702
201930;11;1;1100103;2018;6;14;3;3;5;2;0;0;1;0;0;0;0;0;795327,698;5826172,709;13,35216424;52,5055193
201931;11;12;12500825;2018;6;9;6;2;6;4;0;0;0;1;0;0;1;1;791387,4768;5834231,718;13,30134621;52,57988558
201932;11;12;12500824;2018;6;9;2;3;2;6;0;0;1;0;1;0;0;0;790205,2582;5835860,8;13,28537489;52,59512197
201933;11;3;3500935;2018;6;21;6;3;1;5;0;1;1;0;0;0;0;0;801820,6837;5831563,389;13,45243258;52,55028314
201934;11;9;9501939;2018;6;14;3;2;6;4;0;0;0;1;1;0;0;0;811026,1279;5821821,358;13,57866592;52,45780313
201935;11;1;1300834;2018;6;19;6;2;3;6;0;0;1;0;1;0;0;0;797736,6486;5830627,888;13,39154028;52,54414523
201936;11;2;2200213;2018;6;13;3;3;2;6;0;1;1;0;0;0;0;0;800152,7958;5825092,399;13,42206853;52,49320307
201937;11;2;2100101;2018;6;12;3;3;6;4;0;0;1;1;0;0;0;0;797250,1738;5826322,438;13,38053926;52,50581747
201938;11;9;9401534;2018;6;18;6;3;5;3;0;1;1;0;0;0;0;0;810883,6856;5820660,769;13,57549596;52,44748345
201939;11;4;4200310;2018;6;12;3;2;6;4;0;0;1;1;0;0;0;0;789341,058;5826208,798;13,26424034;52,50905077
201940;11;1;1100309;2018;6;12;3;3;5;3;0;1;0;0;0;0;0;0;798558,4409;5828379,692;13,40160322;52,52354363
201941;11;4;4200311;2018;6;18;6;2;3;6;0;0;1;0;1;0;0;0;790394,9892;5825617,458;13,27921012;52,50318933
201942;11;3;3300516;2018;6;18;6;3;2;6;0;0;1;0;1;0;0;0;800945,5188;5833304,022;13,44114272;52,5663688
201943;11;11;11200410;2018;6;12;3;3;5;3;0;0;1;0;1;0;0;0;805291,4485;5832045,648;13,50390544;52,5526713
201944;11;2;2300417;2018;6;18;6;3;5;2;0;1;1;0;0;0;0;0;800078,585;5825636,823;13,42146916;52,49812377
201945;11;1;1401047;2018;6;12;3;3;5;3;0;0;1;0;0;0;1;0;795569,1754;5830492,357;13,35955096;52,54411048
201946;11;8;8100417;2018;6;10;1;3;2;6;0;0;1;0;0;0;0;1;802603,269;5823076,336;13,4562225;52,47378016
201947;11;9;9200511;2018;6;11;3;3;5;2;0;0;1;0;0;0;0;0;806867,2697;5821981,83;13,51779828;52,46159221
201948;11;1;1200520;2018;6;16;6;2;6;4;0;1;0;1;0;0;0;0;794561,3006;5828751,411;13,34318848;52,52904997
201949;11;6;6100206;2018;6;11;3;3;0;5;0;0;1;0;1;0;0;0;795117,5215;5819578,403;13,34324128;52,44651934
201950;11;2;2100102;2018;6;11;3;3;5;3;0;1;1;0;0;0;0;0;798334,3846;5825630,75;13,39584643;52,49902561
201951;11;1;1100102;2018;6;16;6;3;3;6;0;0;1;0;1;0;0;0;795079,735;5827225,102;13,34945455;52,5150874
201952;11;2;2300419;2018;6;11;3;3;1;5;0;1;1;0;0;0;0;0;801558,0743;5825966,821;13,44349624;52,50026612
201953;11;3;3601142;2018;6;1;6;3;9;1;2;1;0;0;0;0;0;0;798597,5839;5830271,207;13,40387755;52,54047695
201954;11;1;1100104;2018;6;10;3;3;1;5;0;0;1;0;0;0;1;0;796379,5049;5826116,646;13,36756569;52,5044464
201955;11;5;5200524;2018;6;7;6;3;0;1;0;1;0;0;0;0;0;0;780790,4245;5827988,346;13,14008816;52,52947614
201956;11;5;5100209;2018;6;9;3;3;2;6;0;0;1;0;0;0;0;0;783666,8911;5830170,255;13,18424048;52,54755021
201957;11;7;7200410;2018;6;15;1;3;5;2;0;0;1;0;0;0;0;1;795557,8678;5823675,929;13,35333048;52,48301297
201958;11;9;9100304;2018;6;13;6;3;6;4;0;0;1;1;0;0;0;0;804759,3636;5822303,386;13,48716233;52,46565382
201959;11;6;6100103;2018;6;10;3;3;5;5;0;1;1;0;0;0;0;0;793901,4417;5820976,963;13,3266306;52,45971197
201960;11;7;7400823;2018;6;16;6;3;3;6;0;0;0;0;1;1;0;1;797288,432;5821355,837;13,37667207;52,46127626
201961;11;7;7200409;2018;6;9;3;3;1;5;0;1;1;0;0;0;0;0;795770,0598;5824291,634;13,35699244;52,48841738
201962;11;11;11400927;2018;6;18;1;3;1;5;0;0;1;0;0;0;0;1;803614,1375;5826530,145;13,47420619;52,50417505
201963;11;8;8300934;2018;6;8;3;3;5;2;0;0;1;0;0;0;0;0;803160,2796;5818438,18;13,46018794;52,43189957
201964;11;2;11501238;2018;6;16;6;3;0;1;0;0;0;0;1;0;0;0;803274,8367;5826016,953;13,46875525;52,49976409
201965;11;1;1100207;2018;6;8;3;3;0;5;0;1;1;0;0;0;1;0;798756,0927;5826895,592;13,40317517;52,51013249
201966;11;7;7200413;2018;6;17;7;3;4;6;0;0;1;0;0;0;0;1;796384,8143;5823242,525;13,36508712;52,47867965
201967;11;4;4400726;2018;6;8;3;3;5;3;0;1;1;0;0;0;0;0;790855,5935;5823646,646;13,28425623;52,48527557
201968;11;3;3601243;2018;6;15;6;3;2;6;0;0;1;0;0;0;0;0;799573,7615;5831767,009;13,41957748;52,55334861
201969;11;4;4400727;2018;6;8;3;3;2;6;0;0;1;0;0;0;0;0;790877,8562;5822910,359;13,28394074;52,47866284
201970;11;4;4500938;2018;6;14;6;3;6;7;0;0;1;1;0;0;0;0;791506,7741;5824897,324;13,29491293;52,49614054
201971;11;7;7200308;2018;6;14;6;3;1;5;0;1;1;0;0;0;0;0;794712,8627;5823868,665;13,34109349;52,48519745
201972;11;3;3701555;2018;6;8;3;3;5;3;0;1;1;0;0;0;0;0;799595,4127;5829903,551;13,4182151;52,53663383
201973;11;7;7300516;2018;6;13;6;3;1;5;0;1;1;0;0;0;0;1;794179,0045;5821924,724;13,33153945;52,46805887
201974;11;2;2100102;2018;6;18;7;2;6;4;0;0;1;1;0;0;0;0;798004,9929;5825936,24;13,39128183;52,50194392
201975;11;8;8100209;2018;6;8;3;3;5;7;0;1;1;0;0;0;0;0;801809,997;5821967,979;13,44357617;52,46428463
201976;11;4;4501146;2018;6;11;1;3;6;2;0;0;1;1;0;0;0;1;792466,666;5824009,503;13,3082328;52,48766789
201977;11;4;4300416;2018;6;17;7;3;5;3;0;0;1;0;0;0;0;0;791471,2284;5825793,94;13,29517556;52,50419762
201978;11;2;2200209;2018;6;7;3;3;2;6;0;1;1;0;0;0;0;0;797033,8381;5824294,041;13,37555247;52,48775282
201979;11;4;4501045;2018;6;13;6;3;5;7;0;1;1;0;0;0;0;0;794198,4679;5825052,231;13,33458506;52,49608492
201980;11;10;10100311;2018;6;19;7;3;5;2;0;0;1;0;1;0;0;1;806552,2818;5829129,18;13,51975284;52,5258254
201981;11;7;7100102;2018;6;7;3;3;1;5;0;1;1;0;0;0;0;0;795376,4192;5825317,912;13,35212177;52,49783032
201982;11;9;9200819;2018;6;13;6;3;5;3;0;0;0;0;0;0;1;0;810696,9191;5819289,938;13,57148229;52,43530471
201983;11;4;4300415;2018;6;7;3;3;2;6;0;0;1;0;1;0;0;0;791169,9968;5826049,788;13,29097385;52,50665213
201984;11;5;5100211;2018;6;13;6;2;5;2;0;0;1;0;1;0;0;1;781908,5108;5829570,001;13,15786839;52,54308089
201985;11;1;1400937;2018;6;13;6;3;5;3;0;0;1;0;0;0;0;0;794122,7864;5831523,788;13,3391974;52,55413931
201986;11;7;7300619;2018;6;7;3;3;5;3;0;1;1;0;0;0;0;0;795356,0213;5822234,997;13,34909059;52,47020522
201987;11;7;7601237;2018;6;15;5;3;5;3;0;1;0;0;0;0;1;0;797318,9791;5817096,756;13,37333094;52,42308099
201988;11;4;4501041;2018;6;14;5;3;5;3;0;1;1;0;0;0;0;1;793129,5584;5825593,25;13,31936111;52,50151011
201989;11;12;12500824;2018;6;6;3;3;0;6;0;0;1;0;1;0;0;1;790168,9282;5835931,597;13,28490208;52,59577604
201990;11;1;1100310;2018;6;15;5;3;0;5;0;1;0;0;0;0;1;0;798498,8574;5828173,886;13,4005429;52,52173148
201991;11;2;2300418;2018;6;18;7;3;4;6;0;0;1;0;0;0;0;0;801215,5939;5825397,457;13,43795132;52,49535193
201992;11;1;1300732;2018;6;22;3;3;6;4;2;1;0;1;0;0;0;0;797278,2307;5832202,073;13,38620969;52,55850617
201993;11;4;4200206;2018;6;23;7;3;5;3;2;0;1;0;0;0;1;1;786925,0587;5825815,844;13,228401;52,50680381
201994;11;8;8100521;2018;6;23;5;3;6;4;2;0;1;1;0;0;0;0;803737,0139;5822199,36;13,47206484;52,46529073
201995;11;1;1100104;2018;6;21;3;3;5;2;1;1;1;0;0;0;0;0;796254,1249;5825960,37;13,36558482;52,50311363
201996;11;2;2400521;2018;6;21;5;3;0;1;1;1;0;0;0;0;0;0;800476,5799;5828214,737;13,42964149;52,52101144
201997;11;1;1100310;2018;6;20;5;3;5;3;1;1;1;0;0;0;0;0;799325,3067;5828614,767;13,4130842;52,52523028
201998;11;7;7100103;2018;6;19;3;3;3;6;0;1;1;0;0;0;0;0;795884,2465;5825168,575;13,35944801;52,49621656
201999;11;1;1300836;2018;6;20;5;3;6;4;0;0;1;1;0;0;0;0;796605,4279;5829814,865;13,37418219;52,53747436
202000;11;7;7601442;2018;6;8;2;3;5;3;0;0;1;0;0;0;0;1;799169,947;5815011,724;13,39860692;52,40338237
202001;11;11;11401136;2018;6;19;5;3;6;4;0;1;0;1;0;0;0;0;805771,2462;5825899,214;13,50530871;52,49731589
202002;11;1;1100206;2018;6;19;3;3;5;2;0;1;1;0;0;0;0;0;797767,5479;5827349,592;13,38905839;52,51474255
202003;11;10;10200422;2018;6;18;5;3;5;3;0;1;1;0;0;0;0;0;812129,6757;5831346,982;13,60378172;52,54253523
202004;11;4;4400835;2018;6;13;2;3;6;4;0;0;1;1;0;0;0;0;792980,0186;5822542,418;13,31448235;52,47424064
202005;11;5;5200420;2018;6;18;5;3;3;6;0;1;1;0;0;0;0;0;781880,9197;5829077,058;13,15704436;52,53867522
202006;11;4;4500937;2018;6;18;3;3;1;5;0;1;1;0;0;0;0;0;791314,4578;5825030,123;13,29220422;52,49743377
202007;11;1;1100309;2018;6;17;5;3;5;2;0;1;1;0;0;0;0;0;798636,1165;5828816,181;13,40313669;52,52741361
202008;11;11;11200411;2018;6;17;3;3;5;5;0;0;1;0;1;0;0;0;804883,6103;5831341,396;13,49726226;52,54658793
202009;11;8;8100314;2018;6;17;3;3;1;5;0;1;1;0;0;0;0;0;801421,4503;5823867,638;13,43959078;52,48152621
202010;11;2;2400624;2018;6;17;5;3;5;3;0;1;1;0;0;0;0;0;801932,6735;5827696,998;13,45056721;52,51556666
202011;11;2;2100104;2018;6;16;5;3;2;2;0;0;1;0;0;0;0;0;799348,2365;5826190,359;13,41124018;52,50348651
202012;11;6;6400844;2018;6;12;3;3;8;1;0;0;1;0;0;0;0;0;790199,6732;5819872,611;13,27134119;52,45178952
202013;11;9;9501737;2018;6;19;5;3;5;3;0;0;1;0;0;0;0;0;814405,104;5820801,855;13,62727345;52,44673427
202014;11;9;9200511;2018;6;15;3;2;0;1;0;1;0;0;0;0;0;0;806626,9313;5822054,098;13,51433826;52,46237481
202015;11;1;1100310;2018;6;22;1;3;5;3;2;1;1;0;0;0;0;1;799336,4685;5827710,789;13,41243472;52,51712136
202016;11;2;2100101;2018;6;22;7;3;2;6;2;0;1;0;0;0;0;1;797873,589;5825498,745;13,38896038;52,49809405
202017;11;1;1200520;2018;6;22;7;2;5;3;2;0;1;0;0;0;0;1;794576,822;5828732,651;13,3434;52,52887341
202018;11;1;1100416;2018;6;13;3;3;0;1;0;1;0;0;0;0;0;0;798730,2985;5829566,216;13,40519486;52,534085
202019;11;2;2500831;2018;6;16;5;3;5;3;0;0;1;0;1;0;0;0;802945,7744;5827202,38;13,46500113;52,5105717
202020;11;9;9401432;2018;6;16;3;3;0;1;0;1;0;0;0;0;0;0;812134,9234;5820306,23;13,59351598;52,44359345
202021;11;11;11100308;2018;6;17;2;3;6;7;0;0;1;1;0;0;0;0;805071,014;5833551,14;13,50204818;52,56628754
202022;11;12;12400723;2018;6;16;5;3;5;2;0;1;1;0;0;0;0;1;791958,0121;5838049,951;13,3131088;52,61380861
202023;11;3;3601245;2018;6;8;2;3;5;2;0;1;1;0;0;0;0;0;800874,0394;5831067,314;13,43806394;52,54636044
202024;11;10;10300734;2018;6;13;2;3;6;4;0;0;1;1;0;0;0;0;809711,7146;5826226,793;13,56347433;52,49802982
202025;11;11;11200410;2018;6;15;5;2;5;2;0;1;0;0;0;0;1;1;806123,7528;5832009,863;13,51610986;52,55188346
202026;11;10;10400939;2018;6;6;2;3;2;6;0;1;1;0;0;0;0;0;813717,2838;5827360,325;13,62335515;52,50589969
202027;11;6;6200421;2018;6;15;5;3;5;3;0;0;1;0;1;0;0;1;793541,7251;5817921,916;13,31866714;52,43251769
202028;11;1;1100311;2018;6;23;2;3;5;2;2;0;1;0;0;0;0;0;799736,1476;5827565,327;13,41817621;52,51559801
202029;11;4;4501152;2018;6;15;5;3;2;3;0;0;1;0;1;0;0;1;793976,9904;5824453,379;13,33080362;52,49083585
202030;11;2;2100101;2018;6;22;2;2;5;2;2;0;0;0;1;0;0;0;797621,9529;5825579,59;13,38533675;52,49895602
202031;11;7;7501133;2018;6;19;1;2;0;1;0;0;0;0;1;0;0;1;798257,1783;5818379,848;13,38823154;52,43407199
202032;11;1;3400721;2018;6;16;7;2;0;4;0;0;0;1;0;0;1;0;797716,728;5832896,218;13,39328164;52,5644887
202033;11;1;1100310;2018;6;20;2;2;6;4;0;0;1;1;0;0;0;0;799594,2417;5828256,108;13,41671334;52,52186776
202034;11;2;2200209;2018;6;15;5;3;5;2;0;1;1;0;0;0;0;1;797765,9272;5824734,798;13,38669629;52,49130491
202035;11;3;3601453;2018;6;18;2;3;0;7;0;1;0;0;0;0;0;0;802335,4175;5828895,189;13,4575733;52,52608289
202036;11;7;7400823;2018;6;17;7;3;2;2;0;0;1;0;0;0;0;0;797236,0384;5820695,505;13,37531527;52,45538553
202037;11;3;3601245;2018;6;15;5;3;5;2;0;1;1;0;0;0;0;1;800192,9689;5830930,912;13,42792712;52,54551353
202038;11;7;7601236;2018;6;18;2;3;6;2;0;0;0;1;0;0;1;0;797299,9481;5817287,576;13,37322148;52,42480186
202039;11;1;1400937;2018;6;15;5;3;2;6;0;0;1;0;0;0;0;1;793998,8217;5832012,413;13,33780704;52,55858643
202040;11;5;5100316;2018;6;16;7;3;5;3;0;0;1;0;0;0;1;1;784794,6684;5828792,99;13,19964664;52,53461326
202041;11;2;2200209;2018;6;15;5;3;6;4;0;0;0;1;0;0;1;1;797101,6186;5824474,373;13,37670854;52,48933243
202042;11;10;10100205;2018;6;18;2;3;5;2;0;0;1;0;0;0;0;0;808296,8553;5833314,366;13,54927084;52,56234855
202043;11;1;1100102;2018;6;16;2;3;5;3;0;1;1;0;0;0;0;0;795221,5632;5826710,643;13,35108215;52,51039891
202044;11;1;1100308;2018;6;15;5;3;5;2;0;1;1;0;0;0;0;1;796903,4967;5828888,57;13,3777366;52,52900885
202045;11;2;2200210;2018;6;16;2;3;3;6;0;0;1;0;0;0;0;0;798640,0792;5824687,696;13,39949092;52,49040518
202046;11;5;5200526;2018;6;15;5;3;2;6;0;0;1;0;0;0;0;1;782357,3286;5827038,449;13,16231857;52,52014957
202047;11;9;9200715;2018;6;16;2;3;5;3;0;1;1;0;0;0;0;0;807881,4066;5819184,309;13,5300998;52,43595002
202048;11;4;4300416;2018;6;14;5;3;0;1;0;0;0;0;1;0;0;1;791723,4245;5826097,708;13,29914678;52,50678608
202049;11;6;6100206;2018;6;16;2;3;1;5;0;1;1;0;0;0;0;0;794519,5205;5820027,274;13,33486365;52,45086572
202050;11;9;9401635;2018;6;14;1;3;2;7;0;0;1;0;0;0;0;1;816682,3747;5817373,249;13,65742277;52,41469791
202051;11;7;7100206;2018;6;15;7;3;2;6;0;0;1;0;0;0;0;0;796820,476;5824785,023;13,37285675;52,49227003
202052;11;10;10200524;2018;6;16;2;3;2;6;0;0;1;0;0;0;1;0;812764,9237;5830268,616;13,61210352;52,53250776
202053;11;1;1100415;2018;6;14;5;3;0;1;0;1;0;0;0;0;0;1;797838,3622;5829083,467;13,39165152;52,5302459
202054;11;8;8200831;2018;6;15;2;3;5;3;0;1;1;0;0;0;0;0;799335,75;5816286,28;13,40217634;52,41471662
202055;11;8;8100312;2018;6;14;5;3;0;2;0;1;1;0;0;0;0;1;800994,0081;5824208,135;13,43362297;52,48481395
202056;11;9;9501737;2018;6;14;5;3;1;5;0;1;1;0;0;0;0;0;814725,3151;5821751,599;13,63286432;52,45506059
202057;11;8;8100206;2018;6;15;2;3;5;3;0;0;1;0;0;0;1;0;800654,4466;5823653,935;13,42813769;52,48003355
202058;11;5;5100316;2018;6;13;5;3;2;6;0;0;1;0;0;0;0;1;785321,7545;5829293,8;13,20782642;52,53882778
202059;11;4;4100102;2018;6;15;7;3;8;1;0;0;1;0;0;0;0;1;791297,9654;5829729,219;13,29607673;52,53956953
202060;11;7;7501134;2018;6;13;5;3;0;1;0;1;0;0;0;0;0;1;799342,8334;5819050,914;13,40475447;52,4394942
202061;11;6;6300528;2018;6;15;2;2;5;3;0;1;0;0;0;0;1;0;788950,9513;5816401,826;13,2500165;52,42133361
202062;11;1;1100207;2018;6;13;5;3;0;5;0;0;1;0;1;0;0;1;798088,2733;5827068,324;13,3935188;52,51204615
202063;11;8;8200726;2018;6;15;2;2;2;6;0;0;1;0;0;0;0;0;801253,4084;5819775,711;13,43343041;52,44494176
202064;11;4;4501041;2018;6;14;7;3;2;6;0;0;1;0;0;0;0;0;792936,4953;5825532,089;13,31647123;52,50106551
202065;11;9;9501737;2018;6;7;2;2;6;4;0;0;1;1;0;0;0;0;814210,1986;5821945,945;13,62549135;52,45709846
202066;11;8;8301037;2018;6;13;5;3;5;3;0;1;1;0;0;0;0;0;804119,4265;5817641,829;13,47352846;52,42422961
202067;11;4;4300624;2018;6;12;5;3;0;6;0;0;1;0;1;0;0;1;793126,3818;5826082,273;13,31974497;52,50589573
202068;11;1;1401046;2018;6;15;2;3;5;2;0;1;1;0;0;0;0;0;794898,2901;5830243,987;13,34946615;52,54224758
202069;11;7;7100103;2018;6;3;1;2;9;1;2;0;1;0;0;0;0;1;795612,3795;5825462,815;13,35571614;52,4990015
202070;11;7;7501029;2018;6;10;5;3;5;3;0;0;1;0;0;0;0;0;797691,9495;5818768,186;13,38028761;52,43786096
202071;11;11;11400930;2018;6;7;2;3;5;3;0;1;0;0;0;0;1;0;805585,9744;5826430,998;13,50307596;52,50218573
202072;11;6;6100208;2018;6;10;5;2;5;3;0;1;0;0;0;0;1;0;794606,6498;5820284,654;13,33636911;52,45312605
202073;11;4;4300622;2018;6;10;5;3;2;6;0;0;1;0;1;0;0;0;793253,59;5826900,807;13,32233499;52,51316519
202074;11;3;3701556;2018;6;8;2;2;5;2;0;1;0;0;0;0;0;0;799785,3534;5829587,283;13,42072187;52,53369456
202075;11;3;3601244;2018;6;10;5;3;5;3;0;0;1;0;0;0;0;0;800086,2845;5831671,075;13,42702745;52,55220659
202076;11;4;4200311;2018;6;12;2;3;2;6;0;0;1;0;0;1;0;0;790522,7178;5826475,702;13,28183561;52,51081555
202077;11;4;4500939;2018;6;10;5;3;1;1;0;1;1;0;0;0;0;0;792706,3995;5824242,941;13,31195842;52,48963212
202078;11;3;3300516;2018;6;9;2;3;2;6;0;0;0;0;0;0;1;0;800845,137;5833481,235;13,4398269;52,56801266
202079;11;1;1300733;2018;6;10;5;3;5;2;0;1;0;0;0;0;1;0;797659,2597;5831883,029;13,39152756;52,55543822
202080;11;4;4400726;2018;6;9;2;2;2;6;0;0;1;0;0;0;0;0;790892,5296;5824728,972;13,28574348;52,494959
202081;11;11;11200411;2018;6;10;2;3;5;3;0;0;1;0;0;0;0;0;805621,48;5831778,71;13,50851225;52,55009385
202082;11;12;12500824;2018;6;9;5;3;6;7;0;1;0;1;0;0;0;0;790976,4024;5835825,803;13,29669662;52,59439618
202083;11;4;4200311;2018;6;10;2;3;6;7;0;1;0;1;0;0;0;0;790466,136;5826696,41;13,28119685;52,51282434
202084;11;8;8100312;2018;6;9;5;3;5;7;0;0;1;0;1;0;0;0;800774,6963;5824319,77;13,43050374;52,48593543
202085;11;4;4501150;2018;6;11;2;3;6;7;0;0;1;1;0;0;0;0;793838,9095;5823991,651;13,32836863;52,48677101
202086;11;7;7400824;2018;6;9;5;3;0;3;0;0;1;0;0;0;1;0;797680,8932;5821353,315;13,38242928;52,46104001
202087;11;3;3200207;2018;6;9;5;3;6;4;0;0;1;1;0;0;0;0;798484,8211;5834887,44;13,40637201;52,58191646
202088;11;10;10300731;2018;6;12;2;3;2;6;0;0;1;0;1;0;0;0;809600,1639;5828518,551;13,56396774;52,51863106
202089;11;9;9401534;2018;6;8;5;3;5;3;0;1;1;0;0;0;0;0;810885,7469;5820660,769;13,57552619;52,44748228
202090;11;1;1100309;2018;6;14;2;3;0;1;0;1;0;0;0;0;0;0;799037,1327;5828952,543;13,40915297;52,52841608
202091;11;12;12601236;2018;6;8;2;2;5;3;0;0;1;0;0;0;0;0;793844,5839;5836157,961;13,33921284;52,59583163
202092;11;5;5100317;2018;6;7;2;3;0;7;0;1;0;0;0;0;0;1;785770,6132;5828522,592;13,21376342;52,53167807
202093;11;10;10200628;2018;6;8;5;3;5;2;0;1;1;0;0;0;0;0;811654,8571;5829779,077;13,59533264;52,52875669
202094;11;1;1100313;2018;6;2;2;3;0;1;2;1;0;0;0;0;0;0;799971,9995;5826913,856;13,42105426;52,50962895
202095;11;12;12601031;2018;6;15;2;3;2;7;0;0;1;0;0;1;0;0;793356,8911;5836535,73;13,33236815;52,59948138
202096;11;1;1300836;2018;6;7;5;3;6;4;0;0;1;1;0;0;0;0;796819,6043;5830286,504;13,37775206;52,54158547
202097;11;4;4300518;2018;6;14;2;3;5;2;0;1;0;0;0;0;1;0;791354,3806;5828702,115;13,29600578;52,53033153
202098;11;1;1401047;2018;6;7;5;3;5;2;0;1;1;0;0;0;0;0;795620,7345;5830523,304;13,36033659;52,54435992
202099;11;4;4501042;2018;6;4;1;3;1;7;0;0;1;1;0;0;0;0;793673,3678;5825964,465;13,32767691;52,50454549
202100;11;3;3100101;2018;6;7;5;3;5;3;0;1;1;0;0;0;0;0;804265,2991;5841804,064;13,49778354;52,64070418
202101;11;8;8200622;2018;6;23;1;3;5;2;2;0;1;0;0;0;0;0;801240,8757;5821609,568;13,43490076;52,46138614
202102;11;12;12400722;2018;6;17;1;3;8;1;0;0;1;0;0;0;0;0;790384,9405;5839353,129;13,2910852;52,62633414
202103;11;1;1200623;2018;6;23;1;3;6;4;2;0;1;1;0;0;0;0;794648,5452;5829021,891;13,34471058;52,53142748
202104;11;2;2300314;2018;6;8;5;3;6;4;0;1;0;1;0;0;0;0;799663,6855;5826088,535;13,41578206;52,50240066
202105;11;1;1401046;2018;6;21;1;3;5;2;1;0;1;0;0;0;0;0;794895,266;5830241,549;13,34941953;52,54222735
202106;11;5;5100316;2018;6;7;5;3;2;6;0;0;1;0;0;0;0;0;784842,6026;5829214,066;13,20071236;52,53836356
202107;11;1;1100416;2018;6;21;1;2;6;4;0;0;1;1;0;0;0;0;798826,2084;5829747,457;13,40676759;52,53565698
202108;11;9;9501939;2018;6;19;1;3;2;6;0;0;1;0;0;0;1;1;810644,2246;5821060,878;13,57235591;52,45120518
202109;11;1;1100102;2018;6;14;7;3;2;6;0;0;1;0;1;0;0;0;796604,9987;5826881,496;13,37155964;52,51117999
202110;11;1;1401044;2018;6;20;1;3;5;3;0;1;1;0;0;0;0;0;796795,3254;5831285,681;13,37828798;52,55055519
202111;11;3;3500934;2018;6;8;5;3;5;3;0;1;1;0;0;0;0;0;801070,5357;5831429,892;13,4412816;52,54950171
202112;11;8;8100104;2018;6;19;1;3;5;3;0;1;1;0;0;0;0;0;800772,0673;5822754,522;13,42905331;52,47190702
202113;11;1;1401047;2018;6;19;1;3;5;2;0;1;1;0;0;0;0;0;796016,2756;5830355,813;13,36600307;52,54264376
202114;11;1;1100309;2018;6;15;4;3;2;2;0;1;1;0;1;0;0;0;798514,2955;5829057,465;13,40156294;52,5296431
202115;11;7;7601236;2018;6;17;1;2;6;2;0;0;1;1;0;0;0;0;797142,3479;5817014,403;13,3706679;52,42243871
202116;11;2;2500726;2018;6;9;4;2;5;7;0;0;1;0;0;1;0;0;801842,3152;5828567,376;13,45002941;52,52341791
202117;11;5;5100314;2018;6;11;7;3;2;6;0;0;1;0;0;0;1;0;785424,1019;5829270,387;13,20931126;52,53856426
202118;11;3;3500934;2018;6;19;4;2;5;3;0;1;0;0;0;0;0;0;800357,7144;5831794,51;13,43113038;52,55316336
202119;11;5;5200528;2018;6;10;1;3;0;3;0;0;0;0;1;0;1;0;783884,5137;5826550,19;13,18434956;52,51497882
202120;11;3;3500935;2018;6;19;4;3;6;4;0;1;0;1;0;0;0;0;801400,7423;5831279,175;13,44599997;52,54796823
202121;11;1;1400937;2018;6;17;1;3;0;2;0;1;1;0;0;0;0;0;793671,0313;5832264,4;13,33320868;52,56102221
202122;11;4;4200206;2018;6;12;1;3;2;6;0;0;1;0;0;0;0;1;788348,347;5826011,289;13,2494827;52,50780565
202123;11;3;3200207;2018;6;11;7;3;5;3;0;0;1;0;0;0;0;0;798593,3826;5835445,877;13,40847266;52,58686242
202124;11;1;1300732;2018;6;19;7;3;2;2;0;0;1;0;0;0;0;0;797281,4915;5832222,543;13,38627598;52,55868788
202125;11;6;6400737;2018;6;16;1;3;5;2;0;1;0;0;0;0;0;0;784630,0978;5819890,156;13,18961996;52,45487545
202126;11;7;7100205;2018;6;19;4;3;6;4;0;0;1;1;0;0;0;0;796072,8338;5825367,081;13,36239428;52,49789372
202127;11;2;2500830;2018;6;16;1;2;1;5;0;1;1;0;0;0;0;0;802464,8131;5827411,305;13,45812564;52,51271117
202128;11;4;4300414;2018;6;19;4;3;5;3;0;1;1;0;0;0;0;0;790846,3934;5826735,306;13,28681845;52,51297042
202129;11;1;1100309;2018;6;18;4;3;2;6;0;0;1;0;1;0;0;0;798446,5739;5829048,015;13,40055911;52,52959548
202130;11;1;1300730;2018;6;16;1;2;6;4;0;0;0;1;1;0;0;0;796389,8542;5832031,805;13,3729916;52,55746416
202131;11;5;5200524;2018;6;18;4;2;2;2;0;0;1;0;0;0;0;0;780073,0935;5827689,723;13,12928986;52,5271675
202132;11;8;8401243;2018;6;13;2;3;1;5;0;1;1;0;0;0;0;0;805792,7038;5817167,516;13,49762639;52,41904605
202133;11;4;4300415;2018;6;10;7;3;6;2;0;0;0;1;1;0;0;0;790666,4746;5826002,376;13,28353459;52,50649558
202134;11;1;1100205;2018;6;18;4;3;3;6;0;0;1;0;0;1;0;0;796958,1841;5826726,55;13,37661039;52,50959891
202135;11;5;5200629;2018;6;15;1;3;2;6;0;0;1;0;0;0;0;0;784717,8096;5828569,892;13,19832545;52,53265313
202136;11;11;11400929;2018;6;18;4;3;5;2;0;0;1;0;1;0;0;0;805476,524;5826956,319;13,50195048;52,50695516