OBJECTID;LAND;BEZ;LOR_ab_2021;UJAHR;UMONAT;USTUNDE;UWOCHENTAG;UKATEGORIE;UART;UTYP1;ULICHTVERH;IstRad;IstPKW;IstFuss;IstKrad;IstGkfz;IstSonstig;USTRZUSTAND;LINREFX;LINREFY;XGCSWGS84;YGCSWGS84
202137;11;7;7100101;2018;6;9;7;3;2;4;0;0;1;1;1;0;0;0;794989,5149;5824918,53;13,34608521;52,4944594
202138;11;7;7601546;2018;6;18;4;2;5;3;0;1;1;0;0;0;0;0;798172,078;5814267,59;13,38331989;52,39725619
202139;11;1;1300835;2018;6;15;1;3;5;2;0;1;1;0;0;0;0;0;796982,7884;5830169,83;13,3800469;52,5404507
202140;11;6;6200317;2018;6;17;4;2;0;3;0;1;0;0;1;0;0;0;795731,3255;5816907,936;13,34988414;52,42224867
202141;11;6;6200313;2018;6;14;1;3;5;3;0;1;1;0;0;0;0;0;795190,0877;5818770,361;13,34359207;52,43923654
202142;11;4;4100101;2018;6;9;1;3;5;2;0;0;1;0;0;0;0;1;793341,673;5829714,923;13,32611175;52,53834505
202143;11;1;1200629;2018;6;2;7;3;2;6;2;0;1;0;0;0;0;1;794717,7263;5827645,676;13,34450781;52,5190533
202144;11;7;7100102;2018;6;17;4;3;6;7;0;0;1;1;0;0;0;0;795221,1911;5825599,503;13,35009138;52,50043857
202145;11;3;3500936;2018;6;14;1;3;5;3;0;1;1;0;0;0;0;0;802794,4316;5831197,809;13,46641653;52,54646613
202146;11;4;4300518;2018;6;17;4;3;2;6;0;0;1;0;0;0;0;0;792329,8153;5828656,07;13,31030386;52,52939651
202147;11;1;1100308;2018;6;22;7;2;0;1;2;0;0;0;1;0;1;1;797470,5212;5828831,363;13,38601939;52,52818695
202148;11;3;3400721;2018;6;17;4;3;2;6;0;1;1;0;0;0;0;0;798247,9851;5833057,052;13,40124064;52,56563959
202149;11;10;10100210;2018;6;14;1;3;1;5;0;0;1;1;0;0;0;0;808102,4693;5831039,306;13,54430118;52,54206992
202150;11;11;11501238;2018;6;17;4;3;5;2;0;1;1;0;0;0;0;0;805606,6058;5824295,528;13,5014203;52,48303516
202151;11;10;10400938;2018;6;8;2;3;2;6;0;0;1;0;1;0;0;0;813005,5611;5828503,133;13,61397795;52,51654917
202152;11;1;1300731;2018;6;23;7;2;1;5;2;0;1;0;0;0;0;1;797417,7871;5832967,163;13,38894797;52,56528802
202153;11;5;5200634;2018;6;13;1;3;5;2;0;0;1;0;0;0;0;0;785568,6919;5826169,214;13,2087742;52,51068378
202154;11;1;1100207;2018;6;17;4;3;5;2;0;1;1;0;0;0;0;0;798771,8391;5827483,243;13,40393409;52,51539134
202155;11;5;5300737;2018;6;13;1;3;2;6;0;0;1;0;0;0;0;0;786975,8946;5829431,009;13,23226749;52,53918933
202156;11;6;6400840;2018;6;14;6;3;5;7;0;0;1;0;1;0;0;0;789486,9651;5819061,38;13,2601796;52,4448944
202157;11;11;11300618;2018;6;17;4;3;0;2;0;1;0;0;0;0;1;0;802414,0218;5828968,051;13,45879468;52,52669235
202158;11;3;3200205;2018;6;12;1;3;0;1;0;1;0;0;0;0;0;0;797160,5958;5835663,355;13,38758148;52,58959637
202159;11;9;9301025;2018;6;16;4;3;5;3;0;0;1;0;0;0;0;0;811080,1722;5815578,995;13,57365231;52,40183075
202160;11;11;11501340;2018;6;10;1;3;5;3;0;0;1;0;0;0;0;0;808010,5141;5824740,171;13,53711929;52,48566945
202161;11;12;12100204;2018;6;17;6;3;6;4;0;0;1;1;0;0;0;0;795612,9031;5833077,121;13,36249575;52,56725671
202162;11;1;1400940;2018;6;7;1;3;5;3;0;1;1;0;0;0;0;0;795883,2108;5832064,578;13,36556931;52,55803344
202163;11;6;6400844;2018;6;16;4;3;2;6;0;0;1;0;0;0;0;0;790332,6782;5820525,322;13,27386046;52,45757061
202164;11;10;10400941;2018;6;16;4;3;2;6;0;0;1;0;0;0;0;0;813545,7051;5827140,541;13,62062851;52,50402885
202165;11;1;1200628;2018;6;3;1;2;5;2;2;0;1;0;0;0;0;0;795526,372;5828204,053;13,35688697;52,52362105
202166;11;1;1100206;2018;6;16;4;3;5;3;0;1;1;0;0;0;0;0;797766,4445;5827448,963;13,3891311;52,51563389
202167;11;12;12400619;2018;6;0;1;3;1;5;2;1;1;0;0;0;0;0;788552,5672;5835461,405;13,26069571;52,59242075
202168;11;9;9100305;2018;6;9;1;3;5;2;0;0;1;0;0;0;0;1;805016,457;5822703,232;13,49130055;52,46909403
202169;11;10;10400837;2018;6;12;6;3;4;7;0;0;1;0;0;0;0;0;810255,9269;5823801,894;13,56920822;52,47598974
202170;11;4;4200310;2018;6;15;1;3;1;5;0;1;1;0;0;0;0;0;789480,1131;5826648,088;13,26666563;52,51291534
202171;11;11;11300620;2018;6;16;4;3;2;6;0;0;1;0;0;0;1;0;804184,4479;5829563,972;13,48535639;52,53104847
202172;11;9;9501737;2018;6;13;7;3;1;5;0;1;1;0;0;0;0;0;814508,9033;5821234,311;13,62920284;52,45054978
202173;11;7;7400720;2018;6;10;7;3;6;6;0;0;1;1;0;0;0;0;796814,6486;5823254,687;13,37140845;52,47855523
202174;11;8;8100311;2018;6;15;4;3;0;2;0;0;1;0;0;0;1;0;800528,7567;5824459,226;13,42701847;52,48732085
202175;11;9;9200512;2018;6;10;7;3;1;3;0;1;1;0;0;0;0;0;807785,9728;5821961,693;13,53125929;52,4608951
202176;11;7;7601442;2018;6;1;7;2;5;2;2;0;0;0;1;0;0;0;799277,5342;5816259,25;13,40129876;52,41450615
202177;11;7;7300517;2018;6;15;4;3;5;2;0;0;1;0;0;0;0;0;794244,893;5822030,269;13,33259967;52,46896955
202178;11;7;7400825;2018;6;0;7;3;0;3;2;0;1;0;1;0;0;0;797580,3222;5820789,132;13,38045049;52,45603747
202179;11;6;6200421;2018;6;14;4;2;5;2;0;0;1;0;0;0;0;0;794065,9405;5818778,118;13,32710889;52,43991169
202180;11;1;1200519;2018;6;0;7;3;9;1;2;0;1;0;0;0;0;0;793933,3256;5828814,952;13,33401424;52,52995855
202181;11;9;9100203;2018;6;14;4;3;1;5;0;0;1;0;0;0;0;0;804134,1635;5823622,532;13,47919033;52,47782536
202182;11;8;8100310;2018;6;23;7;3;6;4;2;1;0;1;0;0;0;0;800897,8724;5824983,69;13,43291172;52,49181847
202183;11;1;1100415;2018;6;21;1;2;0;1;2;1;0;0;0;0;0;0;797906,8248;5829292,131;13,39284478;52,53207889
202184;11;3;3500936;2018;6;11;6;3;2;6;0;0;1;0;0;0;0;1;802747,2579;5831733,506;13,46621135;52,5512937
202185;11;12;12500928;2018;6;21;7;3;0;1;0;1;0;0;0;0;0;0;791751,6145;5836861,661;13,30902138;52,60326693
202186;11;3;3601450;2018;6;12;4;3;1;7;0;0;1;0;0;0;0;0;802069,5344;5829581,046;13,45428919;52,53237758
202187;11;1;1100308;2018;6;20;7;3;5;7;1;1;1;0;0;0;0;0;797628,8433;5828203,894;13,38778472;52,52247604
202188;11;12;12500824;2018;6;16;7;3;0;2;0;0;1;1;0;0;0;1;790629,6627;5835976,531;13,29172441;52,59593284
202189;11;2;2200210;2018;6;20;7;3;5;3;0;1;0;0;1;0;0;0;798900,5844;5825093,412;13,40368027;52,49389929
202190;11;4;4500937;2018;6;12;4;3;5;7;0;1;1;0;0;0;0;0;791184,8003;5825101,171;13,29036179;52,49813991
202191;11;6;6300634;2018;6;18;7;3;5;3;0;0;1;0;0;0;0;0;792366,3961;5818474,675;13,30191183;52,4381026
202192;11;10;10300734;2018;6;13;4;3;5;3;0;1;1;0;0;0;0;0;809533,7205;5826903,297;13,56148945;52,50419341
202193;11;12;12200412;2018;6;11;6;3;2;6;0;0;1;0;0;1;1;1;790231,1778;5833689,524;13,28385468;52,57564283
202194;11;10;10200421;2018;6;12;4;3;6;4;0;0;1;1;0;0;0;0;812114,0297;5830904,023;13,60313567;52,53857479
202195;11;7;7400928;2018;6;18;7;3;2;7;0;0;1;0;0;0;1;0;800071,2366;5821925,461;13,41802091;52,46486116
202196;11;11;11200410;2018;6;12;4;3;0;7;0;0;0;0;1;0;0;1;806377,0485;5832180,529;13,51999147;52,55327058
202197;11;2;2300314;2018;6;18;7;3;5;2;0;1;1;0;0;0;0;0;800207,3342;5825980,533;13,42366987;52,50113378
202198;11;1;1100313;2018;6;11;1;3;5;3;0;0;1;0;0;0;0;1;800149,4232;5826616,33;13,42339243;52,50686452
202199;11;1;1200623;2018;6;9;6;3;5;2;0;1;1;0;0;0;0;0;795035,1485;5829162,478;13,35051814;52,53247862
202200;11;3;3601449;2018;6;13;4;3;5;3;0;1;1;0;0;0;0;0;801815,905;5830282,795;13,45119875;52,53880786
202201;11;10;10400941;2018;6;17;7;3;5;7;0;0;1;0;0;0;0;0;813199,5828;5825944,664;13,61442132;52,49351135
202202;11;2;2200207;2018;6;12;4;2;5;2;0;1;1;0;0;1;0;0;797089,3822;5824711,789;13,37674052;52,49146728
202203;11;6;6400838;2018;6;16;7;3;4;6;0;0;1;0;0;0;0;0;786758,1537;5818130,944;13,21934195;52,43799023
202204;11;3;3300411;2018;6;14;1;3;5;3;0;1;1;0;0;0;0;0;803886,2829;5839526,178;13,49010502;52,6205012
202205;11;5;5200629;2018;6;15;7;3;0;7;0;0;1;0;0;0;0;0;784342,8917;5828694,388;13,19291968;52,53396509
202206;11;4;4300619;2018;6;12;4;3;5;2;0;0;1;0;1;0;0;0;792973,577;5827556,692;13,3187981;52,51919542
202207;11;7;7601238;2018;6;15;7;3;0;7;0;0;1;0;0;0;0;0;798541,4159;5816803,186;13,39099288;52,41978392
202208;11;1;1200628;2018;6;11;4;3;5;2;0;1;0;0;0;0;1;0;795453,3713;5827716,917;13,3553814;52,51929384
202209;11;9;9501941;2018;6;11;4;3;2;6;0;0;1;0;0;0;0;0;812056,7929;5821164,598;13,59317194;52,4513302
202210;11;12;12200412;2018;6;15;7;2;5;2;0;0;1;0;1;0;0;0;791166,5215;5834027,311;13,29791499;52,57817139
202211;11;7;7100102;2018;6;11;4;2;5;3;0;0;1;0;0;0;0;0;794955,3641;5825403,982;13,3460135;52,49882961
202212;11;4;4300619;2018;6;10;4;3;5;2;0;0;1;0;0;0;0;0;791856,6244;5827445,427;13,30228574;52,5187969
202213;11;12;12100102;2018;6;13;7;2;1;5;0;1;1;0;0;0;0;0;796734,6627;5833372,434;13,37926179;52,56929355
202214;11;7;7300517;2018;6;10;4;2;5;2;0;0;1;0;1;0;0;0;794238,9431;5822031,659;13,33251356;52,46898521
202215;11;4;4500939;2018;6;13;7;3;3;6;0;0;1;0;0;0;1;0;791980,6152;5824026,511;13,30110978;52,48808053
202216;11;8;8100102;2018;6;23;7;3;2;6;2;0;1;0;0;0;0;1;800543,3299;5823348,724;13,42623135;52,47735898
202217;11;5;5100209;2018;6;12;7;3;5;6;0;0;1;0;1;0;0;0;783188,4412;5830805,605;13,17774539;52,55349582
202218;11;8;8100418;2018;6;10;4;3;5;3;0;0;1;0;1;0;0;0;802007,3472;5823893,773;13,44821582;52,48143675
202219;11;3;3300516;2018;6;10;4;3;5;3;0;1;1;0;0;0;0;0;801099,7741;5834687,01;13,44466735;52,57867927
202220;11;7;7300618;2018;6;10;4;3;5;2;0;1;1;0;0;0;0;0;794425,71;5821929,741;13,33516512;52,46797095
202221;11;4;4300623;2018;6;11;7;3;0;7;0;0;0;0;1;0;0;1;792737,2483;5826401,878;13,31430912;52,50896982
202222;11;9;9301126;2018;6;10;4;3;1;7;0;0;1;0;0;0;0;0;811929,0177;5816701,139;13,58713431;52,41140406
202223;11;1;1100309;2018;6;9;4;3;1;5;0;1;1;0;0;0;0;0;798332,5949;5828664,827;13,39854007;52,5262231
202224;11;9;9401433;2018;6;11;7;3;5;2;0;1;1;0;0;0;0;0;812470,3896;5819762,849;13,59792757;52,43853246
202225;11;1;1401048;2018;6;9;4;3;2;6;0;0;1;0;0;0;0;0;795194,7868;5831364,592;13,35482152;52,55213229
202226;11;11;11200411;2018;6;13;2;3;2;6;0;0;1;0;0;0;0;0;805147,837;5831597,252;13,50138181;52,54873308
202227;11;8;8200623;2018;6;8;4;3;5;2;0;1;1;0;0;0;0;0;801558,9963;5820648,947;13,43870129;52,45260039
202228;11;11;11300721;2018;6;10;7;3;6;7;0;1;0;1;0;0;0;0;804183,0298;5829857,719;13,48560435;52,53368199
202229;11;1;1100309;2018;6;18;4;3;0;1;0;1;0;0;0;0;0;0;798637,3795;5828455,582;13,40283141;52,52418065
202230;11;3;3400723;2018;6;10;7;3;1;5;0;1;1;0;0;0;0;0;798844,3619;5833227,746;13,41016682;52,56684256
202231;11;2;2300314;2018;6;9;7;2;1;5;0;1;1;0;0;0;0;0;800035,9433;5825931,405;13,42110827;52,50078768
202232;11;1;1100308;2018;6;8;4;3;1;5;0;1;1;0;0;0;0;0;797063,0341;5828823,663;13,38002346;52,52834013
202233;11;9;9100407;2018;6;8;4;3;5;5;0;1;1;0;0;0;0;0;806195,6404;5821032,354;13,50707286;52,45345934
202234;11;3;3500932;2018;6;8;7;3;5;2;0;0;1;0;0;0;0;0;802067,238;5832775,202;13,45716047;52,56100784
202235;11;5;5200630;2018;6;7;4;3;2;6;0;0;1;0;0;0;0;0;784091,5275;5827387,151;13,1881068;52,52237534
202236;11;1;1300733;2018;6;1;6;3;5;5;2;0;1;0;0;0;0;0;797189,4569;5831883,53;13,38461883;52,55569929
202237;11;8;8100102;2018;6;19;1;2;5;3;1;1;1;0;0;0;0;1;800526,7407;5823369,238;13,42600631;52,47755199
202238;11;7;7100206;2018;6;22;7;3;5;3;2;1;1;0;0;0;0;1;796256,9413;5824303,485;13,36415265;52,48825961
202239;11;4;4501044;2018;6;15;6;3;2;6;0;1;1;0;0;0;0;0;793362,189;5825199,337;13,32243142;52,49785382
202240;11;10;10100210;2018;6;7;4;3;5;3;0;0;1;0;0;0;1;0;808252,2976;5831733,369;13,54714757;52,54820523
202241;11;2;2300316;2018;6;0;6;3;1;5;2;1;1;0;0;0;0;0;801392,5581;5826023,945;13,441117;52,50086957
202242;11;1;1300731;2018;6;6;4;3;5;3;0;0;1;0;0;0;1;0;796943,323;5833094,773;13,38208288;52,56669088
202243;11;4;4400834;2018;6;8;2;3;5;2;0;1;0;0;0;0;1;0;792684,917;5823088,318;13,3106291;52,47929273
202244;11;12;12500824;2018;6;14;6;3;6;4;0;0;0;1;0;0;1;0;790543,4387;5835346,474;13,28990232;52,59033055
202245;11;5;5100312;2018;6;15;3;3;5;2;0;1;1;0;0;0;0;0;784764,2107;5830468,555;13,20063515;52,54965223
202246;11;4;4501043;2018;6;17;6;3;5;2;0;1;1;0;0;0;0;0;792589,308;5824847,048;13,31076932;52,49511056
202247;11;9;9200819;2018;6;17;6;3;5;3;0;1;1;0;0;0;0;0;810132,947;5820413,985;13,56425584;52,44569818
202248;11;2;2200212;2018;6;9;3;3;1;6;0;1;1;0;0;0;1;0;799298,6103;5824562,432;13,40904856;52,48892171
202249;11;9;9200715;2018;6;18;6;3;5;7;0;0;1;0;1;0;0;0;808534,2409;5818095,478;13,53866819;52,425824
202250;11;1;1100206;2018;6;14;3;2;2;2;0;1;0;0;0;1;0;0;797539,1002;5827529,835;13,385863;52,51648289
202251;11;4;4100102;2018;6;19;6;3;3;6;0;0;1;0;0;0;0;0;791206,6046;5829134,713;13,29421247;52,53428868
202252;11;6;6300633;2018;6;15;3;3;5;3;0;1;1;0;0;0;0;0;792633,2546;5818160,149;13,30555103;52,43514018
202253;11;2;2100104;2018;6;22;6;3;2;6;2;0;1;0;0;0;0;0;799234,5971;5826243,42;13,40961865;52,50402445
202254;11;4;4200311;2018;6;17;1;3;2;6;0;0;1;0;0;0;0;0;790396,0062;5825612,016;13,27922031;52,50314
202255;11;9;9401432;2018;6;16;3;2;5;3;0;1;1;0;0;0;0;0;812147,601;5820401,371;13,59379077;52,44443881
202256;11;12;12200411;2018;6;22;6;3;1;1;2;0;1;0;0;0;1;0;792450,8768;5832554,479;13,31551623;52,56427937
202257;11;7;7601545;2018;6;7;7;3;0;1;0;0;0;0;1;0;0;0;800299,2736;5813705,511;13,41398698;52,3910558
202258;11;1;1100310;2018;6;15;5;3;0;6;0;0;1;0;1;0;0;0;799073,643;5827586,457;13,40846119;52,5161511
202259;11;4;4501043;2018;6;3;5;3;6;4;2;0;1;1;0;0;0;0;792684,1997;5825302,061;13,3125629;52,49913875
202260;11;1;1100310;2018;6;12;6;3;5;2;0;1;1;0;0;0;0;0;799226,8118;5828466,728;13,41150352;52,5239574
202261;11;4;4400728;2018;6;9;5;3;5;2;0;1;0;0;0;0;1;0;790696,7052;5822696,959;13,28109487;52,47684615
202262;11;1;1100415;2018;7;4;2;2;0;1;1;1;0;0;0;0;0;0;797960,0131;5829309,693;13,39364232;52,53220724
202263;11;8;8200623;2018;6;23;5;3;2;6;2;0;1;0;0;0;0;0;801463,5745;5820930,958;13,43755592;52,45518077
202264;11;6;6400840;2018;6;9;6;3;5;3;0;1;1;0;0;0;0;0;788775,1429;5819813,166;13,25038547;52,45201098
202265;11;3;3701554;2018;6;19;7;3;5;3;0;0;1;0;1;0;0;0;799164,9208;5830267,205;13,41221439;52,54012991
202266;11;4;4300619;2018;6;22;5;3;6;4;2;1;0;1;0;0;0;0;792397,3271;5827193,007;13,31000996;52,51624438
202267;11;6;6400736;2018;6;22;5;3;9;1;2;0;0;0;0;0;1;0;787233,8761;5816538,403;13,22495304;52,42346213
202268;11;9;9100202;2018;6;16;6;3;5;2;0;1;1;0;0;0;0;0;803072,108;5824589,288;13,46447922;52,48708071
202269;11;4;4300414;2018;6;20;5;2;5;2;1;0;1;0;0;0;0;0;790850,872;5826736,008;13,28688487;52,51297432
202270;11;3;3701556;2018;6;20;5;3;5;5;0;1;1;0;0;0;0;0;799491,6541;5829708,209;13,41651385;52,53493993
202271;11;1;1200522;2018;6;19;5;3;5;7;0;0;1;0;1;0;0;0;794367,6231;5828368,422;13,34000262;52,52572135
202272;11;5;5100211;2018;7;14;1;3;0;3;0;0;0;0;1;0;1;0;781894,6962;5829478,356;13,15758745;52,54226632
202273;11;8;8100206;2018;6;19;5;3;1;5;0;0;1;0;1;0;0;0;800385,5319;5824112,879;13,42460337;52,48429523
202274;11;2;2500728;2018;6;19;5;3;5;3;0;1;1;0;0;0;0;0;803138,5886;5828303,043;13,46883629;52,52032963
202275;11;6;6400843;2018;6;10;6;3;5;3;0;1;1;0;0;0;0;0;791392,9685;5819337,374;13,28838462;52,44635628
202276;11;9;9200819;2018;6;8;5;3;5;3;0;1;1;0;0;0;0;0;810173,2395;5819673,235;13,56415927;52,43903692
202277;11;2;2200210;2018;7;18;1;3;5;2;0;1;1;0;0;0;0;0;798699,5898;5824703,73;13,40037918;52,49051634
202278;11;5;5100211;2018;6;18;5;3;0;7;0;0;0;0;1;0;0;0;782755,4238;5829413,09;13,17019004;52,54123511
202279;11;5;5300841;2018;6;9;6;3;5;3;0;1;1;0;0;0;0;0;789489,5976;5829420,834;13,26921888;52,53776852
202280;11;8;8300935;2018;6;18;7;3;5;2;0;1;1;0;0;0;0;0;802281,2474;5817839,022;13,44675613;52,42701561
202281;11;7;7200413;2018;6;13;5;3;0;6;0;1;1;0;0;0;0;0;796015,9786;5823524,037;13,35992201;52,48140322
202282;11;7;7100205;2018;6;7;5;3;6;4;0;1;0;1;0;0;0;0;796135,0349;5824953,738;13,36294041;52,49415471
202283;11;7;7100102;2018;6;18;6;3;5;3;0;0;1;0;0;0;0;0;794957,23;5825403,897;13,34604083;52,49882784
202284;11;2;2300315;2018;6;2;5;3;5;2;2;1;1;0;0;0;0;0;800418,5288;5825786,541;13,42659682;52,49927873
202285;11;1;1100415;2018;7;16;2;3;0;1;0;1;0;0;0;0;0;0;798305,8796;5829373,458;13,39878327;52,53258964
202286;11;4;4501148;2018;6;19;5;3;5;2;0;1;1;0;0;0;0;0;793330,8158;5823565,372;13,3205322;52,4832228
202287;11;8;8100102;2018;6;16;6;3;0;7;0;0;0;0;1;0;0;0;799850,9761;5823654,791;13,41634292;52,48048297
202288;11;1;1100313;2018;6;18;5;2;2;2;0;1;1;0;0;0;0;0;800477,6169;5826698,821;13,42828789;52,50742327
202289;11;9;9200819;2018;7;12;1;3;2;2;0;0;1;0;0;0;0;0;810468,6509;5820267,506;13,56904328;52,44419498
202290;11;1;1401044;2018;6;18;5;3;5;2;0;0;1;0;1;0;0;0;796054,063;5831350,48;13,36744532;52,55153943
202291;11;4;4200310;2018;6;13;7;2;5;3;0;1;1;0;0;0;0;0;789491,0401;5826789,295;13,26694905;52,51417549
202292;11;9;9200715;2018;6;18;5;3;5;2;0;1;1;0;0;0;0;0;809326,5063;5818519,849;13,55067536;52,4291799
202293;11;5;5400943;2018;6;17;7;3;1;5;0;0;1;0;1;0;0;0;780125,1676;5819859,76;13,12347201;52,45693045
202294;11;3;3601141;2018;6;18;5;3;5;3;0;0;1;0;1;0;0;0;798990,1716;5831790,127;13,41101643;52,55387649
202295;11;7;7501030;2018;6;15;6;3;6;4;0;0;1;1;0;0;0;0;797840,0147;5820425,482;13,38393673;52,45263628
202296;11;6;6200312;2018;6;17;5;3;5;3;0;1;0;0;0;0;0;0;795328,082;5819314,026;13,34609672;52,44403567
202297;11;3;3601142;2018;7;11;2;3;6;4;0;0;1;1;0;0;0;0;799180,4787;5830743,248;13,41287182;52,54438836
202298;11;11;11501341;2018;6;8;5;3;5;3;0;1;1;0;0;0;0;0;806274,78;5824475,081;13,511394;52,48427002
202299;11;6;6200421;2018;6;17;6;3;5;2;0;0;1;0;1;0;0;0;793962,7162;5818662,528;13,325493;52,43893096
202300;11;6;6200421;2018;7;14;1;2;5;2;0;0;1;0;0;0;0;0;793305,3273;5816954,954;13,31435186;52,42397588
202301;11;12;12200412;2018;6;16;5;3;5;2;0;0;1;0;0;0;0;0;791283,5286;5834134,95;13,29973143;52,57907373
202302;11;6;6400735;2018;6;10;7;2;0;2;0;1;0;0;0;0;1;0;784166,7749;5816182,898;13,17966777;52,42187601
202303;11;6;6200420;2018;6;16;5;3;5;3;0;0;1;0;0;0;0;0;792986,0467;5816557,742;13,309322;52,42058597
202304;11;12;12601031;2018;6;13;6;3;5;2;0;0;1;0;1;0;0;0;793077,756;5836901,132;13,3285821;52,6029075
202305;11;5;5100316;2018;6;15;5;3;5;5;0;0;1;0;1;0;0;0;784073,8876;5829018,422;13,18924146;52,53701068
202306;11;1;1100206;2018;7;7;2;3;2;2;0;0;1;0;0;0;0;0;797197,9158;5827499,29;13,38082248;52,51639511
202307;11;12;12200515;2018;6;15;5;3;1;5;0;1;1;0;0;0;0;0;789649,1866;5834659,745;13,27613828;52,58465097
202308;11;5;5200528;2018;6;8;6;3;2;6;0;0;1;0;0;0;0;0;783898,902;5826589,655;13,1845947;52,51532518
202309;11;3;3300517;2018;6;15;6;3;5;7;0;0;1;0;1;0;0;0;803370,0774;5834052,227;13,47748866;52,57172908
202310;11;2;2200209;2018;6;15;5;3;6;4;0;0;0;1;1;0;0;0;797639,6127;5824022,439;13,38420514;52,4849883
202311;11;1;1100102;2018;7;8;2;2;5;2;0;1;1;0;0;0;0;0;796036,1981;5826691,698;13,36303391;52,50978761
202312;11;11;11501339;2018;6;9;5;3;5;3;0;0;1;0;0;0;1;0;806564,032;5824932,691;13,51606116;52,48820893
202313;11;1;1200628;2018;6;8;6;3;0;7;0;0;0;1;0;0;1;0;795510,7339;5828200,476;13,35665397;52,52359747
202314;11;9;9501939;2018;7;3;1;2;6;4;2;0;1;1;0;0;0;0;811046,6897;5821864,618;13,57900787;52,4581791
202315;11;3;3100103;2018;6;8;5;3;3;6;0;1;1;0;0;0;0;0;804552,5276;5840881,031;13,50116437;52,63227072
202316;11;4;4300416;2018;6;4;7;3;1;5;0;1;1;0;0;0;0;0;791657,7356;5826339,162;13,29839324;52,5089858
202317;11;1;1300834;2018;6;15;5;2;3;5;0;0;0;0;1;0;1;0;797878,8737;5830799,598;13,39378535;52,54560664
202318;11;4;4500939;2018;6;14;5;3;5;3;0;1;1;0;0;0;0;0;791987,7325;5824745,411;13,30184429;52,49452157
202319;11;1;1100207;2018;6;6;6;3;5;3;0;0;1;0;0;0;1;0;797851,019;5826962,243;13,38993813;52,51122487
202320;11;6;6300528;2018;6;14;5;3;6;2;0;0;1;1;0;0;0;0;789879,464;5816546,057;13,26375746;52,42213564
202321;11;3;3400830;2018;7;20;1;3;0;3;1;0;1;0;0;0;1;0;799252,5267;5833212,41;13,416157;52,56648089
202322;11;2;2400623;2018;6;14;5;3;2;2;0;0;1;0;0;0;1;0;800584,5598;5827021,37;13,43015011;52,51025545
202323;11;4;4500937;2018;6;8;6;3;5;2;0;1;0;0;0;1;0;0;791583,742;5825109,905;13,29622956;52,49800519
202324;11;1;1200623;2018;6;18;7;3;5;2;0;0;1;0;0;0;0;0;795433,4173;5829534,77;13,3567034;52,53560018
202325;11;1;1200518;2018;6;13;5;3;3;6;0;1;0;0;0;0;1;0;793367,9018;5828533,423;13,32545456;52,52773937
202326;11;1;1200629;2018;6;17;6;3;5;2;0;1;1;0;0;0;0;0;794553,2272;5827500,464;13,34196188;52,51784044
202327;11;2;2300314;2018;6;22;7;3;6;7;1;1;0;1;0;0;0;0;800021,31;5825734,179;13,42071567;52,4990279
202328;11;12;12200515;2018;6;13;5;3;2;6;0;0;1;0;0;1;0;0;790353,5566;5834891,877;13,28670881;52,58635653
202329;11;2;2500727;2018;6;12;5;3;1;5;0;0;1;0;0;0;0;0;802146,709;5828023,743;13,45400853;52,51837675
202330;11;8;8100206;2018;6;7;6;3;6;7;0;0;1;1;0;0;0;0;800781,1215;5823816,279;13,4301438;52,48141893
202331;11;12;12500928;2018;6;7;5;3;0;1;0;1;0;0;0;0;0;0;792092,2474;5837114,175;13,31425969;52,6053477
202332;11;6;6400737;2018;6;12;5;3;1;5;0;1;1;0;0;0;0;0;784942,5749;5817732,939;13,19236625;52,43537061
202333;11;4;4500939;2018;6;8;5;3;1;5;0;1;1;0;0;0;0;0;792249,4613;5824892,996;13,30581798;52,49570456
202334;11;5;5300737;2018;7;16;1;3;0;1;0;0;1;0;0;0;0;0;786996,3796;5829458,702;13,23259262;52,53942683
202335;11;9;9501737;2018;6;9;5;2;2;2;0;1;1;0;0;0;0;0;813695,3007;5820736,071;13,61680198;52,44655244
202336;11;7;7100103;2018;6;8;6;3;5;3;0;1;0;0;0;0;0;0;795714,1024;5825463,395;13,35721079;52,49895159
202337;11;12;12200310;2018;6;18;7;3;3;2;0;0;1;0;1;0;0;0;792338,5451;5833919,247;13,31506672;52,57657427
202338;11;4;4200310;2018;6;9;5;3;6;7;0;0;1;1;0;0;0;0;789144,7607;5826918,033;13,26197229;52,51551335
202339;11;12;12200310;2018;6;19;4;3;3;2;0;0;1;0;0;0;0;0;792182,9606;5832944,882;13,31191879;52,56792303
202340;11;2;2200213;2018;6;20;6;2;5;3;0;1;1;0;0;0;0;0;799787,3119;5824820,129;13,41645637;52,49096344
202341;11;4;4300416;2018;6;20;4;3;2;6;0;0;1;0;0;0;0;0;791567,45;5826518,119;13,29722346;52,5106384
202342;11;1;1300836;2018;7;13;2;3;6;7;0;0;1;1;0;0;0;0;796710,1569;5831146,184;13,37691092;52,54935115
202343;11;4;4501146;2018;6;19;4;3;5;2;0;1;0;0;0;0;0;0;792850,3265;5824095,729;13,31394276;52,48823522
202344;11;8;8200833;2018;6;8;6;3;6;2;0;0;1;1;0;0;0;0;801978,8157;5817598,535;13,44210457;52,42502706
202345;11;7;7300517;2018;6;7;4;3;7;7;0;1;0;0;0;0;0;0;794058,3648;5822610,414;13,33037306;52,47427072
202346;11;11;11501238;2018;6;18;4;3;2;6;0;1;1;0;0;0;0;0;805593,9;5824318,156;13,50125452;52,48324508
202347;11;9;9200716;2018;6;8;6;3;5;2;0;0;1;0;1;0;0;0;809016,7934;5818880,097;13,54646747;52,43258345