OBJECTID;LAND;BEZ;LOR_ab_2021;UJAHR;UMONAT;USTUNDE;UWOCHENTAG;UKATEGORIE;UART;UTYP1;ULICHTVERH;IstRad;IstPKW;IstFuss;IstKrad;IstGkfz;IstSonstig;USTRZUSTAND;LINREFX;LINREFY;XGCSWGS84;YGCSWGS84
202348;11;9;9200819;2018;6;16;4;2;5;2;0;0;0;0;1;0;1;0;809790,4843;5820497,595;13,55931065;52,44664161
202349;11;8;8200622;2018;7;14;1;3;0;1;0;0;0;0;1;0;0;0;801223,6524;5821671,013;13,43470347;52,46194638
202350;11;2;2100106;2018;6;21;4;3;5;3;1;0;1;0;0;0;0;0;798595,7647;5825582,826;13,39964248;52,49845308
202351;11;7;7200409;2018;6;16;7;3;3;6;0;1;1;0;0;0;0;0;795603,4158;5824206,394;13,3544697;52,48774352
202352;11;9;9401635;2018;6;20;4;3;2;2;0;1;1;0;0;0;0;0;816578,1068;5817455,773;13,65597285;52,41549769
202353;11;11;11501340;2018;6;15;6;3;5;2;0;0;1;0;0;0;0;0;807275,7611;5824566,661;13,52617287;52,48452842
202354;11;9;9100304;2018;6;20;4;3;1;5;0;0;1;0;0;0;1;0;804482,8868;5821878,148;13,48271719;52,46199667
202355;11;1;1300836;2018;7;9;2;2;5;7;0;0;1;0;0;0;0;0;796525,1871;5829889,733;13,37306939;52,53818914
202356;11;8;8401243;2018;6;20;4;3;5;7;0;1;1;0;0;0;0;0;804991,4829;5817755,144;13,48641689;52,42475987
202357;11;11;11501341;2018;6;7;6;3;3;6;0;1;1;0;0;0;0;0;806049,7814;5824456,803;13,50807416;52,48423236
202358;11;10;10100102;2018;7;13;1;2;0;2;0;1;1;0;0;0;0;0;809484,1071;5834643,595;13,56796979;52,57358697
202359;11;4;4501153;2018;6;20;4;3;3;6;0;1;1;0;0;0;0;0;794199,9388;5823506,069;13,33324165;52,4822236
202360;11;5;5100316;2018;6;9;7;3;0;5;0;0;1;0;1;0;0;0;784660,5364;5828833,503;13,19770917;52,53504658
202361;11;8;8100521;2018;7;7;1;3;5;2;0;0;1;0;0;0;0;0;802710,615;5822115,331;13,4569262;52,46510717
202362;11;8;8100103;2018;6;19;4;3;5;7;0;0;1;0;1;0;0;0;800548,055;5822881,731;13,4258799;52,47317054
202363;11;7;7300619;2018;6;12;7;3;5;7;0;1;1;0;0;0;0;0;795021,0297;5822042,174;13,34400277;52,46865769
202364;11;3;3500933;2018;6;10;4;3;0;3;0;0;1;0;1;0;0;0;801536,9907;5831849,651;13,44852125;52,55300602
202365;11;1;1100313;2018;6;14;6;3;1;5;0;1;1;0;0;0;0;0;799610,807;5826635,683;13,41549773;52,50733404
202366;11;10;10100208;2018;6;19;4;3;5;3;0;1;1;0;0;0;0;0;809406,4386;5832232,063;13,56457878;52,55202008
202367;11;11;11300617;2018;7;8;2;3;5;2;0;1;1;0;0;0;0;0;802569,2607;5829283,837;13,46136335;52,52943657
202368;11;9;9300920;2018;6;19;4;3;5;3;0;1;1;0;0;0;0;0;808272,722;5817139,222;13,53395318;52,41740129
202369;11;9;9502043;2018;6;8;6;3;5;7;0;1;1;0;0;0;0;0;809220,1067;5823019,439;13,55328058;52,4695649
202370;11;4;4200308;2018;7;19;1;2;5;3;0;0;1;0;0;0;1;0;790357,8802;5827320,831;13,28015102;52,51847997
202371;11;8;8100312;2018;6;19;4;3;3;6;0;1;0;0;0;1;0;0;801254,8962;5824042,79;13,43730389;52,48318805
202372;11;2;2100104;2018;6;0;7;3;5;3;2;1;1;0;0;0;0;0;799300,6396;5826181,583;13,41053316;52,50343396
202373;11;12;12601235;2018;6;18;4;3;6;2;0;0;1;1;0;0;0;0;795277,38;5836377,972;13,36050069;52,59702776
202374;11;5;5300736;2018;6;18;4;3;5;3;0;1;1;0;0;0;0;0;786924,7187;5829323,085;13,23142179;52,53824868
202375;11;2;2200212;2018;6;10;6;3;4;6;0;1;0;0;0;0;0;0;799550,986;5824524,335;13,41272016;52,48844181
202376;11;3;3601346;2018;6;17;4;3;5;2;0;0;1;0;1;0;0;0;799559,6304;5831055,395;13,41872771;52,54697792
202377;11;4;4300620;2018;7;19;1;3;5;7;0;1;1;0;0;0;0;0;793378,3972;5827848,673;13,32500473;52,52159527
202378;11;8;8200832;2018;6;16;4;3;5;2;0;0;1;0;1;0;0;0;800476,4902;5816678,681;13,41925084;52,41760894
202379;11;11;11300721;2018;6;12;6;3;2;6;0;0;1;0;0;0;0;0;805510,1866;5830037,466;13,50527474;52,5345507
202380;11;1;1100206;2018;6;16;4;3;5;3;0;1;1;0;0;0;0;0;797535,7567;5827548,77;13,3858308;52,51665444
202381;11;6;6200312;2018;7;7;2;3;5;2;0;1;1;0;0;0;0;0;794100,3566;5818814,571;13,32764582;52,44021997
202382;11;2;2100106;2018;6;16;4;3;5;3;0;1;1;0;0;0;0;0;798583,6172;5825577,533;13,39945932;52,49841228
202383;11;10;10200422;2018;6;7;6;3;5;3;0;1;1;0;0;0;0;0;812437,2567;5831416,48;13,60836783;52,54298173
202384;11;2;2100104;2018;6;20;7;3;5;2;0;1;1;0;0;0;0;0;798837,2327;5826145,028;13,40369346;52,50336028
202385;11;6;6400844;2018;6;17;4;3;5;2;0;1;1;0;0;0;0;0;792354,6084;5820817,56;13,30378945;52,45911264
202386;11;4;4400830;2018;6;15;4;3;0;2;0;1;0;0;0;0;1;0;792351,9934;5823118,657;13,30576749;52,47974304
202387;11;3;3100101;2018;6;15;6;2;2;6;0;1;0;0;0;0;1;0;801306,7637;5839034,052;13,45166837;52,6175269
202388;11;8;8100312;2018;6;17;4;3;2;2;0;1;1;0;0;0;0;0;801552,9952;5824024,607;13,44166394;52,48286053
202389;11;6;6300528;2018;6;15;4;3;2;2;0;0;1;0;0;0;0;0;790839,7806;5817584,922;13,27874317;52,43093975
202390;11;3;3300515;2018;6;18;4;2;2;6;0;0;1;0;0;0;0;0;802068,3164;5835497,33;13,45965593;52,58540527
202391;11;8;8200623;2018;7;15;1;3;2;6;0;0;1;0;0;0;0;0;802480,4176;5820699,587;13,45226532;52,4525452
202392;11;1;1300836;2018;6;19;4;3;0;1;0;0;0;0;0;0;1;0;796337,5744;5830720,042;13,37105193;52,54573405
202393;11;7;7300619;2018;6;17;7;3;2;6;0;0;1;0;0;0;0;0;796037,2919;5822832,302;13,35962084;52,47519083
202394;11;7;7400823;2018;6;14;4;3;5;2;0;1;1;0;0;0;0;0;797340,1004;5821871,175;13,37788944;52,46586763
202395;11;4;4501045;2018;6;14;4;3;2;7;0;0;1;0;1;0;0;0;793912,8838;5825462,707;13,33075268;52,49991851
202396;11;12;12400617;2018;6;7;6;3;5;3;0;1;1;0;0;0;0;0;786448,4837;5837595,872;13,23156689;52,61266963
202397;11;5;5100208;2018;6;18;7;3;5;3;0;1;1;0;0;0;0;0;782104,3602;5830164,166;13,16125339;52,54830704
202398;11;12;12400721;2018;6;14;4;3;6;2;0;0;1;1;0;0;0;0;790288,6746;5840142,045;13,29035994;52,63345806
202399;11;8;8100310;2018;6;13;4;3;3;6;0;1;1;0;0;0;0;0;800932,395;5824979,189;13,43341459;52,4917591
202400;11;8;8100104;2018;6;18;6;2;6;4;0;0;1;1;0;0;0;0;800841,9963;5822545,817;13,42989151;52,46999782
202401;11;5;5100103;2018;6;13;4;3;0;7;0;1;0;0;0;0;0;0;785276,549;5832321,168;13,20976308;52,56599437
202402;11;9;9502043;2018;7;14;2;3;6;4;0;0;0;1;1;0;0;0;810908,6385;5822243,231;13,57733522;52,46165061
202403;11;2;2200209;2018;6;13;4;3;5;2;0;1;1;0;0;0;0;0;797109,7478;5824485,424;13,37683776;52,48942707
202404;11;1;1200624;2018;6;6;6;3;5;2;0;1;1;0;0;0;0;0;795669,3183;5829732,225;13,36034692;52,53724226
202405;11;9;9502042;2018;6;13;4;3;6;7;0;0;1;1;0;0;0;0;811132,8;5821964,266;13,58036398;52,45902309
202406;11;9;9300923;2018;7;13;1;3;2;2;0;0;1;0;0;0;0;0;808751,225;5815573,72;13,53952322;52,40310142
202407;11;5;5100317;2018;7;18;3;3;5;2;0;0;0;0;1;0;1;0;785341,3514;5828607,746;13,20752551;52,53266644
202408;11;5;5200423;2018;6;13;4;3;0;7;0;1;0;0;0;0;0;0;781917,6594;5828250,306;13,15688328;52,53124318
202409;11;1;1100310;2018;7;18;3;3;5;2;0;1;1;0;0;0;0;0;799183,0483;5827742,07;13,41020861;52,51748593
202410;11;9;9401534;2018;6;14;7;3;5;2;0;1;0;0;0;0;1;0;811145,1298;5820259,668;13,57895697;52,44374026
202411;11;10;10100314;2018;7;18;3;3;5;3;0;0;1;0;0;0;0;0;809045,1608;5830460,078;13,55761878;52,53634524
202412;11;9;9501939;2018;6;13;4;3;5;3;0;0;1;0;0;0;0;0;809649,765;5821504,275;13,55817999;52,45574299
202413;11;7;7501030;2018;7;18;3;3;6;4;0;1;0;1;0;0;0;0;797570,1876;5819909,432;13,37951797;52,44815736
202414;11;2;2200208;2018;6;19;6;3;5;3;0;0;1;0;1;0;0;0;797526,4894;5824965,349;13,38338598;52,4935021
202415;11;1;1200629;2018;6;10;4;3;5;7;0;1;1;0;0;0;0;0;794492,9812;5827812,785;13,34135306;52,52067273
202416;11;12;12200412;2018;7;9;2;2;6;2;0;0;1;1;0;0;0;0;791711,1595;5833718,005;13,30565759;52,57510687
202417;11;1;1100310;2018;7;17;3;3;3;6;0;1;0;0;0;0;0;0;799567,3272;5828229,896;13,41629423;52,52164759
202418;11;7;7100101;2018;6;12;4;3;6;4;0;0;1;1;0;0;0;0;794680,1846;5825720,457;13,34225157;52,50181527
202419;11;1;1300835;2018;6;15;6;3;5;3;0;1;1;0;0;0;0;0;796971,6267;5830138,511;13,37985481;52,54017605
202420;11;5;5200420;2018;6;12;4;2;5;3;0;1;1;0;0;0;0;0;782458,4635;5828532,535;13,16507442;52,53349376
202421;11;10;10100210;2018;7;12;2;3;0;4;0;0;0;1;0;0;1;0;809198,2728;5831711,481;13,56103365;52,54747302
202422;11;11;11100204;2018;7;18;3;3;5;2;0;1;1;0;0;0;0;0;806852,4118;5832683,49;13,52744565;52,55751055
202423;11;12;12200308;2018;6;12;4;3;1;5;0;1;1;0;0;0;0;0;792919,3493;5833651,333;13,32337649;52,57386026
202424;11;2;2100105;2018;7;18;3;3;5;3;0;1;0;0;0;0;0;0;799010,4477;5825836,153;13,40596042;52,50049676
202425;11;10;10300731;2018;6;6;6;2;5;3;0;1;1;0;0;0;0;0;809131,0169;5829791,383;13,55825871;52,53030393
202426;11;1;1300836;2018;7;20;1;2;5;3;0;1;1;0;0;0;0;0;796521,5355;5830337,512;13,37341534;52,54220499
202427;11;4;4100101;2018;7;19;3;3;2;2;0;1;1;0;0;0;0;0;792583,8387;5829986,969;13,31520951;52,54119125
202428;11;4;4300623;2018;6;11;4;2;6;7;0;0;0;1;0;1;0;0;792172,5983;5826001,188;13,30566128;52,50568043
202429;11;2;2500835;2018;7;17;3;3;5;3;0;0;1;0;0;0;0;0;802141,9857;5826477,99;13,45253586;52,50452477
202430;11;6;6300633;2018;6;10;7;3;5;3;0;1;1;0;0;0;0;0;792291,4432;5818694,512;13,30100459;52,44011348
202431;11;3;3200206;2018;7;17;3;3;5;3;0;1;1;0;0;0;0;0;797881,9129;5834631,439;13,39727006;52,57995219
202432;11;2;2500830;2018;6;10;4;3;5;2;0;0;1;0;1;0;0;0;802284,0164;5827493,112;13,45554388;52,51354463
202433;11;4;4200207;2018;7;16;3;3;4;6;0;1;1;0;0;0;0;0;785106,8355;5822292,783;13,19866968;52,47616917
202434;11;1;1100311;2018;6;13;6;3;0;1;0;0;0;0;1;0;0;0;800013,0346;5828530,345;13,42311471;52,52409558
202435;11;2;2100102;2018;6;9;4;3;0;6;0;1;0;0;0;1;0;0;798152,8259;5826501,835;13,39395976;52,50693301
202436;11;3;3100102;2018;7;7;2;3;5;3;0;1;1;0;0;0;0;0;804373,3927;5841197,855;13,49881754;52,6352106
202437;11;4;4400835;2018;7;15;3;3;1;5;0;1;1;0;0;0;0;0;793222,6657;5822158,875;13,31770745;52,4706721
202438;11;1;1100310;2018;6;9;4;3;5;2;0;1;0;0;0;0;1;0;799057,0309;5828478,083;13,4090187;52,52415232
202439;11;1;1200522;2018;7;15;3;3;6;4;0;0;1;1;0;0;0;0;794432,3219;5828358,943;13,34094514;52,52560143
202440;11;5;5300737;2018;6;3;6;3;1;1;2;0;1;0;0;0;1;0;787238,433;5829481,058;13,23617113;52,53949972
202441;11;10;10200421;2018;6;22;7;3;5;2;2;0;1;0;0;0;0;0;812203,2752;5830920,857;13,60446308;52,53867452
202442;11;4;4500938;2018;7;15;3;3;1;5;0;1;0;0;0;0;1;0;791763,3869;5824823,661;13,29861765;52,49534304
202443;11;8;8200624;2018;6;8;4;3;5;2;0;1;0;0;0;0;1;0;801355,997;5820641,748;13,43571654;52,45264781
202444;11;7;7100204;2018;7;15;3;3;1;5;0;1;1;0;0;0;0;0;795500,617;5824739,545;13,35343294;52,49257847
202445;11;12;12601236;2018;6;8;4;3;2;6;0;0;1;0;0;0;0;0;794335,8772;5835687,631;13,34602713;52,59134983
202446;11;1;1100205;2018;7;15;3;3;5;3;0;1;1;0;0;0;0;0;797290,5695;5826915,091;13,38166198;52,51110793
202447;11;3;3300412;2018;6;18;6;3;5;3;0;1;1;0;0;0;0;0;802924,0039;5839364,042;13,47578551;52,61958536
202448;11;7;7400824;2018;7;7;1;2;5;3;0;0;1;0;0;0;1;0;797851,8517;5821887,297;13,38541465;52,46573342
202449;11;8;8100417;2018;7;14;3;3;1;5;0;0;1;0;0;0;1;0;802416,6947;5822809,485;13,45324205;52,47149168
202450;11;2;2200210;2018;6;8;4;3;5;2;0;1;0;0;0;0;1;0;798343,5485;5825505,686;13,395869;52,49789956
202451;11;1;1100312;2018;7;14;3;3;5;3;0;1;1;0;0;0;0;0;799464,0719;5827071,73;13,41373451;52,51132311
202452;11;2;2200209;2018;6;7;7;3;5;2;0;1;1;0;0;0;0;0;797472,8399;5824559,062;13,38223536;52,48988942
202453;11;6;6200420;2018;7;14;3;3;2;6;0;0;1;0;0;0;0;0;792623,6011;5815993,982;13,3035144;52,41572583
202454;11;1;1100312;2018;6;7;4;3;5;3;0;1;1;0;0;0;0;0;799457,7287;5827067,563;13,41363757;52,51128924
202455;11;9;9200510;2018;7;18;3;3;2;6;0;0;1;0;0;0;0;0;806610,5422;5822801,022;13,51478403;52,46907818
202456;11;10;10400939;2018;6;7;4;2;5;3;0;1;1;0;0;0;0;0;814271,9549;5828040,742;13,63214288;52,51167758
202457;11;9;9100101;2018;6;11;6;3;5;3;0;1;1;0;0;0;0;0;801550,2442;5824821,998;13,44234497;52,49000922
202458;11;11;11300725;2018;6;6;4;3;0;1;0;1;1;0;0;0;0;0;805450,4865;5827651,973;13,50220642;52,51320447
202459;11;7;7501029;2018;7;0;2;3;0;1;2;0;1;0;1;0;0;0;797583,9053;5819588,576;13,37943342;52,44527374
202460;11;6;6400838;2018;7;14;3;2;5;2;0;0;1;0;0;0;0;0;788484,1035;5821522,075;13,24759141;52,46748595
202461;11;2;2100102;2018;6;0;4;3;5;3;2;0;1;0;0;0;0;0;798183,3596;5826499,476;13,39440619;52,50689518
202462;11;12;12500930;2018;7;17;3;3;5;2;0;0;1;0;0;0;0;0;792355,9549;5834060,693;13,31544764;52,57783293
202463;11;4;4501042;2018;6;22;6;3;2;6;2;0;1;0;0;0;0;0;793594,0455;5825766,82;13,32633733;52,50281637
202464;11;2;2400521;2018;6;19;7;3;5;2;0;1;1;0;0;0;0;0;800454,7594;5828446,586;13,42953029;52,5231016
202465;11;11;11300721;2018;7;15;3;3;2;6;0;0;1;0;0;0;0;0;805294,1419;5830002,088;13,50206698;52,53435468
202466;11;5;5100316;2018;6;9;3;3;2;6;0;0;1;0;0;0;0;0;784843,0533;5829215,706;13,20072039;52,53837803
202467;11;5;5100313;2018;7;14;3;2;0;6;0;0;0;0;0;0;1;0;785222,1244;5831020,251;13,20784414;52,55435908
202468;11;8;8100206;2018;6;21;3;3;5;3;2;0;1;0;0;0;1;0;800440,8959;5823724,708;13,42506641;52,48078543
202469;11;4;4100101;2018;6;16;6;3;2;2;0;0;1;0;1;0;0;0;792584,3538;5829986,6;13,31521676;52,54118767
202470;11;1;1401043;2018;6;19;3;2;5;2;0;0;1;0;0;0;0;0;795679,9047;5830926,81;13,36156581;52,54794486
202471;11;4;4200206;2018;7;12;3;2;5;2;0;0;1;0;1;0;0;0;786217,5027;5825988,656;13,21815311;52,50872488
202472;11;9;9200512;2018;6;18;3;3;2;6;0;0;1;0;0;0;1;0;808610,294;5821640,838;13,54305707;52,45755474
202473;11;4;4300624;2018;6;22;6;3;1;5;2;1;1;0;0;0;0;0;792797,6237;5826107,842;13,31493755;52,50630148
202474;11;6;6300634;2018;6;19;6;3;6;4;0;0;0;1;0;0;1;0;792915,3657;5817779,28;13,30935534;52,43157474
202475;11;12;12100205;2018;6;18;3;3;2;2;0;1;1;0;0;0;0;0;794846,4444;5833744,834;13,35181389;52,57365785
202476;11;2;2400625;2018;7;12;3;3;6;4;0;0;1;1;0;0;0;0;801174,589;5827194,871;13,4389749;52,51148515
202477;11;6;6100209;2018;6;17;3;3;1;5;0;1;1;0;0;0;0;0;794649,9566;5821551,135;13,33812237;52,46445606
202478;11;3;3601142;2018;6;10;6;3;2;7;0;1;1;0;0;0;0;0;799019,3284;5830377,573;13,41017338;52,5411991
202479;11;2;2300314;2018;6;10;3;3;4;7;0;1;0;0;0;0;0;0;799858,8806;5825841,374;13,41842657;52,50007802
202480;11;8;8401242;2018;7;18;1;3;5;3;0;0;1;0;0;0;0;0;804810,1378;5816763,334;13,4828547;52,41597155
202481;11;7;7200409;2018;7;12;3;3;1;5;0;1;1;0;0;0;0;0;795094,2582;5823872,844;13,34669756;52,48502892
202482;11;12;12100103;2018;6;17;3;2;5;2;0;1;1;0;0;0;0;0;796202,6692;5833946,752;13,37194838;52,57473142
202483;11;2;2100102;2018;7;12;3;3;5;2;0;1;1;0;0;0;0;0;798320,5335;5825553,896;13,39557416;52,49834428
202484;11;4;4200206;2018;6;13;6;3;6;2;0;0;1;1;0;0;0;0;786923,9207;5825823,927;13,22839125;52,50687688
202485;11;8;8100207;2018;6;18;7;3;3;6;0;0;0;0;1;0;1;0;800555,483;5823382,476;13,42644017;52,47765483
202486;11;7;7501029;2018;6;17;3;3;2;6;0;0;1;0;0;0;0;0;797477,5977;5819282,613;13,37760149;52,44258893
202487;11;5;5100313;2018;7;13;3;2;6;4;0;0;1;1;0;0;0;0;785397,9113;5830319,759;13,20982776;52,54798649
202488;11;11;11300722;2018;6;16;3;3;2;7;0;0;1;0;0;0;0;0;803666,9693;5828631,948;13,47690008;52,52298354
202489;11;8;8200730;2018;6;19;6;3;5;7;0;1;1;0;0;0;0;0;802209,6237;5818358,467;13,44617534;52,43171108
202490;11;3;3601346;2018;6;16;3;2;5;3;0;1;1;0;0;0;0;0;799237,0351;5831105,819;13,41402998;52,54760718
202491;11;10;10300734;2018;7;13;2;3;5;2;0;0;1;0;1;0;0;0;809840,9052;5825700,69;13,56488203;52,49324174
202492;11;4;4400728;2018;7;13;3;3;5;3;0;0;1;0;0;0;0;0;790688,312;5822694,722;13,28096969;52,47683056
202493;11;9;9100305;2018;6;16;3;2;5;3;0;1;1;0;0;0;0;0;805141,4351;5822562,027;13,49300554;52,46775868
202494;11;4;4501042;2018;6;14;6;3;2;6;0;0;1;0;0;0;0;0;793918,5682;5825633,633;13,33098703;52,5014477
202495;11;3;3601244;2018;7;7;1;3;5;3;0;0;1;0;0;0;0;0;800132,3646;5831402,148;13,42746196;52,54977074
202496;11;10;10100311;2018;7;11;3;3;5;2;0;1;1;0;0;0;0;0;806585,4262;5828083,3;13,5192759;52,5164334
202497;11;1;1300835;2018;6;15;3;3;5;3;0;1;1;0;0;0;0;0;796971,5073;5830138,681;13,37985321;52,54017764
202498;11;2;2100102;2018;7;10;3;3;6;4;0;1;0;1;0;0;0;0;797909,4531;5826535,289;13,39041449;52,50736583
202499;11;2;2100106;2018;6;15;3;2;6;7;0;0;1;1;0;0;0;0;798716,7756;5825587,655;13,40142412;52,49843015
202500;11;11;11300721;2018;7;14;1;3;2;6;0;0;1;0;0;0;0;0;806132,7165;5830159,068;13,51453608;52,53529124
202501;11;9;9200717;2018;7;10;3;3;3;6;0;0;1;0;1;0;0;0;809868,0741;5819225,489;13,5592692;52,43519727
202502;11;4;4400726;2018;6;14;3;3;5;3;0;0;1;0;0;0;1;0;791228,3994;5824377,205;13,29036932;52,4916263
202503;11;4;4300620;2018;7;10;3;3;5;2;0;1;1;0;0;0;0;0;793494,2956;5827600,351;13,32648891;52,51930681
202504;11;11;11300620;2018;6;16;7;2;6;4;0;0;0;1;1;0;0;0;804128,9458;5829848,796;13,4848013;52,5336322
202505;11;3;3701657;2018;7;9;3;3;5;2;0;1;1;0;0;0;0;0;800233,3495;5830323,492;13,42797185;52,54004682
202506;11;1;1100308;2018;6;13;3;3;5;3;0;1;1;0;0;0;0;0;797629,7341;5828204,894;13,38779871;52,52248452
202507;11;3;3300516;2018;6;15;6;2;3;6;0;0;1;0;1;0;0;0;800472,9943;5832479,963;13,43344602;52,55924362
202508;11;4;4100101;2018;6;12;3;3;3;6;0;0;1;0;1;0;0;0;793368,7069;5829839,572;13,32661926;52,53944792
202509;11;12;12500930;2018;7;10;2;3;0;2;0;1;1;0;0;0;0;0;792341,6463;5834069,159;13,31524455;52,57791651
202510;11;5;5200632;2018;7;9;3;3;0;2;0;1;1;0;0;0;0;0;785365,7329;5828185,001;13,20752106;52,52886338
202511;11;12;12200412;2018;6;12;3;3;2;6;0;0;1;0;0;0;0;0;790763,8418;5834326,019;13,2922512;52,58106457
202512;11;10;10200526;2018;7;8;3;3;5;3;0;1;1;0;0;0;0;0;812445,2575;5829955,402;13,60711185;52,52988435
202513;11;6;6300528;2018;6;10;6;3;2;6;0;0;1;0;1;0;0;0;790843,6367;5817581,095;13,2787964;52,4309034
202514;11;9;9200715;2018;7;13;1;2;5;2;0;0;1;0;0;0;1;0;808648,2115;5819181,712;13,54134157;52,43549461
202515;11;6;6300633;2018;7;8;3;3;2;2;0;0;1;0;0;0;0;0;792900,0397;5819617,977;13,31074199;52,44806657
202516;11;9;9200613;2018;6;11;3;3;5;3;0;1;1;0;0;0;0;0;807017,5113;5821143,794;13,5192321;52,45399712
202517;11;5;5200632;2018;7;8;3;3;5;2;0;1;0;0;0;1;0;0;785626,6468;5828032,572;13,21122582;52,52736008
202518;11;1;1200522;2018;6;9;7;3;5;3;0;1;1;0;0;0;0;0;794218,5567;5828309,904;13,33775994;52,52527723
202519;11;6;6300633;2018;7;7;3;3;5;3;0;1;1;0;0;0;0;0;793027,979;5818240,894;13,3114116;52,43565272
202520;11;1;1200522;2018;6;10;3;3;6;7;0;0;1;1;0;0;0;0;794469,2289;5828353,691;13,34148293;52,52553442
202521;11;5;5100316;2018;7;7;3;3;4;6;0;1;0;0;0;0;0;0;785092,7477;5829388,834;13,20454054;52,53979971
202522;11;1;1100101;2018;6;13;6;3;2;6;0;0;1;0;1;0;0;0;794885,3235;5826276,644;13,34575754;52,50669028
202523;11;4;4501040;2018;6;12;7;3;1;5;0;1;1;0;0;0;0;0;792379,0285;5825383,993;13,30815209;52,50003684
202524;11;9;9100305;2018;7;7;3;3;5;3;0;0;1;0;1;0;0;0;804927,9181;5822553,892;13,4898647;52,46780498
202525;11;6;6300632;2018;6;8;3;3;6;4;0;0;0;1;1;0;0;0;792417,8759;5816919,236;13,30130674;52,42413065
202526;11;10;10200629;2018;7;7;3;3;5;3;0;1;1;0;0;0;0;0;810505,2851;5827973,647;13,5767559;52,51323335
202527;11;6;6100208;2018;6;10;6;3;5;3;0;1;1;0;0;0;0;0;793862,7854;5820505,012;13,32564788;52,45550189
202528;11;2;2500727;2018;6;7;3;3;5;2;0;1;1;0;0;0;0;0;802041,226;5828020,214;13,45245548;52,51840355
202529;11;4;4500939;2018;7;8;2;3;0;2;0;0;1;0;0;0;1;0;792441,0722;5824104,373;13,3079402;52,4885321
202530;11;12;12500930;2018;7;7;3;3;5;2;0;1;1;0;0;0;0;0;792878,3786;5835184,737;13,3241286;52,58762845
202531;11;1;1100207;2018;6;7;3;2;5;3;0;1;1;0;0;0;0;0;798008,1135;5826788,706;13,39209073;52,50958352
202532;11;11;11300617;2018;7;7;3;3;2;6;0;0;1;0;0;0;1;0;803457,4779;5829716,482;13,47481164;52,53282055
202533;11;1;1200519;2018;6;7;6;3;0;1;0;1;0;0;0;0;0;0;793955,8338;5828677,492;13,33422355;52,52871416
202534;11;11;11501238;2018;7;0;1;2;5;3;2;1;1;0;0;0;0;0;803726,4869;5826232,581;13,47558492;52,50144553
202535;11;2;2500836;2018;7;7;3;3;5;2;0;1;1;0;0;0;0;0;803251,1321;5826004,361;13,46839565;52,4996644
202536;11;7;7200412;2018;6;7;3;3;1;5;0;1;1;0;0;0;0;0;796314,7444;5823016,91;13,36385792;52,47669522
202537;11;4;4501041;2018;7;12;3;3;2;6;0;0;1;0;0;0;0;0;793453,6446;5825695,91;13,32421233;52,50225622
202538;11;5;5100313;2018;6;4;7;2;5;3;0;1;1;0;0;0;0;0;785355,5789;5830731,559;13,20955906;52,55170081
202539;11;3;3400618;2018;7;6;3;3;5;3;0;0;1;0;1;0;0;0;795876,3571;5836453,994;13,36938605;52,59738364
202540;11;4;4300621;2018;6;17;3;3;0;4;0;1;0;1;0;0;0;0;792032,0608;5826798,458;13,30429608;52,51290304
202541;11;1;1100207;2018;7;9;3;3;5;2;0;1;1;0;0;0;0;0;798619,7299;5826918,906;13,40119277;52,51041613
202542;11;4;4100101;2018;6;6;3;3;5;2;0;0;1;0;0;0;0;0;793353,0982;5829678,816;13,32624785;52,53801522
202543;11;11;11501339;2018;6;11;6;3;5;2;0;1;1;0;0;0;0;0;807284,696;5825416,9;13,52708795;52,49214335
202544;11;12;12200309;2018;6;15;3;3;2;6;0;0;1;0;1;0;0;0;793380,4208;5832521,73;13,32916147;52,56348569
202545;11;1;1200628;2018;7;19;1;3;3;6;0;0;1;0;0;0;1;0;795738,8894;5828210,24;13,36001572;52,52356128
202546;11;3;3300516;2018;7;7;3;3;0;6;0;1;1;0;0;0;0;0;800904,2767;5833360,446;13,44058726;52,56689733
202547;11;4;4501042;2018;6;17;3;3;2;6;0;0;1;0;1;0;0;0;794050,9098;5826233,733;13,33346106;52,50675598
202548;11;10;10200629;2018;7;7;3;3;2;6;0;0;1;0;0;0;0;0;810469,0072;5827961,19;13,5762114;52,51314236
202549;11;4;4300620;2018;6;7;6;2;1;5;0;1;1;0;0;0;0;0;793428,2782;5827442,202;13,32537924;52,51792459
202550;11;2;2500833;2018;6;18;7;3;5;2;0;1;1;0;0;0;0;0;802071,3806;5827363,181;13,45230206;52,51249786
202551;11;3;3601141;2018;6;9;3;3;3;6;0;1;0;0;0;0;0;0;799206,1915;5831774,432;13,41417896;52,55361719
202552;11;8;8100521;2018;7;7;2;3;5;3;0;1;1;0;0;0;0;0;802482,7368;5822558,296;13,45398362;52,46920369
202553;11;6;6100204;2018;7;7;3;3;1;5;0;0;1;0;0;0;0;0;795425,9345;5820206,954;13,34832191;52,45198735
202554;11;4;4300619;2018;6;16;3;2;5;3;0;0;0;0;1;0;1;0;792639,2165;5827089,584;13,31347353;52,51518749
202555;11;3;3400620;2018;7;8;3;3;1;5;0;0;1;0;0;0;0;0;797817,0534;5834063,614;13,39580559;52,57489793
202556;11;11;11501238;2018;6;6;6;3;5;3;0;1;1;0;0;0;0;0;804071,2758;5825992,348;13,48042938;52,49910039
202557;11;9;9100407;2018;6;21;7;2;6;4;1;0;1;1;0;0;0;0;804782,8005;5821617,117;13,48687961;52,45948995