OBJECTID;LAND;BEZ;LOR_ab_2021;UJAHR;UMONAT;USTUNDE;UWOCHENTAG;UKATEGORIE;UART;UTYP1;ULICHTVERH;IstRad;IstPKW;IstFuss;IstKrad;IstGkfz;IstSonstig;USTRZUSTAND;LINREFX;LINREFY;XGCSWGS84;YGCSWGS84
202769;11;2;2300316;2018;7;22;5;3;5;2;2;1;1;0;0;0;0;0;801469,455;5826032,938;13,44225454;52,5009077
202770;11;5;5100104;2018;7;17;3;3;5;2;0;0;1;0;1;0;0;0;785672,4735;5831760,128;13,21510539;52,56075661
202771;11;5;5200528;2018;7;12;7;3;2;6;0;0;1;0;0;0;0;0;783450,1008;5826733,226;13,17812093;52,51684592
202772;11;9;9501941;2018;7;10;7;3;5;3;0;0;1;0;0;0;0;0;811203,3078;5821188,898;13,58067577;52,45203448
202773;11;12;12200412;2018;7;22;2;3;0;3;2;1;1;0;0;0;0;0;791381,0661;5833134,436;13,30028756;52,57005216
202774;11;4;4100101;2018;7;21;5;3;2;6;1;0;1;0;0;0;0;0;791244,5937;5829711,01;13,29527605;52,53943481
202775;11;8;8300934;2018;7;20;2;3;5;3;0;0;0;0;1;0;1;0;803574,3906;5818136,088;13,46598615;52,42896229
202776;11;3;3400620;2018;7;20;5;3;2;2;0;0;1;0;0;0;0;0;797416,3586;5833969,319;13,38982561;52,57427182
202777;11;6;6200312;2018;7;9;7;3;4;6;0;1;1;0;0;0;0;0;794463,2954;5818028,007;13,33227696;52,43297346
202778;11;11;11200410;2018;7;15;5;3;6;7;0;1;0;1;0;0;0;0;805067,8454;5832856,375;13,50136281;52,5600626
202779;11;2;2300314;2018;7;20;2;3;3;6;0;1;1;0;0;0;0;0;800131,5117;5825762,254;13,4223595;52,49921896
202780;11;12;12400722;2018;7;18;5;3;2;6;0;0;1;0;0;0;0;0;790700,84;5837445,989;13,29406273;52,60906816
202781;11;7;7100206;2018;7;18;5;3;5;2;0;1;0;0;0;0;1;0;796681,7515;5824820,982;13,3708515;52,49266779
202782;11;6;6200314;2018;7;10;7;3;2;6;0;0;1;0;0;0;0;0;795140,073;5818220,308;13,34237276;52,4343326
202783;11;4;4500939;2018;7;19;2;3;5;2;0;1;1;0;0;0;0;0;792433,9159;5824092,808;13,30782495;52,48843224
202784;11;1;1100206;2018;7;18;5;3;2;2;0;0;1;0;0;0;0;0;797197,3527;5827500,741;13,3808155;52,51640843
202785;11;2;2400521;2018;7;18;2;3;6;4;0;1;0;1;0;0;0;0;800734,8765;5828488,325;13,4336843;52,52332129
202786;11;11;11401136;2018;7;9;7;3;5;2;0;1;1;0;0;0;0;0;805885,3188;5825856,221;13,50694436;52,49686665
202787;11;3;3400723;2018;7;18;2;3;5;2;0;1;1;0;0;0;0;0;798609,4511;5833050,366;13,40655163;52,56538152
202788;11;5;5100316;2018;7;18;5;3;5;2;0;0;0;0;1;0;1;0;784488,8502;5829372,003;13,19564585;52,53996443
202789;11;1;1300836;2018;7;19;5;2;0;1;0;1;0;0;0;0;0;0;796477,7494;5829934,71;13,37241214;52,53861812
202790;11;1;1300733;2018;7;17;2;3;2;6;0;0;1;0;1;0;0;0;797309,0455;5831875,114;13,38637004;52,55555857
202791;11;6;6400844;2018;7;9;7;3;5;2;0;1;1;0;0;0;0;0;790387,9079;5820839,826;13,27494459;52,46036086
202792;11;1;1100310;2018;7;23;7;3;6;4;2;1;0;1;0;0;0;0;799501,8846;5828350,133;13,41544084;52,52276127
202793;11;3;3300516;2018;7;18;5;3;8;1;0;0;1;0;0;0;0;0;801051,9537;5833859,345;13,44321229;52,57128734
202794;11;1;1100206;2018;7;17;2;3;2;6;0;0;1;0;0;0;0;0;797540,1955;5827523,632;13,38587354;52,51642669
202795;11;9;9301126;2018;7;22;5;3;0;1;2;0;0;0;1;0;0;0;812369,6465;5816489,336;13,59339388;52,40925479
202796;11;2;2500835;2018;7;23;7;3;5;3;2;0;1;0;0;0;0;0;802104,9779;5826357,861;13,45188328;52,50346853
202797;11;7;7501031;2018;7;17;5;2;5;3;0;0;1;0;0;0;1;0;799229,9833;5820080,551;13,40402132;52,44878533
202798;11;2;2500835;2018;7;19;7;2;5;2;0;0;1;0;1;0;0;0;803012,5315;5825740,494;13,46465142;52,49743192
202799;11;1;1200518;2018;7;17;2;3;5;3;0;0;1;0;1;0;0;0;793320,5124;5828538,909;13,32476284;52,52781404
202800;11;4;4300517;2018;7;18;5;3;5;2;0;0;1;0;0;0;0;0;791387,9783;5828586,252;13,2963981;52,52927487
202801;11;1;1400937;2018;7;12;7;2;6;4;0;0;0;1;1;0;0;0;793685,9133;5832195,811;13,33336689;52,56039933
202802;11;4;4501153;2018;7;17;5;3;5;2;0;1;1;0;0;0;0;0;793862,3474;5823228,992;13,32804051;52,47992151
202803;11;1;1400939;2018;7;3;7;3;9;1;2;0;1;0;0;0;0;0;794538,2689;5831583,983;13,34536128;52,55445438
202804;11;5;5200629;2018;7;17;2;3;6;2;0;0;1;1;0;0;0;0;784459,3086;5828663,322;13,19460477;52,5336258
202805;11;7;7300516;2018;7;17;5;3;0;2;0;1;1;0;0;0;0;0;793996,6196;5821570,156;13,32854992;52,4649785
202806;11;1;1400937;2018;7;14;2;3;3;6;0;1;0;0;0;0;1;0;791752,435;5831102,968;13,30396546;52,55164171
202807;11;10;10200420;2018;7;1;7;2;9;1;2;0;0;0;1;0;0;0;811823,093;5830851,861;13,59881095;52,53827389
202808;11;9;9501737;2018;7;20;2;3;5;3;0;0;1;0;0;0;0;0;815016,2855;5821294,576;13,63670121;52,4507977
202809;11;2;2500834;2018;7;17;5;3;6;4;0;0;1;1;0;0;0;0;802587,866;5826877,696;13,45944828;52,50786022
202810;11;2;2200210;2018;7;20;2;2;5;3;0;1;1;0;0;0;0;0;798317,1063;5824984,908;13,39501428;52,4932459
202811;11;2;2400521;2018;7;8;6;2;5;2;0;1;0;0;0;0;1;0;801250,8631;5827844,601;13,44068363;52,51726667
202812;11;11;11300721;2018;7;17;5;3;5;3;0;1;1;0;0;0;0;0;804920,1109;5829935,206;13,49650839;52,53396463
202813;11;5;5100312;2018;7;8;6;3;1;3;0;0;1;0;0;0;1;0;784626,5468;5830362,887;13,19851979;52,54877677
202814;11;10;10100313;2018;7;17;2;2;5;3;0;0;1;0;1;0;0;0;809390,8101;5831073,593;13,56326989;52,54164723
202815;11;8;8100312;2018;7;17;5;3;5;2;0;1;1;0;0;0;0;0;801412,807;5824468,793;13,44000745;52,48691926
202816;11;2;2200209;2018;7;6;6;3;5;2;0;1;1;0;0;0;0;0;797101,4674;5824478,345;13,37670986;52,48936812
202817;11;1;1200517;2018;7;15;5;3;2;6;0;0;1;0;0;0;0;0;793518,3719;5829295,897;13,32833947;52,53449356
202818;11;8;8100208;2018;7;16;6;3;2;7;0;1;1;0;0;0;0;0;801648,0562;5822529,694;13,44170746;52,46940883
202819;11;11;11200411;2018;7;17;2;2;1;5;0;1;1;0;0;0;0;0;804909,2732;5831700,842;13,49796955;52,54979507
202820;11;1;1100311;2018;7;15;5;3;5;2;0;1;0;0;0;1;0;0;799676,2617;5827574,434;13,41730454;52,51571255
202821;11;7;7200308;2018;7;17;2;3;5;2;0;1;1;0;0;0;0;0;795216,5623;5823538,931;13,34819774;52,4819695
202822;11;4;4300623;2018;7;22;6;3;6;4;2;1;1;1;0;0;0;0;792420,0716;5826104,023;13,30938735;52,50646974
202823;11;7;7400721;2018;7;17;6;3;1;5;0;0;1;0;0;0;0;0;797066,6478;5823152,273;13,37501684;52,47750017
202824;11;2;2400623;2018;7;8;2;3;3;6;0;1;0;0;0;1;0;0;800587,0945;5827030,415;13,43019551;52,51033513
202825;11;8;8100206;2018;7;15;5;3;0;3;0;0;1;0;1;0;0;0;800622,3578;5823768,144;13,42776959;52,4810749
202826;11;7;7300619;2018;7;8;2;3;5;2;0;0;1;0;0;0;0;0;795237,9053;5822271,613;13,34738919;52,47059731
202827;11;8;8100415;2018;7;16;6;3;5;2;0;1;1;0;0;0;0;0;802030,6274;5823470,596;13,44817428;52,47763089
202828;11;4;4300412;2018;7;9;2;3;0;6;0;0;1;0;1;0;0;0;790687,8415;5827366,137;13,28503978;52,51871035
202829;11;4;4100102;2018;7;16;5;3;5;2;0;1;1;0;0;0;0;0;791429,789;5829183,339;13,29753619;52,53460531
202830;11;7;7100102;2018;7;9;2;3;2;6;0;0;1;0;0;0;1;0;795536,6178;5825528,92;13,35466199;52,49963511
202831;11;10;10300732;2018;7;17;6;3;5;3;0;1;1;0;0;0;0;0;809906,9779;5829668,928;13,56954692;52,52876598
202832;11;7;7400927;2018;7;14;5;2;6;4;0;0;1;1;0;0;0;0;797997,1756;5821158,051;13,38689643;52,4591173
202833;11;7;7400824;2018;7;16;6;3;5;3;0;1;0;0;0;0;1;0;797864,806;5821786,266;13,3855146;52,46482072
202834;11;8;8300934;2018;7;15;2;2;6;4;0;0;0;1;0;0;1;0;802619,0068;5818811,051;13,45258818;52,43554135
202835;11;2;2200213;2018;7;14;5;3;0;4;0;1;0;1;0;0;0;0;799658,791;5825210,576;13,41492028;52,49453377
202836;11;6;6300633;2018;7;11;2;3;1;5;0;1;1;0;0;0;0;0;792995,7753;5819676,239;13,31219775;52,44853758
202837;11;2;2300419;2018;7;2;6;3;6;4;2;0;1;1;0;0;0;1;802025,6466;5825582,662;13,45001507;52,4965643
202838;11;6;6100209;2018;7;15;6;2;5;3;0;1;1;0;0;0;0;0;794681,2912;5821654,622;13,33867366;52,46536686
202839;11;5;5100209;2018;7;11;2;3;5;7;0;0;1;0;0;0;0;0;783588,0101;5830204,631;13,18310967;52,54789949
202840;11;3;3500935;2018;7;13;5;3;1;5;0;1;1;0;0;0;0;0;801482,5415;5831232,08;13,4471599;52,54750086
202841;11;7;7100205;2018;7;12;2;3;5;3;0;0;1;0;0;0;0;0;796354,7958;5825083,563;13,36628342;52,4951992
202842;11;9;9401534;2018;7;17;5;3;6;7;0;1;0;1;0;0;0;0;811172,5035;5820369,732;13,57946091;52,44471102
202843;11;6;6200421;2018;7;12;2;3;1;5;0;1;1;0;0;0;0;0;793027,2926;5816833,156;13,31016801;52,42303294
202844;11;9;9501941;2018;7;15;6;3;5;2;0;1;1;0;0;0;0;0;811704,0248;5821147,723;13,58798188;52,45138022
202845;11;5;5100101;2018;7;15;6;2;5;3;0;0;1;0;1;0;0;0;785349,7988;5832587,331;13,2110698;52,56834234
202846;11;4;4300412;2018;7;13;2;3;5;2;0;1;1;0;0;0;0;0;790797,7448;5827378,09;13,28666539;52,51875892
202847;11;1;1100310;2018;7;23;5;3;0;1;2;0;0;0;1;0;0;0;799659,5209;5828733,559;13,4181028;52,52611148
202848;11;3;3200310;2018;7;16;2;3;2;6;0;0;1;0;0;0;0;0;799269,9889;5837679,01;13,42044803;52,60650685
202849;11;7;7400927;2018;7;13;6;2;2;6;0;0;1;0;0;0;0;0;799474,6495;5821794,523;13,40914799;52,46401479
202850;11;1;1200518;2018;7;15;2;3;5;2;0;0;1;0;1;0;0;0;793555,6771;5828923,732;13,3285592;52,5311372
202851;11;9;9100304;2018;7;11;5;1;0;1;0;0;1;0;1;0;0;0;804589,6998;5822462,533;13,48481784;52,46717481
202852;11;6;6400737;2018;7;15;2;3;5;7;0;1;1;0;0;0;0;0;784495,9179;5817237,221;13,18539179;52,43115838
202853;11;9;9501736;2018;7;12;4;3;2;6;0;0;1;0;0;0;0;0;813005,0752;5821408,862;13,60730972;52,45297701
202854;11;7;7100103;2018;7;14;6;2;6;7;0;0;0;1;0;0;1;0;795716,7572;5825434,943;13,35722452;52,4986951
202855;11;9;9501838;2018;7;10;4;3;4;6;0;1;0;0;0;0;0;0;822060,5092;5819318,812;13,73810011;52,42899197
202856;11;4;4501042;2018;7;13;6;3;5;2;0;0;1;0;0;0;1;0;793513,2429;5825446,718;13,32486819;52,49999027
202857;11;2;2400623;2018;7;14;2;3;5;2;0;0;1;0;0;1;0;0;800589,0203;5827046,864;13,43023866;52,51048151
202858;11;3;3100101;2018;7;22;4;3;5;2;2;1;1;0;0;0;0;0;801104,6927;5839072,674;13,44872782;52,61798506
202859;11;12;12601032;2018;7;15;2;2;6;3;0;0;1;1;0;0;0;0;792785,5127;5837466,635;13,32477949;52,60813437
202860;11;7;7200412;2018;7;13;6;2;6;2;0;0;1;1;0;0;0;0;796270,7573;5822959,468;13,36316113;52,47620417
202861;11;9;9100408;2018;7;12;6;3;5;2;0;1;1;0;0;0;0;0;806452,0564;5820712,775;13,51054128;52,45045145
202862;11;1;1401043;2018;7;15;2;2;1;1;0;0;1;0;0;0;1;0;796017,5499;5831323,783;13,36688457;52,55131996
202863;11;6;6400842;2018;7;21;4;3;5;3;2;1;1;0;0;0;0;0;790135,2543;5819771,027;13,27030765;52,45091298
202864;11;7;7501032;2018;7;16;2;2;2;1;0;0;1;0;0;0;0;0;799960,5347;5820428,033;13,41505089;52,45149968
202865;11;3;3200205;2018;7;21;4;3;5;2;0;1;1;0;0;0;0;0;798074,9335;5835807,668;13,40116829;52,59038965
202866;11;5;5100211;2018;7;12;6;3;0;1;0;1;0;0;0;0;0;0;783537,4745;5829161,625;13,18147609;52,53857404
202867;11;11;11200411;2018;7;19;4;3;5;2;0;0;1;0;1;0;0;0;805477,4845;5831615,013;13,5062446;52,54870751
202868;11;1;1100206;2018;7;7;2;3;3;6;0;1;0;0;0;0;1;0;797168,0641;5827641,937;13,38051126;52,51769005
202869;11;7;7501134;2018;7;18;4;3;2;6;0;0;1;0;0;0;1;0;799048,7333;5819072,919;13,40046042;52,43985234
202870;11;8;8401241;2018;7;12;6;3;2;2;0;0;0;0;1;0;1;0;804083,8237;5819271,856;13,47448878;52,43885913
202871;11;1;1100102;2018;7;12;6;3;5;2;0;0;1;0;1;0;0;0;796113,4613;5826715,491;13,3641902;52,50995896
202872;11;7;7300516;2018;7;18;4;3;5;3;0;0;1;0;0;0;0;0;793705,1073;5821648,972;13,32434059;52,46584184
202873;11;4;4500936;2018;7;6;2;3;5;2;0;0;0;0;1;0;1;0;792292,5608;5825373,417;13,30687263;52,49998835
202874;11;3;3200310;2018;7;18;4;3;5;3;0;1;1;0;0;0;0;0;799425,3842;5837877,187;13,42291521;52,60819759
202875;11;12;12100204;2018;7;11;6;3;1;5;0;1;1;0;0;0;0;0;794833,7179;5832867,648;13,35084688;52,56580152
202876;11;9;9501939;2018;7;18;4;3;6;4;0;0;1;1;0;0;0;0;811040,235;5821850,75;13,57890025;52,45805849
202877;11;11;11300722;2018;7;11;6;3;2;6;0;0;0;0;1;0;0;1;804080,4812;5828685,06;13,4830247;52,52322913
202878;11;9;9200715;2018;7;8;2;3;2;6;0;1;1;0;0;0;0;0;808411,3402;5818728,999;13,53745062;52,43157096
202879;11;4;4501149;2018;7;17;4;3;5;2;0;1;1;0;0;0;0;0;793448,3832;5824501,578;13,32308285;52,49155235
202880;11;3;3601243;2018;7;8;2;3;0;3;0;1;1;0;0;0;0;0;799495,3387;5831781,735;13,41843754;52,55352373
202881;11;1;1400940;2018;7;16;6;3;5;3;0;0;0;0;1;0;1;0;795864,6792;5832063,217;13,36529554;52,5580313
202882;11;4;4500938;2018;7;10;6;3;6;7;0;0;1;1;0;0;0;1;791736,8368;5824831,822;13,29823483;52,4954304
202883;11;3;3200207;2018;7;17;4;3;5;3;0;1;1;0;0;0;0;0;798492,4517;5835387,465;13,40693468;52,58639424
202884;11;1;1100311;2018;7;8;2;3;2;2;0;0;1;0;0;0;0;0;799730,6362;5827581,111;13,41810946;52,51574252
202885;11;2;2200211;2018;7;20;4;3;1;5;0;0;1;0;0;0;1;0;798519,2254;5824620,823;13,39765633;52,48987184
202886;11;3;3300516;2018;7;9;6;3;5;2;0;1;1;0;0;0;0;0;800351,3646;5833765,71;13,43282122;52,57083511
202887;11;2;2500833;2018;7;20;4;2;6;4;0;1;0;1;0;0;0;0;802344,0737;5827093,823;13,45606346;52,50993253
202888;11;5;5200631;2018;7;9;6;3;0;1;0;0;0;0;1;0;0;0;784759,2047;5827262,713;13,19781455;52,52091133
202889;11;6;6100103;2018;7;8;2;3;1;5;0;0;1;0;1;0;0;0;793133,4224;5821695,039;13,31598987;52,46656183
202890;11;1;1300733;2018;7;20;4;2;5;2;0;0;1;0;1;0;0;0;797146,694;5831798,786;13,38391407;52,55496299
202891;11;9;9200819;2018;7;7;6;3;2;6;0;0;1;0;0;1;0;1;809778,611;5820456,192;13,55909812;52,44627728
202892;11;3;3601243;2018;7;6;6;3;5;3;0;1;1;0;0;0;0;0;799748,815;5831751,385;13,42213756;52,55311225
202893;11;2;2300314;2018;7;0;2;3;0;1;2;0;0;0;1;0;0;0;799913,8048;5825990,055;13,41936716;52,50138053
202894;11;1;1100308;2018;7;8;4;3;0;2;0;1;1;0;0;0;0;0;797131,0111;5827859,577;13,38016119;52,51966114
202895;11;1;1100415;2018;7;16;2;3;5;3;0;0;1;0;0;0;1;0;798315,0203;5829372,365;13,39891665;52,53257484
202896;11;3;3601449;2018;7;2;4;3;1;5;2;0;1;0;0;0;0;0;801471,287;5830226,44;13,44608181;52,53849349
202897;11;1;1300836;2018;7;17;5;3;5;2;0;0;1;0;0;0;0;1;796300,4414;5830671,219;13,37046239;52,5453166
202898;11;6;6400841;2018;7;19;1;3;1;5;0;0;1;0;0;0;0;0;789827,7706;5818718,801;13,26488277;52,44164252
202899;11;6;6200421;2018;7;17;4;3;2;6;0;0;1;0;0;0;1;0;793748,5478;5818349,657;13,32207642;52,43624124
202900;11;1;1300834;2018;7;14;1;3;5;7;0;0;1;0;1;0;0;0;797650,6699;5830785,373;13,39041728;52,54560386
202901;11;7;7501029;2018;7;17;5;2;5;2;0;0;1;0;1;0;0;0;797681,4908;5819315,721;13,3806219;52,44277475
202902;11;1;1100311;2018;7;19;1;2;5;2;0;0;1;0;0;0;0;0;799737,1399;5827567,328;13,4181926;52,5156154
202903;11;7;7100205;2018;7;17;4;3;0;6;0;0;1;0;1;0;0;0;796337,9489;5825297,369;13,3662262;52,49712492
202904;11;7;7501029;2018;7;17;5;3;6;4;0;0;1;1;0;0;0;1;797018,3319;5819767,274;13,37129528;52,44718313
202905;11;1;1400942;2018;7;17;4;3;5;3;0;0;1;0;0;0;0;0;795002,693;5830659,745;13,35137041;52,545918
202906;11;9;9200716;2018;7;17;5;3;6;2;0;0;0;1;0;0;1;1;808895,1135;5819345,936;13,54511374;52,43682702
202907;11;9;9401329;2018;7;19;1;3;3;6;0;1;1;0;0;0;0;1;811411,0059;5819603,296;13,58224457;52,43770682
202908;11;6;6200314;2018;7;16;4;3;5;2;0;1;1;0;0;0;0;0;795065,3977;5818152,215;13,3412174;52,43376247
202909;11;5;5100209;2018;7;17;1;3;5;2;0;0;1;0;0;0;0;0;783697,7316;5830177,081;13,18469991;52,54759535
202910;11;3;3500936;2018;7;19;5;3;5;3;0;1;1;0;0;0;0;1;802772,6669;5831545,336;13,46641338;52,54959305
202911;11;1;1100308;2018;7;12;5;3;0;1;0;0;0;0;1;0;0;1;796772,4577;5828814,4;13,37574439;52,52841535
202912;11;8;8401244;2018;7;19;1;3;6;4;0;0;1;1;0;0;0;0;805275,1758;5816236,547;13,48919085;52,41099095
202913;11;3;3501037;2018;7;15;4;3;5;2;0;1;1;0;0;0;0;0;803155,0258;5832211,022;13,47264297;52,55534675
202914;11;11;11501340;2018;7;17;1;3;1;5;0;1;1;0;0;0;0;0;808067,384;5823793,214;13,53707919;52,47715073
202915;11;2;2500832;2018;7;19;5;2;0;7;0;0;1;0;0;0;0;1;803571,721;5826962,048;13,47397701;52,50806969
202916;11;8;8200832;2018;7;13;1;3;3;6;0;1;1;0;0;0;0;0;801611,6568;5817419,257;13,43655962;52,42362263
202917;11;4;4300414;2018;7;16;4;3;5;3;0;0;1;0;0;0;0;0;791744,7592;5827321,038;13,30053269;52,51774164
202918;11;7;7200308;2018;7;7;1;3;2;6;0;0;1;0;0;0;0;0;794965,7799;5823170,682;13,34418976;52,47880391
202919;11;12;12200310;2018;7;21;5;2;0;1;2;0;0;0;1;0;0;1;792055,078;5833370,387;13,31041204;52,57180616
202920;11;1;1100309;2018;7;21;5;3;5;2;2;1;1;0;0;0;0;1;798666,2841;5828556,397;13,40334673;52,52506848
202921;11;7;7400823;2018;7;12;1;3;5;2;0;0;1;0;0;0;0;0;797353,5149;5821936,39;13,37814443;52,46644493
202922;11;3;3200308;2018;7;15;4;3;0;7;0;1;0;0;0;0;0;0;798977,4654;5837833,365;13,41628065;52,60805134
202923;11;9;9401635;2018;7;9;1;2;5;3;0;1;1;0;0;0;0;0;817078,73;5817101,86;13,66297394;52,41203669
202924;11;8;8100415;2018;7;23;5;2;6;2;2;0;1;1;0;0;0;1;801547,2027;5823814,983;13,4413893;52,48098483
202925;11;11;11300619;2018;7;15;4;3;5;3;0;1;1;0;0;0;0;0;803417,6749;5828790,645;13,47338175;52,52454468
202926;11;11;11300618;2018;7;23;5;3;5;3;2;1;1;0;0;0;0;1;802425,8438;5828888,784;13,45889632;52,52597533
202927;11;7;7501135;2018;7;9;1;3;5;2;0;0;1;0;0;0;0;0;798865,0993;5817219,676;13,3961105;52,42334061
202928;11;7;7400721;2018;7;15;4;3;0;2;0;0;1;0;1;0;0;1;797826,501;5822576,75;13,38565802;52,47192742
202929;11;9;9100305;2018;7;8;1;3;5;2;0;0;1;0;1;0;0;0;805017,4516;5822704,78;13,49131656;52,46910735
202930;11;3;3601450;2018;7;15;5;2;5;2;0;1;1;0;0;0;0;1;801966,278;5829731,856;13,45290858;52,5337865
202931;11;12;12500824;2018;7;15;5;3;2;2;0;1;1;0;0;0;0;1;790667,3776;5835480,804;13,29184458;52,59146857
202932;11;1;1401046;2018;7;4;1;3;8;1;2;0;1;1;0;0;0;0;794607,2386;5829863,316;13,34484929;52,53899258
202933;11;7;7100205;2018;7;22;4;3;0;1;2;1;0;0;0;0;0;0;796216,8806;5825331,269;13,36447815;52,49749453
202934;11;2;2200213;2018;7;1;1;3;1;5;2;1;1;0;0;0;0;0;799952,5144;5824756,392;13,4188249;52,49030138
202935;11;4;4500937;2018;7;14;5;3;0;1;0;0;1;0;1;0;0;1;791903,9314;5825216,917;13,30102663;52,49879338
202936;11;2;2500728;2018;7;18;7;3;5;2;0;1;1;0;0;0;0;0;803084,9583;5827631,234;13,4674363;52,51433814
202937;11;1;1300732;2018;7;13;4;3;5;2;0;1;1;0;0;0;0;0;797337,4683;5832358,795;13,38722134;52,55987865
202938;11;3;11300617;2018;7;23;7;3;6;4;2;0;1;1;0;0;0;0;802621,8025;5829321,262;13,46216958;52,52974284
202939;11;8;8401243;2018;7;12;4;3;0;5;0;0;1;0;0;0;0;0;805657,4921;5817024,614;13,49551381;52,4178408
202940;11;5;5400942;2018;7;14;5;3;2;6;0;0;1;0;0;0;0;1;783708,4422;5824587,151;13,18008884;52,49746937
202941;11;9;9200715;2018;7;13;4;3;5;2;0;0;1;0;0;0;0;0;807713,4199;5818120,829;13,52665785;52,42651341
202942;11;2;2200210;2018;7;13;5;3;0;6;0;0;0;0;1;0;1;1;798296,5997;5825345,181;13,39503572;52,49648649
202943;11;1;1100308;2018;7;23;7;3;2;6;2;0;1;0;1;0;0;0;797614,9977;5828331,773;13,38769569;52,52362988
202944;11;4;4100101;2018;7;12;4;3;0;6;0;0;0;0;1;0;1;0;790407,0426;5829024,748;13,28236167;52,53372947
202945;11;1;1100308;2018;7;21;7;3;0;1;1;1;0;0;0;0;0;0;796679,5459;5829749,14;13,3752131;52,53684486
202946;11;9;9200716;2018;7;12;5;3;5;7;0;0;1;0;0;0;0;1;809381,1857;5819004,346;13,55192527;52,43349101
202947;11;12;12200309;2018;7;12;5;3;5;2;0;0;1;0;0;0;0;1;793277,7366;5832576,995;13,3276998;52,56403643
202948;11;4;4300622;2018;7;12;4;3;5;2;0;1;0;0;0;1;0;0;793794,2019;5826919,805;13,33029527;52,51304457
202949;11;2;2100102;2018;7;12;5;3;5;2;0;0;1;0;0;0;0;1;798370,05;5826337,726;13,39700373;52,50534324
202950;11;3;3601449;2018;7;19;7;3;0;1;0;0;1;0;1;0;0;0;801146,9875;5830398,079;13,44147025;52,54021122
202951;11;2;2100101;2018;7;11;4;3;5;2;0;1;1;0;0;0;0;0;797858,107;5825635,107;13,38885494;52,49932482
202952;11;1;1300834;2018;7;20;7;3;5;3;0;1;1;0;0;0;0;0;798508,1782;5830232,657;13,40252854;52,54018039
202953;11;4;4300416;2018;7;11;5;3;0;2;0;0;1;0;0;0;1;1;791938,6815;5826105,342;13,30231602;52,50673937
202954;11;1;1100308;2018;7;11;5;3;2;6;0;0;1;0;0;0;0;1;797024,0546;5828929,776;13,37954535;52,52931254
202955;11;12;12200414;2018;7;18;7;3;5;2;0;1;1;0;0;0;0;0;791906,2974;5831504,651;13,30658148;52,55516024
202956;11;8;8401241;2018;7;10;4;3;1;5;0;0;1;0;1;0;0;0;804076,0223;5819164,445;13,47427665;52,43790076
202957;11;1;1100102;2018;7;18;7;3;5;2;0;0;1;0;0;0;0;0;796582,024;5826874,367;13,37121575;52,51112858
202958;11;11;11100309;2018;7;10;4;3;5;2;0;1;1;0;0;0;0;0;805419,3122;5833322,524;13,50696041;52,56404334
202959;11;4;4500938;2018;7;11;5;3;5;2;0;1;1;0;0;0;0;1;792069,2581;5824913,334;13,30318895;52,49598335
202960;11;1;1100309;2018;7;10;4;3;1;5;0;1;1;0;0;0;0;0;797880,8354;5828338,31;13,39160824;52,52354331
202961;11;9;9502043;2018;7;18;7;3;5;2;0;1;1;0;0;0;0;0;811252,0203;5822281,31;13,5824086;52,46179639
202962;11;1;1200517;2018;7;10;4;3;5;2;0;1;1;0;0;0;0;0;793291,94;5829029,876;13,32477602;52,53223071
202963;11;2;2200210;2018;7;10;4;3;5;2;0;1;1;0;0;0;0;0;798005,5156;5825273,365;13,39069639;52,49600177
202964;11;2;2100102;2018;7;9;5;3;1;5;0;1;0;0;0;0;1;1;797999,792;5825967,404;13,39123332;52,5022261
202965;11;9;9501736;2018;7;18;7;2;3;6;0;1;1;0;0;0;0;0;812694,0189;5821273,356;13,60262028;52,45194072
202966;11;4;4501040;2018;7;9;4;3;0;7;0;1;1;0;0;0;0;0;792427,923;5825775,944;13,30921453;52,50352439
202967;11;2;2400521;2018;7;17;7;3;5;3;0;1;0;0;1;0;0;0;801248,424;5827823,23;13,44062844;52,51707646
202968;11;1;1100207;2018;7;8;5;3;5;2;0;1;1;0;0;0;0;1;798490,6881;5826659,538;13,3990644;52,50816187
202969;11;2;2400522;2018;7;8;5;3;2;6;0;0;1;0;0;1;0;1;801337,2051;5828711,715;13,44273776;52,52499102
202970;11;5;5100209;2018;7;17;7;3;5;3;0;1;1;0;0;0;0;0;783279,8923;5830688,639;13,17899082;52,55239952
202971;11;12;12200310;2018;7;8;4;3;5;3;0;1;1;0;0;0;0;0;792095,6933;5832969,645;13,3106567;52,56819186
202972;11;7;7100102;2018;7;8;5;3;5;3;0;0;1;0;0;0;0;1;795491,3969;5825559,416;13,35402482;52,49993297
202973;11;1;1100206;2018;7;8;4;3;1;5;0;1;1;0;0;0;0;0;797651,1645;5827031,727;13,38706406;52,5119568
202974;11;7;7400721;2018;7;8;4;3;5;2;0;1;1;0;0;0;0;0;798735,9318;5823947,705;13,40023521;52,48371968
202975;11;11;11200513;2018;7;16;7;3;5;3;0;0;1;0;0;0;0;0;804670,5178;5830738,32;13,49357638;52,54130209
202976;11;4;4300623;2018;7;7;4;3;2;6;0;0;1;0;0;0;0;0;792390,0561;5826105,456;13,30894763;52,50649867
202977;11;1;1300730;2018;7;8;5;3;3;6;0;0;1;0;0;0;1;1;796664,6572;5831986,956;13,37699316;52,5569125
202978;11;2;2400623;2018;7;7;4;3;5;2;0;1;1;0;0;0;0;0;800310,3304;5827625,699;13,42666686;52,51582329
202979;11;1;1300834;2018;7;14;5;3;0;1;0;0;0;0;1;0;0;1;798289,7406;5830105,525;13,39920312;52,53916045