OBJECTID;LAND;BEZ;LOR_ab_2021;UJAHR;UMONAT;USTUNDE;UWOCHENTAG;UKATEGORIE;UART;UTYP1;ULICHTVERH;IstRad;IstPKW;IstFuss;IstKrad;IstGkfz;IstSonstig;USTRZUSTAND;LINREFX;LINREFY;XGCSWGS84;YGCSWGS84
202980;11;2;2300315;2018;7;15;7;3;5;3;0;0;1;0;0;0;0;0;800497,9617;5825998,891;13,42795505;52,50113836
202981;11;3;3300514;2018;7;7;4;3;5;3;0;1;1;0;0;0;0;0;801570,3087;5837855,683;13,45447525;52,60681918
202982;11;6;6100209;2018;7;14;5;2;0;7;0;0;1;0;0;0;0;0;794054,3542;5821159,64;13,32903563;52,46126733
202983;11;8;8401245;2018;7;13;4;3;0;2;0;0;1;0;0;0;1;0;806776,2681;5815610,892;13,51061774;52,40454449
202984;11;9;9501737;2018;7;6;5;2;4;1;1;0;1;0;0;0;0;1;813919,4;5820704,059;13,62005844;52,44613698
202985;11;3;3701554;2018;7;15;7;2;0;1;0;1;0;0;0;0;0;0;799108,2738;5829219,574;13,41043877;52,53077058
202986;11;3;3601450;2018;7;12;4;3;2;6;0;0;1;0;0;0;0;0;802342,5412;5829201,868;13,45795684;52,52882768
202987;11;5;5100317;2018;7;14;7;3;1;1;0;1;1;0;0;0;1;0;786366,2098;5828455,357;13,22246184;52,53076267
202988;11;2;2200209;2018;7;6;5;2;5;3;1;1;1;0;0;0;0;1;797757,507;5824596,935;13,38644945;52,49007372
202989;11;5;5300737;2018;7;14;7;3;1;5;0;0;1;0;0;0;0;0;787158,4057;5829720,977;13,23520177;52,54169291
202990;11;11;11400931;2018;7;12;4;3;6;4;0;1;0;1;0;0;0;0;806000,8011;5827075,579;13,50976064;52,50773022
202991;11;11;11100204;2018;7;0;5;2;2;6;2;0;1;0;1;0;0;1;805899,2894;5833638,388;13,51431061;52,56660473
202992;11;6;6200422;2018;7;9;4;3;2;7;0;0;1;0;0;0;0;0;794206,9258;5817194,158;13,32778323;52,42563625
202993;11;7;7100101;2018;7;23;4;3;2;6;2;0;1;0;0;0;0;1;794920,3113;5825539,334;13,34561849;52,50006189
202994;11;10;10100103;2018;7;14;7;3;5;3;0;0;1;0;0;0;0;0;809127,527;5833832,096;13,56196853;52,5665173
202995;11;6;6400839;2018;7;7;4;2;5;3;0;0;1;0;0;0;0;0;788471,1082;5818501,002;13,24479079;52,44040719
202996;11;1;1100310;2018;7;13;7;3;1;5;0;1;1;0;0;0;0;0;798998,8281;5828615,16;13,40828662;52,52541294
202997;11;6;6200422;2018;7;23;4;3;5;3;2;1;1;0;0;0;0;1;794099,1293;5817410,087;13,32639232;52,42762993
202998;11;2;2500726;2018;7;9;4;3;5;2;0;1;1;0;0;0;0;0;801868,8676;5829008,274;13,45081981;52,52735498
202999;11;7;7100204;2018;7;13;7;3;4;6;0;1;1;0;0;0;0;0;795512,7051;5824871,259;13,35372729;52,49375265
203000;11;10;10100206;2018;7;5;4;3;5;3;0;0;1;0;0;0;0;0;809856,6308;5833214,159;13,57211407;52,56056522
203001;11;10;10100313;2018;7;18;4;3;2;6;0;0;1;0;0;0;1;0;807975,9059;5830835,111;13,54225155;52,5403115
203002;11;7;7400927;2018;7;12;7;3;1;5;0;1;0;0;0;1;0;0;798031,6781;5822047,343;13,38819683;52,46706998
203003;11;9;9502043;2018;7;6;4;3;5;2;0;1;1;0;0;0;0;0;810364,158;5823538,992;13,57055203;52,47357224
203004;11;5;5400942;2018;7;16;4;3;5;2;0;1;1;0;0;0;0;1;782283,8462;5820430,861;13,15564051;52,46094058
203005;11;10;10400940;2018;7;16;4;3;5;3;0;1;1;0;0;0;0;0;812971,702;5826707,882;13,61179279;52,5004813
203006;11;9;9100306;2018;7;13;7;3;2;2;0;0;1;0;1;0;0;0;803660,881;5820714,589;13,46959713;52,45202521
203007;11;1;1100104;2018;7;10;3;3;2;6;0;0;1;0;0;0;0;0;796359,197;5826129,738;13,36727902;52,50457479
203008;11;6;6400737;2018;7;12;7;3;2;6;0;0;1;0;0;0;0;0;785351,683;5817606,4;13,19825992;52,43402276
203009;11;4;4501042;2018;7;15;4;3;5;5;0;0;1;0;1;0;0;0;794140,4395;5825977,336;13,33454984;52,50440927
203010;11;6;6400839;2018;7;12;7;3;5;3;0;1;1;0;0;0;0;0;789258,4874;5818046,419;13,25594883;52,43591573
203011;11;9;9401329;2018;7;13;3;3;5;3;0;1;1;0;0;0;0;0;811749,6966;5819775,758;13,58737173;52,4390594
203012;11;5;5200629;2018;7;12;7;3;5;3;0;0;1;0;0;0;0;0;784357,0865;5828478,591;13,19294376;52,53202283
203013;11;10;10100206;2018;7;16;4;3;5;2;0;0;1;0;0;0;1;1;809325,7434;5832707,251;13,56383515;52,55632435
203014;11;11;11100309;2018;7;16;3;3;6;4;0;1;0;1;0;0;0;0;805340,6657;5833268,113;13,50575368;52,5635998
203015;11;4;4501040;2018;7;15;4;2;2;6;0;1;0;0;0;1;0;0;792364,3168;5825398,419;13,30794865;52,50017405
203016;11;7;7100102;2018;7;11;7;3;0;5;0;1;1;0;0;0;0;0;795189,7155;5825417,708;13,34946791;52,49882594
203017;11;7;7601339;2018;7;17;3;3;5;3;0;1;0;0;0;0;0;0;795818,6664;5815351,018;13,34978874;52,40824463
203018;11;9;9501838;2018;7;10;7;2;5;3;0;1;1;0;0;0;0;0;819386,3494;5820522,065;13,70005202;52,44134067
203019;11;7;7100102;2018;7;13;4;3;5;3;0;0;1;0;1;0;0;0;795545,833;5825250,247;13,35455007;52,49713204
203020;11;9;9501737;2018;7;13;4;3;0;2;0;1;0;0;0;0;1;0;815059,662;5821927,27;13,63793426;52,45644214
203021;11;2;2200210;2018;7;18;3;3;0;6;0;0;1;0;1;0;0;0;798304,7017;5825483,455;13,39527855;52,49772152
203022;11;3;3601141;2018;7;15;5;3;2;6;0;0;1;0;0;0;1;0;799049,3424;5831443,548;13,4115744;52,55073746
203023;11;10;10400938;2018;7;14;3;3;0;7;0;0;0;0;1;0;0;1;813477,5766;5829458,044;13,62181115;52,52483496
203024;11;6;6100207;2018;7;14;3;3;0;6;0;1;0;0;0;0;1;0;793879,93;5820485,892;13,32588264;52,45532127
203025;11;5;5100209;2018;7;14;5;3;6;7;0;1;0;1;0;0;0;0;783703,6052;5830184,201;13,18479238;52,54765613
203026;11;1;1100206;2018;7;13;3;2;5;3;0;1;1;0;0;0;0;0;798042,3656;5827396,72;13,39313845;52,51501489
203027;11;6;6300525;2018;7;14;5;3;5;3;0;1;1;0;0;0;0;0;789714,0537;5815446,453;13,26037982;52,4123648
203028;11;5;5300841;2018;7;13;3;3;2;6;0;0;1;0;0;1;0;0;789774,017;5829265,313;13,27326503;52,53622309
203029;11;5;5200528;2018;7;13;5;3;2;6;0;0;1;0;0;0;0;0;782962,9565;5826869,548;13,17107696;52,51832121
203030;11;4;4300416;2018;7;12;5;3;6;2;0;0;1;1;0;0;0;0;791995,6767;5825982,455;13,3030456;52,50560721
203031;11;8;8100417;2018;7;13;3;3;5;3;0;0;0;0;1;0;1;0;802488,5098;5823164,484;13,45461801;52,4746338
203032;11;11;11300620;2018;7;13;3;3;2;6;0;0;1;0;0;1;0;0;804119,5063;5829830,73;13,48464603;52,53347554
203033;11;1;1300733;2018;7;12;5;3;5;3;0;1;0;0;1;0;0;0;797554,0889;5831891,514;13,38998847;52,55557175
203034;11;9;9100305;2018;7;12;3;3;0;3;0;1;1;0;0;0;0;0;804931,4743;5822551,129;13,48991436;52,46777823
203035;11;1;1401047;2018;7;12;3;3;2;6;0;0;1;0;0;0;0;0;795513,4291;5830719,682;13,35893356;52,54617848
203036;11;1;1100308;2018;7;10;3;3;0;3;0;0;1;0;1;0;0;0;797108,4172;5829252,833;13,38107403;52,53216241
203037;11;9;9501838;2018;7;12;5;3;0;5;0;0;1;0;1;0;0;1;817665,5552;5820933,585;13,67521198;52,44603024
203038;11;12;12400619;2018;7;9;3;3;5;2;0;0;1;0;1;0;0;0;787299,2696;5836410,59;13,24306869;52,60159406
203039;11;3;3701556;2018;7;23;7;2;6;4;2;0;1;1;0;0;0;0;799676,7667;5829221,526;13,41879606;52,53047585
203040;11;12;12400721;2018;7;9;3;3;1;5;0;1;1;0;0;0;0;0;790259,9519;5840223,6;13,29000837;52,63420453
203041;11;10;10300733;2018;7;11;5;3;2;6;0;0;1;0;0;0;0;0;809522,2121;5827209,481;13,56160508;52,50694386
203042;11;12;12500824;2018;7;8;3;3;5;3;0;0;1;0;0;0;1;0;790683,0959;5835386,855;13,29199351;52,59061794
203043;11;12;12400721;2018;7;9;5;3;5;3;0;0;1;0;0;0;0;0;790999,9165;5841493,025;13,30202986;52,64518846
203044;11;12;12200307;2018;7;22;7;2;6;4;2;0;0;1;0;0;1;0;793454,3675;5833514,43;13,33112749;52,5723448
203045;11;6;6100205;2018;7;8;3;3;0;6;0;0;1;0;1;0;0;0;795352,6809;5819977,277;13,34704397;52,44996803
203046;11;1;1100310;2018;7;22;7;3;5;2;2;0;1;0;0;0;0;0;799245,0364;5828468,812;13,41177321;52,52396608
203047;11;4;4500938;2018;7;9;5;3;5;2;0;1;1;0;0;0;0;0;791578,0102;5824880,66;13,29594469;52,4959531
203048;11;2;2200207;2018;7;8;5;3;2;2;0;0;1;0;0;0;0;0;797091,4706;5824724,16;13,37678222;52,49157703
203049;11;3;3601245;2018;7;7;3;3;5;2;0;1;1;0;0;0;0;0;800293,1595;5831557,077;13,42996636;52,55107079
203050;11;1;1100206;2018;7;21;7;3;0;1;2;1;1;0;0;0;0;1;797562,8704;5827892,291;13,38653646;52,5197189
203051;11;2;2500831;2018;7;6;3;3;5;3;0;0;1;0;1;0;0;0;803068,6657;5827455,451;13,46703685;52,51277168
203052;11;7;7300619;2018;7;9;5;3;5;2;0;1;1;0;0;0;0;0;795351,5498;5821418,003;13,34830182;52,46288383
203053;11;7;7200409;2018;7;10;3;3;5;2;0;0;1;0;0;0;0;0;795621,4896;5824465,648;13,35496509;52,49005775
203054;11;7;7400927;2018;7;8;5;3;5;3;0;0;1;0;0;0;1;0;798635,5946;5820660,234;13,3958195;52,4543065
203055;11;6;6400844;2018;7;20;7;3;5;3;1;0;1;0;0;0;0;1;792681,3714;5821720,032;13,30937642;52,46702824
203056;11;7;7400927;2018;7;11;3;3;5;7;0;0;1;0;0;0;0;0;799381,4669;5821774,048;13,40776211;52,46388232
203057;11;1;1200623;2018;7;8;5;3;5;2;0;0;1;0;1;0;0;0;795413,0988;5829564,874;13,35643146;52,53588105
203058;11;2;2300419;2018;7;8;3;2;1;5;0;1;0;0;0;0;1;0;801556,7882;5825888,8;13,44340671;52,49956752
203059;11;12;12100204;2018;7;7;5;3;5;2;0;1;1;0;0;0;0;0;795051,0311;5832461,86;13,35368283;52,56204626
203060;11;1;1400942;2018;7;20;7;3;6;4;0;0;0;1;0;0;1;1;795185,9517;5831034,453;13,35439809;52,54917766
203061;11;10;10300731;2018;7;7;3;2;6;4;0;0;1;1;0;0;0;0;809112,9798;5830206,115;13,5583793;52,53403085
203062;11;11;11501340;2018;7;18;6;3;2;7;0;0;1;0;1;0;0;0;807296,4479;5824563,225;13,52647338;52,48448598
203063;11;1;1100207;2018;7;7;5;3;0;3;0;0;1;0;1;0;0;0;798573,9759;5826871,667;13,40047821;52,51001774
203064;11;6;6300632;2018;7;17;6;3;2;2;0;1;1;0;0;0;0;0;791043,0357;5816474,952;13,2807585;52,42088055
203065;11;6;6200421;2018;7;11;3;3;0;1;0;0;0;0;1;0;0;0;793076,7988;5816633,605;13,31071916;52,42121748
203066;11;7;7200307;2018;7;14;6;3;3;6;0;0;1;0;1;0;0;0;794930,8441;5824691,018;13,34502211;52,49245161
203067;11;1;1100310;2018;7;6;5;3;5;3;0;1;0;0;0;0;1;0;799334,2321;5828610,671;13,41321168;52,52518867
203068;11;11;11401135;2018;7;13;6;3;2;2;0;1;1;0;0;0;0;0;806411,0403;5825633,2;13,51445916;52,49457299
203069;11;2;2400521;2018;7;2;3;3;0;1;2;1;0;0;0;0;0;0;800751,2754;5828477,226;13,43391524;52,52321277
203070;11;12;12200309;2018;7;6;5;3;1;5;0;1;1;0;0;0;1;0;793193,4781;5832622,342;13,32650038;52,56448832
203071;11;8;8401241;2018;7;18;2;3;0;1;0;1;0;0;0;0;0;0;803954,8931;5819036,122;13,47238353;52,43681794
203072;11;1;1100309;2018;7;0;5;3;1;5;2;1;0;0;1;0;0;0;798938,0522;5828950,996;13,40769538;52,52845655
203073;11;8;8200730;2018;7;13;6;3;1;1;0;0;1;0;0;0;0;0;801443,6238;5818689,295;13,43524075;52,43509903
203074;11;11;11300721;2018;7;10;2;2;5;2;0;0;1;0;0;0;1;0;804594,897;5829941,049;13,491734;52,53419883
203075;11;6;6400737;2018;7;12;6;3;5;2;0;1;1;0;0;0;0;0;786748,7733;5817511,889;13,21867331;52,43244476
203076;11;8;8100314;2018;7;18;4;3;2;2;0;1;1;0;0;0;0;0;801025,7738;5823879,254;13,43379238;52,48184859
203077;11;2;2500831;2018;7;12;4;3;6;4;0;0;1;1;0;0;0;0;802859,8413;5827208,36;13,46374422;52,51067302
203078;11;6;6200420;2018;7;10;6;3;5;3;0;0;1;0;1;0;0;0;792941,3226;5816526,982;13,30863927;52,42033416
203079;11;7;7501029;2018;7;10;2;3;1;5;0;0;1;0;0;0;0;0;797305,3559;5819448,64;13,37522258;52,44417088
203080;11;2;2100104;2018;7;10;6;3;1;5;0;1;1;0;0;0;0;0;799585,5207;5826100,842;13,41464503;52,50255389
203081;11;1;1200520;2018;7;11;4;3;5;2;0;1;1;0;0;0;0;0;794554,2348;5829045,88;13,34334554;52,5316935
203082;11;1;1100310;2018;7;8;6;3;5;2;0;1;1;0;0;0;0;0;799130,7091;5828465,461;13,4100901;52,52399877
203083;11;10;10300731;2018;7;10;2;2;5;3;0;0;1;0;1;0;0;0;809655,7046;5830273,554;13,5664179;52,53432716
203084;11;9;9200510;2018;7;8;6;3;0;2;0;1;1;0;0;0;0;0;806598,9764;5822748,708;13,51456622;52,46861581
203085;11;1;1100308;2018;7;11;4;3;6;7;0;0;1;1;0;0;0;0;797169,5428;5829040,526;13,38178272;52,530226
203086;11;5;5300737;2018;7;9;2;3;3;6;0;0;1;0;0;1;0;0;787122,9262;5829381,398;13,23438657;52,53866709
203087;11;10;10100313;2018;7;15;4;3;2;6;0;0;1;0;0;0;0;0;808049,2423;5830868,809;13,54336072;52,54057204
203088;11;3;3701554;2018;7;14;6;3;5;2;0;1;1;0;0;0;0;0;799195,1814;5830030,784;13,41244637;52,53799415
203089;11;8;8401245;2018;7;9;2;3;0;6;0;0;0;0;0;0;1;0;806753,4745;5815625,995;13,51029756;52,40469261
203090;11;8;8401241;2018;7;7;6;3;6;2;0;0;1;1;0;0;0;0;804070,2321;5818534,295;13,4736186;52,43225602
203091;11;9;9200511;2018;7;15;4;3;2;6;0;1;0;0;0;0;1;0;807361,8671;5822342,485;13,52538737;52,46454652
203092;11;6;6200421;2018;7;14;4;3;2;6;0;0;1;0;1;0;0;0;793452,5624;5817170,147;13,31669972;52,4258261
203093;11;1;1200522;2018;7;9;2;3;0;2;0;0;1;0;1;0;0;0;793815,5788;5828153,015;13,33169855;52,52408813
203094;11;1;1100207;2018;7;14;4;3;6;4;0;1;0;1;0;0;0;0;797888,7856;5826658,555;13,39022119;52,50848205
203095;11;2;2300316;2018;7;7;6;3;1;5;0;1;1;0;0;0;0;0;801175,342;5826255,928;13,43813649;52,50306881
203096;11;7;7100206;2018;7;8;2;3;4;6;0;1;0;0;0;0;0;0;796844,4795;5824778,693;13,37320362;52,49220024
203097;11;12;12200412;2018;7;17;6;3;5;7;0;0;1;0;1;0;0;0;790806,7111;5834331,476;13,29288689;52,58109059
203098;11;7;7100102;2018;7;13;4;3;3;6;0;0;0;0;1;0;1;0;794983,6639;5825696,644;13,34668841;52,50143782
203099;11;5;5100317;2018;7;13;4;3;2;6;0;0;1;0;0;0;0;0;787525,164;5828058,013;13,23915621;52,52659017
203100;11;1;1300834;2018;7;17;6;3;0;7;0;1;0;0;0;0;0;0;797797,6005;5830493,55;13,392316;52,54290776
203101;11;1;1200519;2018;7;7;2;3;5;7;0;1;1;0;0;0;0;0;793590,7558;5829126,555;13,32925398;52,53293651
203102;11;1;1100309;2018;7;18;6;3;5;2;0;0;1;0;1;0;0;0;797999,6578;5828901,028;13,39385871;52,52852242
203103;11;10;10100316;2018;7;13;4;3;5;2;0;1;1;0;0;0;0;0;810062,4087;5831666,791;13,57369485;52,54658143
203104;11;11;11100101;2018;7;14;6;3;2;2;0;0;1;0;0;0;0;0;806169,0648;5834545,031;13,5191153;52,57457852
203105;11;8;8300934;2018;7;5;2;3;5;3;0;0;1;0;1;0;0;0;803159,2297;5818450,726;13,46018391;52,4320126
203106;11;7;7400823;2018;7;12;6;3;0;5;0;1;0;0;0;0;1;0;797287,3341;5821192,66;13,37651063;52,45981413
203107;11;11;11401033;2018;7;17;2;3;6;7;0;0;1;1;0;0;0;0;806802,4701;5827518,893;13,5219441;52,51125305
203108;11;8;8100104;2018;7;13;4;3;6;4;0;0;0;1;1;0;0;0;800825,9605;5822578,711;13,42968581;52,47030149
203109;11;1;1200518;2018;7;20;2;3;2;2;1;0;0;0;1;0;1;0;793546,1165;5829009,096;13,32849404;52,5319076
203110;11;12;12601134;2018;7;13;4;3;2;6;0;0;1;0;0;0;0;0;794113,6314;5836506,075;13,34348266;52,59880676
203111;11;5;5300736;2018;7;11;6;2;0;2;0;1;1;0;0;0;0;0;785889,9298;5829232,206;13,21612804;52,53797775
203112;11;1;1100415;2018;7;20;2;3;3;6;0;1;1;0;0;0;0;0;798339,8192;5829326,499;13,39923999;52,53215014
203113;11;7;7400823;2018;7;10;6;2;5;2;0;0;1;0;1;0;0;0;797316,5829;5822178,184;13,37781783;52,46863246
203114;11;2;2100103;2018;7;12;4;3;2;6;0;1;1;0;0;0;0;0;798470,7738;5825552,375;13,39777941;52,4982485
203115;11;6;6100102;2018;7;12;4;3;6;2;0;0;1;1;0;0;0;0;793643,5804;5820604,216;13,32251841;52,45650903
203116;11;11;11300721;2018;7;9;6;3;2;2;0;0;1;0;0;0;0;0;805197,8494;5828967,97;13,49970245;52,52514043
203117;11;1;1100103;2018;7;17;2;3;5;3;0;0;1;0;1;0;0;0;795327,6884;5826172,717;13,35216411;52,50551938
203118;11;2;2400623;2018;7;11;4;2;5;3;0;1;0;0;0;0;1;0;800274,0306;5827632,433;13,4261396;52,51590364
203119;11;11;11200512;2018;7;9;4;3;5;7;0;0;1;0;0;0;0;0;803231,1548;5830234,174;13,47195763;52,53758645
203120;11;6;6100205;2018;7;7;6;2;5;2;0;1;0;0;0;1;0;0;795313,4474;5819983,031;13,34647342;52,4500408
203121;11;4;4400832;2018;7;17;2;3;5;2;0;1;1;0;0;0;0;0;791622,1445;5822439,606;13,29445728;52,47404562
203122;11;4;4200311;2018;7;1;6;3;9;1;2;0;1;0;0;0;0;0;789934,7209;5825099,385;13,27199712;52,49878948
203123;11;3;3601245;2018;7;17;2;3;5;2;0;0;1;0;0;0;0;0;800303,7185;5831589,668;13,4301511;52,55135709
203124;11;9;9501736;2018;7;9;4;3;2;6;0;0;1;0;0;0;0;0;812930,2138;5821375,652;13,60618054;52,45272226
203125;11;9;9200510;2018;7;16;2;3;2;2;0;0;1;0;0;1;0;0;806410,8704;5822983,523;13,51202141;52,47082584
203126;11;3;3300411;2018;7;21;6;3;5;3;1;1;0;0;0;0;0;1;803759,6805;5839301,749;13,48803449;52,61856056
203127;11;3;3200206;2018;7;15;2;3;5;3;0;1;1;0;0;0;0;0;798074,1058;5834704,588;13,40016386;52,58050261
203128;11;4;4300622;2018;7;14;2;3;5;2;0;1;1;0;0;0;0;0;793310,2339;5827215,865;13,32344502;52,51595909
203129;11;1;1100102;2018;7;8;4;2;5;2;0;0;1;0;1;0;0;0;796166,9714;5826503,645;13,36478787;52,50803091
203130;11;7;7400721;2018;7;19;6;2;6;4;0;1;0;1;0;0;0;0;797884,473;5823868,09;13,38766249;52,4834712
203131;11;6;6200314;2018;7;14;2;3;1;5;0;1;1;0;0;0;0;0;794731,3128;5818047,932;13,33622546;52,43300773
203132;11;2;2100106;2018;7;20;6;3;5;2;1;0;1;0;0;0;0;0;799071,4734;5825609,753;13,40665346;52,49843396
203133;11;8;8200832;2018;7;7;4;2;2;2;0;0;1;0;1;0;0;0;801518,0603;5817603,427;13,43535334;52,425325
203134;11;8;8401244;2018;7;7;4;3;7;7;0;0;1;0;0;0;0;0;805552,0111;5816109,035;13,49313187;52,40969367
203135;11;9;9501737;2018;7;13;2;3;5;3;0;0;1;0;1;0;0;0;814524,0165;5821053,373;13,62925414;52,44891972
203136;11;8;8100311;2018;7;20;6;3;1;5;0;1;1;0;0;0;0;0;800607,251;5824419,714;13,42813537;52,48692348
203137;11;11;11300721;2018;7;13;2;3;2;6;0;0;0;0;0;0;1;0;804224,2068;5829847,651;13,48620032;52,53356877
203138;11;1;1100102;2018;7;9;4;3;0;5;0;1;1;0;0;0;0;0;796705,6063;5826841,482;13,3730021;52,5107666
203139;11;4;4501040;2018;7;13;2;3;1;5;0;1;1;0;0;0;0;0;792341,0137;5825888,26;13,30803639;52,50457784
203140;11;8;8100520;2018;7;22;4;3;5;2;2;0;1;0;0;0;0;0;803196,5835;5822714,564;13,46460223;52,47020862
203141;11;2;2300417;2018;7;19;6;3;2;4;1;1;0;1;0;0;0;0;800093,4984;5825671,844;13,42171974;52,49842948
203142;11;4;4300619;2018;7;12;2;3;6;7;0;0;1;1;0;0;0;0;792235,4288;5827265,665;13,30769469;52,51698252
203143;11;4;4100102;2018;7;19;4;3;5;2;0;0;1;0;0;0;0;0;791427,1738;5829179,256;13,29749416;52,53457011
203144;11;11;11300722;2018;7;15;2;3;2;6;0;0;1;0;0;0;0;0;803413,4752;5828617,351;13,47316194;52,52299382
203145;11;8;8401243;2018;7;18;6;3;2;6;0;0;1;0;0;0;0;0;805421,179;5818371,026;13,49327901;52,43004015
203146;11;5;5100317;2018;7;11;2;3;2;6;0;0;1;0;0;0;0;0;787091,442;5828152,221;13,23286191;52,52766338
203147;11;2;2200210;2018;7;18;4;3;5;2;0;1;1;0;0;0;0;0;798843,5331;5825088,206;13,40283777;52,49388386
203148;11;8;8100415;2018;7;14;2;3;5;3;0;0;1;0;0;0;1;0;802161,2793;5823376,831;13,4500072;52,4767182
203149;11;8;8401246;2018;7;9;6;3;5;3;0;1;1;0;0;0;0;0;806799,9996;5817066,059;13,51229898;52,41757304
203150;11;9;9401432;2018;7;18;2;2;5;3;0;1;0;0;1;0;0;0;812132,1758;5820446,148;13,59360638;52,44484887
203151;11;2;2200210;2018;7;17;5;3;5;3;0;1;1;0;0;0;0;0;798537,8412;5824746,845;13,39804259;52,49099129
203152;11;3;3500934;2018;7;17;4;3;0;2;0;1;1;0;0;0;0;0;801109,5664;5831520,624;13,44193776;52,55029338
203153;11;9;9501939;2018;7;17;5;3;5;3;0;1;1;0;0;0;0;0;809933,694;5821624,267;13,56245654;52,45665741
203154;11;7;7300619;2018;7;17;2;2;5;3;0;0;1;0;1;0;1;0;794956,4508;5821604,103;13,34266762;52,46476552
203155;11;11;11400929;2018;7;14;4;3;5;7;0;0;1;0;0;0;0;0;805293,3428;5827144,78;13,49943273;52,50874676
203156;11;6;6400838;2018;7;16;2;2;0;1;0;1;0;0;0;0;0;0;788197,5537;5819834,18;13,24192758;52,45250421
203157;11;1;1100102;2018;7;15;4;3;1;5;0;1;1;0;0;0;1;0;796854,4312;5826771,448;13,37512615;52,51005784
203158;11;2;2500831;2018;7;22;5;3;5;3;2;0;1;0;1;0;0;0;802865,0717;5827469,16;13,46405838;52,51300763
203159;11;4;4300624;2018;7;16;2;3;1;5;0;1;1;0;0;0;0;0;792758,896;5826109,013;13,31436961;52,50633276
203160;11;12;12200309;2018;7;19;5;3;5;3;0;1;1;0;0;0;0;0;793266,6359;5832584,56;13,32754319;52,56411022
203161;11;9;9100101;2018;7;22;4;2;1;5;2;1;1;0;0;0;0;0;801877,8615;5825072,084;13,4473821;52,4920697
203162;11;7;7601443;2018;7;22;4;2;1;5;2;1;1;0;0;0;0;0;800047,4222;5814326,324;13,41085286;52,39675858
203163;11;12;12500929;2018;7;19;5;3;4;6;0;0;0;0;0;0;1;0;794335,2268;5838386,232;13,34841715;52,61554084
203164;11;2;2400623;2018;7;10;2;3;1;6;0;1;1;0;0;1;0;0;800617,5627;5827206,051;13,43080175;52,51189262
203165;11;11;11300725;2018;7;18;5;3;4;6;0;0;1;0;0;0;0;0;804990,9107;5827740,07;13,49553589;52,5142512
203166;11;3;3300516;2018;7;19;4;2;1;5;0;1;1;0;0;0;0;0;800368,4664;5833524,117;13,43285401;52,56866023
203167;11;11;11100102;2018;7;17;4;2;5;2;0;1;1;0;0;0;0;0;807845,2335;5833947,888;13,54321726;52,56828158
203168;11;1;1300733;2018;7;18;5;3;1;7;0;1;1;0;0;0;0;0;797119,9316;5831802,761;13,38352405;52,55501322
203169;11;4;4200311;2018;7;20;1;2;1;5;0;1;1;0;0;0;0;0;790484,4419;5826120,481;13,28096319;52,50765136
203170;11;5;5100313;2018;7;18;5;3;5;2;0;0;1;0;1;0;0;0;785503,7984;5830281,688;13,21135235;52,54758967
203171;11;11;11501339;2018;7;21;4;1;5;2;2;1;0;0;0;0;1;0;807282,1195;5825410,039;13,52704379;52,49208331
203172;11;11;11501340;2018;7;18;5;3;1;1;0;0;1;0;1;0;0;0;807390,5961;5824269,692;13,52758484;52,48180231
203173;11;4;4100101;2018;7;14;1;3;0;6;0;0;1;0;1;0;0;0;791178,205;5829731,228;13,29431765;52,53965154
203174;11;12;12200308;2018;7;21;5;3;2;6;1;0;1;0;0;0;0;0;792787,2271;5833870,677;13,32162614;52,57589766
203175;11;11;11200513;2018;7;10;3;3;2;6;0;0;1;0;0;0;0;0;805073,3448;5830657,42;13,49942348;52,54035167
203176;11;1;1100309;2018;7;13;1;3;0;3;0;1;1;0;0;0;0;0;798532,5204;5828982,531;13,40176352;52,52896144
203177;11;1;1100102;2018;7;20;3;3;6;7;0;0;0;1;1;0;0;0;796711,9723;5826463,787;13,37275895;52,50737747
203178;11;1;1200628;2018;7;20;5;3;0;2;0;0;1;0;0;0;1;0;796255,7922;5828499,007;13,36786952;52,52586919
203179;11;7;7100206;2018;7;13;1;3;5;3;0;1;1;0;0;0;0;0;796686,9797;5824718,254;13,37083681;52,49174409
203180;11;2;2400521;2018;7;21;5;2;5;3;2;1;1;0;0;0;0;0;800719,271;5827886,036;13,43291048;52,51793144
203181;11;3;3400721;2018;7;21;3;3;3;6;1;0;1;0;0;0;1;0;798226,5816;5833057,906;13,40092657;52,56565897
203182;11;4;4501042;2018;7;20;3;3;5;7;0;0;1;0;1;0;0;0;793944,7929;5826056,994;13,33174601;52,5052288
203183;11;1;1100103;2018;7;19;5;3;0;2;0;1;1;0;1;0;0;0;795273,1052;5826037,167;13,35124204;52,50433381
203184;11;9;9200715;2018;7;13;1;3;6;2;0;0;1;1;0;0;0;0;808649,0611;5819158,87;13,54133294;52,43528943
203185;11;6;6300629;2018;7;18;5;2;5;2;0;1;1;0;0;0;0;0;791864,063;5819147,303;13,29513047;52,44440102
203186;11;4;4501150;2018;7;17;3;3;5;2;0;1;1;0;0;0;0;0;793786,9975;5823969,516;13,3275868;52,48660052
203187;11;2;2100102;2018;7;13;1;3;5;3;0;0;1;0;0;0;0;0;798181,1801;5826512,935;13,39438623;52,50701702
203188;11;5;5100314;2018;7;16;5;2;5;3;0;1;1;0;0;0;0;0;784896,6918;5830127,147;13,2022908;52,54652192
203189;11;5;5200423;2018;7;13;1;3;5;3;0;1;1;0;0;0;0;0;782292,7713;5828505,812;13,16261547;52,53334