OBJECTID;LAND;BEZ;LOR_ab_2021;UJAHR;UMONAT;USTUNDE;UWOCHENTAG;UKATEGORIE;UART;UTYP1;ULICHTVERH;IstRad;IstPKW;IstFuss;IstKrad;IstGkfz;IstSonstig;USTRZUSTAND;LINREFX;LINREFY;XGCSWGS84;YGCSWGS84
203190;11;12;12100205;2018;7;12;3;3;0;2;0;1;1;0;0;0;0;0;794514,3339;5834270,442;13,34739433;52,57854932
203191;11;4;4500937;2018;7;13;1;3;4;6;0;1;0;0;0;0;0;0;790738,3973;5825037,491;13,28374882;52,49780702
203192;11;6;6400844;2018;7;6;3;3;5;3;0;1;1;0;0;0;0;0;791952,3783;5821445,809;13,29843582;52,46495989
203193;11;1;1200628;2018;7;17;5;3;0;3;0;0;1;0;1;0;0;0;795730,1955;5828197,826;13,35987691;52,52345472
203194;11;1;1200517;2018;7;17;5;2;2;6;0;0;1;0;1;0;0;0;795114,3713;5829603,287;13,35207409;52,53638724
203195;11;4;4300624;2018;7;12;1;3;2;6;0;0;1;0;1;0;0;0;792881,2077;5826105,215;13,31616321;52,50623306
203196;11;3;3400725;2018;7;17;5;3;5;3;0;1;0;0;0;0;1;0;800051,5246;5835720,446;13,43017971;52,58852115
203197;11;2;2500835;2018;7;7;3;3;0;2;0;0;1;0;0;0;0;0;803012,8015;5825741,269;13,46465609;52,49743872
203198;11;1;1200519;2018;7;11;1;3;1;5;0;0;1;0;0;0;1;0;793898,1734;5828888,812;13,33356284;52,53063961
203199;11;7;7100205;2018;7;0;3;3;0;2;2;0;1;0;0;0;0;0;796046,354;5825344,573;13,36198534;52,49770632
203200;11;6;6300629;2018;7;17;5;3;5;3;0;0;1;0;0;0;0;0;792444,4769;5819760,799;13,30418287;52,44959083
203201;11;4;4200207;2018;7;10;1;3;2;6;0;0;1;0;1;0;0;0;785042,4274;5822546,188;13,19794054;52,47847485
203202;11;1;1300836;2018;7;17;5;3;2;6;0;0;1;0;0;0;0;0;796354,4786;5830051,367;13,37070396;52,53973088
203203;11;2;2100102;2018;7;11;3;3;2;6;0;1;1;0;0;0;0;0;798184,0033;5826495,196;13,39441182;52,50685646
203204;11;3;3300516;2018;7;12;3;3;0;1;0;1;1;0;0;0;0;0;800736,2086;5833304,187;13,43806409;52,56648594
203205;11;10;10200417;2018;7;17;5;3;2;6;0;0;1;0;0;1;0;0;812059,1586;5831806,766;13,6031772;52,54669579
203206;11;11;11100204;2018;7;10;1;3;8;1;0;0;0;0;1;0;0;0;806024,0536;5833596,073;13,51610657;52,56615537
203207;11;1;1100207;2018;7;16;5;3;2;6;0;1;1;0;0;0;0;0;797651,1335;5826931,59;13,38697405;52,5110592
203208;11;8;8300935;2018;7;9;1;3;1;5;0;1;1;0;0;0;0;0;802327,543;5818068,172;13,44764208;52,42904396
203209;11;4;4300620;2018;7;20;3;2;5;7;0;0;1;0;1;0;0;0;793530,1025;5827902,459;13,32728171;52,52199578
203210;11;2;2500833;2018;7;1;1;2;1;5;2;1;1;0;0;0;1;0;802729,7683;5827034,761;13,46167554;52,50918927
203211;11;4;4400832;2018;7;15;5;2;5;2;0;1;0;0;0;1;0;0;791292,634;5822046,13;13,28927604;52,47069392
203212;11;1;1100207;2018;7;16;1;3;5;3;0;1;1;0;0;0;0;0;797894,0086;5826569,565;13,39021828;52,50768151
203213;11;1;1100103;2018;7;18;7;3;5;2;0;0;1;0;1;0;0;0;795188,4344;5825887,539;13,34986555;52,50303833
203214;11;5;5200420;2018;7;20;3;3;5;2;0;1;1;0;0;0;0;0;783584,6007;5828663,21;13,18174373;52,53408063
203215;11;12;12100205;2018;7;15;5;3;2;6;0;0;1;0;0;0;1;0;794216,0896;5835422,628;13,34402857;52,5890391
203216;11;6;6100103;2018;7;18;7;3;3;6;0;1;1;0;0;0;0;0;793401,0439;5821330,572;13,31959764;52,46315085
203217;11;4;4500937;2018;7;15;5;3;6;2;0;0;1;1;0;0;0;0;790950,8457;5824821,173;13,28668058;52,4957545
203218;11;11;11300619;2018;7;19;3;2;6;4;0;0;1;1;0;0;0;0;803240,5216;5828767,81;13,47075774;52,52443857
203219;11;11;11100204;2018;7;15;5;3;5;2;0;1;1;0;0;0;0;0;805961,5771;5833712,714;13,51529527;52,56723585
203220;11;5;5100209;2018;7;17;7;3;5;2;0;0;1;0;1;0;0;0;783699,8798;5830176,597;13,18473109;52,54758989
203221;11;5;5100211;2018;7;16;7;3;2;6;0;1;0;0;0;0;0;0;782804,9347;5830383,577;13,17174452;52,54991108
203222;11;8;8401241;2018;7;15;5;3;8;1;0;0;0;0;1;0;0;0;804773,0931;5817840,829;13,48329313;52,42564953
203223;11;1;1400942;2018;7;17;3;3;2;6;0;0;1;0;0;0;0;0;794668,5398;5830854,291;13,34662959;52,54784279
203224;11;1;1200627;2018;7;18;3;2;6;4;0;0;1;1;0;0;0;0;796054,3341;5828512,187;13,36492041;52,52609677
203225;11;12;12200309;2018;7;16;7;3;2;2;0;0;1;0;1;0;0;0;793475,7359;5832424,19;13,33047731;52,56255994
203226;11;2;2100102;2018;7;15;5;3;5;3;0;1;1;0;0;0;0;0;798310,5519;5825628,188;13,3954941;52,49901567
203227;11;6;6300634;2018;7;13;7;3;0;2;0;0;1;0;1;0;0;0;791976,7429;5818997,684;13,29665288;52,44299953
203228;11;6;6300634;2018;7;18;3;3;0;5;0;1;1;0;0;0;0;0;792138,7688;5818785,191;13,29884416;52,441008
203229;11;12;12400721;2018;7;12;7;3;5;3;0;1;1;0;0;0;0;0;790149,3562;5842633,257;13,29049619;52,65586564
203230;11;8;8100314;2018;7;18;3;3;5;2;0;0;1;0;0;0;0;0;801013,5565;5823907,694;13,43363869;52,48211024
203231;11;5;5100208;2018;7;17;5;3;2;6;0;0;1;0;0;0;0;0;782175,6646;5830050,866;13,16220589;52,54725422
203232;11;6;6100210;2018;7;12;7;3;1;5;0;1;1;0;0;0;0;0;795102,0833;5820958,93;13,34423468;52,45890329
203233;11;2;2100104;2018;7;9;3;3;5;2;0;1;0;0;0;0;1;0;799327,485;5826227,317;13,41096859;52,50382916
203234;11;5;5200528;2018;7;10;7;3;0;2;0;1;1;0;0;0;0;0;783922,6358;5826614,423;13,18496465;52,5155349
203235;11;8;8200725;2018;7;7;3;2;1;1;0;0;0;0;1;1;1;0;801123,1515;5819590,56;13,43135284;52,44335394
203236;11;2;2200208;2018;7;15;5;2;5;1;0;1;1;0;0;0;0;0;797831,1672;5824902,726;13,38780445;52,4927746
203237;11;9;9200512;2018;7;10;7;3;5;2;0;0;1;0;1;0;0;0;808184,2537;5821880,076;13,53702752;52,45993919
203238;11;1;1300834;2018;7;10;5;3;5;3;0;1;0;0;0;0;1;0;797890,5414;5831000,728;13,3941373;52,54740313
203239;11;9;9100408;2018;7;6;3;3;9;1;0;0;0;0;1;0;0;0;806361,3769;5820890,416;13,50937403;52,45209437
203240;11;7;7601340;2018;7;10;5;3;1;5;0;0;1;0;0;0;1;0;796126,148;5815934,625;13,35481207;52,41331007
203241;11;4;4501042;2018;7;14;7;3;5;2;0;1;1;0;0;0;0;0;793924,6472;5825795,981;13,33121963;52,5028998
203242;11;3;3701555;2018;7;8;5;3;5;3;0;1;1;0;0;0;0;0;799708,3189;5830076,499;13,42003075;52,53812195
203243;11;6;6100209;2018;7;11;3;3;5;3;0;0;1;0;0;0;0;0;794463,3775;5821339,256;13,33519698;52,46265724
203244;11;4;4501043;2018;7;13;7;3;1;5;0;1;1;0;0;0;0;0;792661,9247;5825312,053;13,31224448;52,49924027
203245;11;12;12100103;2018;7;17;3;3;3;6;0;0;1;0;0;0;0;0;796048,5272;5833927,878;13,36966359;52,57464611
203246;11;5;5400942;2018;7;8;5;2;2;6;0;0;1;0;0;0;0;0;783736,1259;5824304,37;13,18025466;52,49491949
203247;11;7;7400927;2018;7;12;7;3;0;1;0;0;0;0;1;0;0;0;798450,2937;5821039,43;13,39343958;52,45780675
203248;11;4;4300619;2018;7;16;3;3;5;3;0;1;0;0;1;0;0;0;792447,589;5827189,603;13,31074556;52,51618692
203249;11;7;7300515;2018;7;13;7;2;9;1;0;0;0;0;1;0;0;0;793952,2053;5822259,665;13,32850549;52,47118355
203250;11;11;11100308;2018;7;16;3;3;6;4;0;1;0;1;0;0;0;0;804924,0899;5833129,433;13,49949967;52,56259035
203251;11;11;11300721;2018;7;14;5;3;5;3;0;0;1;0;0;0;0;0;804291,4803;5829080,253;13,48648668;52,52665336
203252;11;5;5100211;2018;7;0;7;3;0;1;2;0;0;0;1;0;0;0;781899,8352;5829476,502;13,15766146;52,54224703
203253;11;9;9100408;2018;7;7;5;3;5;2;0;1;1;0;0;0;0;0;806547,6051;5820533,124;13,51177802;52,44878779
203254;11;12;12100101;2018;7;16;3;2;5;2;0;0;1;0;0;0;0;0;795785,9124;5832579,689;13,36459739;52,56270375
203255;11;3;3601140;2018;7;15;3;3;0;2;0;1;1;0;0;0;0;0;798410,9327;5831802,117;13,40250912;52,55430164
203256;11;1;1100206;2018;7;13;5;2;2;6;0;0;0;0;1;1;0;0;797742,8369;5827564,159;13,38888731;52,51667937
203257;11;9;9501838;2018;7;19;7;2;2;7;0;0;1;0;0;0;0;0;820959,6314;5819480,909;13,72211955;52,43109119
203258;11;8;8100416;2018;7;13;5;3;5;3;0;0;1;0;0;0;1;0;801422,2148;5823488,784;13,43925953;52,47813004
203259;11;9;9200819;2018;7;15;3;3;5;2;0;1;0;0;0;0;1;0;809948,2465;5820448,737;13,56157918;52,44611435
203260;11;5;5100211;2018;7;13;5;3;0;6;0;0;1;0;1;0;0;0;782308,417;5829451,279;13,1636488;52,54180932
203261;11;2;2200213;2018;7;19;7;3;1;5;0;0;1;0;1;0;0;0;799589,9185;5824896,77;13,41362667;52,49175877
203262;11;6;6300633;2018;7;6;5;3;1;7;0;0;1;0;0;0;0;0;793207,5982;5818349,565;13,31414158;52,43653068
203263;11;2;2400624;2018;7;15;3;3;1;5;0;1;1;0;0;0;0;0;802026,9234;5827372,27;13,4516572;52,51260394
203264;11;9;9501838;2018;7;19;7;3;1;5;0;1;1;0;0;0;0;0;819805,8273;5819595,828;13,70531636;52,43279651
203265;11;8;8300935;2018;7;14;3;3;0;6;0;0;0;0;1;0;1;0;802376,8291;5817882,842;13,44819721;52,42735557
203266;11;9;9200715;2018;7;13;5;2;5;3;0;0;1;0;0;0;0;0;808101,6768;5818954,392;13,53311792;52,43376546
203267;11;5;5200528;2018;7;18;7;3;5;2;0;0;0;0;1;0;0;0;783902,8358;5826600,568;13,18466182;52,51542098
203268;11;5;5200629;2018;7;13;5;3;6;4;0;1;0;1;0;0;0;0;783455,7536;5828545,333;13,17974871;52,53309075
203269;11;2;2100104;2018;7;14;3;3;0;3;0;0;1;0;1;0;0;0;799407,7082;5826160,489;13,41208688;52,50318614
203270;11;4;4501148;2018;7;14;3;3;5;7;0;0;1;0;1;0;0;0;793326,1287;5823445,052;13,32035751;52,4821467
203271;11;6;6100207;2018;7;13;5;3;6;2;0;0;1;1;0;0;0;0;793550,4311;5820063,799;13,32067639;52,4517144
203272;11;6;6200422;2018;7;14;6;3;5;3;0;1;0;0;0;1;0;0;794186,1241;5817496,363;13,327744;52,42835659
203273;11;3;3400826;2018;7;12;5;3;5;3;0;0;1;0;0;0;0;0;798926,6254;5832600,61;13,41081188;52,5611761
203274;11;10;10100102;2018;7;8;6;3;5;3;0;1;0;0;0;0;1;0;809450,5534;5834611,965;13,56744673;52,5733226
203275;11;11;11200411;2018;7;12;5;3;5;3;0;0;1;0;0;0;0;0;805610,3565;5831364,074;13,50796716;52,546384
203276;11;9;9502043;2018;7;13;3;3;5;3;0;1;1;0;0;0;0;0;810986,9191;5821976,291;13,57823504;52,45921388
203277;11;1;1401048;2018;7;13;3;3;4;5;0;0;1;0;1;0;0;0;795426,742;5831305,66;13,35818021;52,55147826
203278;11;8;8100314;2018;7;12;5;3;1;5;0;0;1;0;1;0;0;0;800670,0421;5824248,299;13,42890269;52,48535245
203279;11;1;1100416;2018;7;8;6;3;1;5;0;1;1;0;0;0;0;0;798811,5077;5829343,629;13,40618845;52,53204531
203280;11;7;7300517;2018;7;11;5;3;1;5;0;0;1;0;0;0;0;0;794340,0481;5822185,49;13,33413337;52,47030977
203281;11;4;4501043;2018;7;14;2;3;5;3;0;0;1;0;0;0;0;0;793008,6784;5824422,06;13,31655518;52,49107571
203282;11;5;5100316;2018;7;10;5;2;5;2;0;0;1;0;0;0;0;0;784796,038;5828785,87;13,19966067;52,53454871
203283;11;7;7601545;2018;7;7;6;3;6;4;0;1;0;1;0;0;0;0;800158,4249;5814067,546;13,4122476;52,39437816
203284;11;4;4200308;2018;7;10;5;3;2;6;0;0;1;0;0;1;0;0;790340,7232;5827414,516;13,27998065;52,519329
203285;11;3;3100103;2018;7;7;6;3;5;3;0;0;1;0;0;0;0;0;804231,561;5840164,3;13,49577679;52,62602704
203286;11;11;11501339;2018;7;13;2;3;2;6;0;0;0;0;1;0;1;0;807185,2654;5825633,008;13,52582729;52,49413611
203287;11;8;8100311;2018;7;5;6;3;1;5;0;1;1;0;0;0;0;0;800457,6765;5824495,068;13,42600711;52,48768124
203288;11;1;1300733;2018;7;12;2;3;6;7;0;0;1;1;0;0;0;0;797234,2494;5831303,76;13,38475852;52,55047791
203289;11;11;11200513;2018;7;8;5;3;5;3;0;1;1;0;0;0;0;0;804454,8046;5830938,094;13,49058853;52,54321313
203290;11;12;12200412;2018;7;1;6;2;1;1;2;0;1;0;1;0;0;0;791251,5815;5833304,409;13,29853171;52,57164523
203291;11;12;12500926;2018;7;10;5;2;5;2;0;0;1;0;1;0;0;0;793864,4207;5835438,706;13,33886672;52,58937333
203292;11;2;2400521;2018;7;9;2;3;2;2;0;1;1;0;0;0;0;0;801247,5893;5827816,906;13,44061045;52,51702024
203293;11;5;5200629;2018;7;17;2;3;0;6;0;0;1;0;0;0;1;0;783605,5973;5828665,69;13,18205457;52,53409194
203294;11;10;10200421;2018;7;18;4;3;2;6;0;0;1;0;0;0;0;0;812216,6528;5830681,872;13,60443516;52,53652529
203295;11;1;1100101;2018;7;22;6;3;0;1;2;0;1;0;1;0;0;0;794747,6709;5826221,939;13,34368684;52,50627427
203296;11;2;2200210;2018;7;0;4;2;6;4;2;0;1;1;0;0;0;0;798304,5153;5824808,912;13,3946718;52,4916752
203297;11;6;6100206;2018;7;18;6;3;3;2;0;0;1;0;0;1;0;0;794720,1785;5820031,586;13,33781163;52,45079623
203298;11;3;3100101;2018;7;15;2;3;5;3;0;1;1;0;0;0;0;0;801493,4633;5839005,915;13,45439206;52,61717116
203299;11;7;7100205;2018;7;17;6;3;5;7;0;1;1;0;0;0;0;0;796423,0129;5824893,256;13,36711598;52,49345622
203300;11;1;1300733;2018;7;8;4;3;5;2;0;1;1;0;0;0;0;0;797663,0288;5831882,226;13,39158227;52,55542897
203301;11;7;7400823;2018;7;17;6;3;5;3;0;0;1;0;1;0;0;0;797147,8915;5822170,876;13,3753353;52,46865872
203302;11;1;1100308;2018;7;18;2;3;1;5;0;1;1;0;0;0;0;0;797098,0665;5828190,954;13,37997307;52,52264951
203303;11;2;2400623;2018;7;19;2;3;5;3;0;1;1;0;0;0;0;0;800310,7778;5827609,816;13,4266591;52,51568068
203304;11;2;2400521;2018;7;16;6;3;5;3;0;0;1;0;1;0;0;0;801249,38;5827831,795;13,44065024;52,5171527
203305;11;7;7200409;2018;7;9;4;3;0;7;0;0;0;0;1;0;0;1;795044,9495;5824338,375;13,34638564;52,48922875
203306;11;7;7501029;2018;7;16;6;3;2;2;0;0;1;0;0;0;0;0;797689,5547;5818767,497;13,38025187;52,43785608
203307;11;9;9501939;2018;7;17;2;3;6;4;0;1;0;1;0;0;0;0;810999,7484;5821764,803;13,57822625;52,45731131
203308;11;12;12200411;2018;7;15;6;3;5;7;0;0;1;0;0;0;0;0;793175,5132;5832310,039;13,32596016;52,56169837
203309;11;1;1401049;2018;7;21;2;3;6;4;2;0;0;1;0;0;1;0;796345,0097;5831942,189;13,37225204;52,55668525
203310;11;4;4300621;2018;7;8;4;3;5;3;0;1;1;0;0;0;0;0;792254,0778;5826694,754;13,3074673;52,51185445
203311;11;4;4400833;2018;7;15;6;3;5;5;0;0;1;0;1;0;0;0;792261,4362;5822337,352;13,30375314;52,47278723
203312;11;1;1100310;2018;7;9;4;3;2;6;0;1;0;0;0;0;1;0;799157,0381;5828979,497;13,41093947;52,52859189
203313;11;3;3400725;2018;7;19;2;3;5;2;0;0;1;0;1;0;0;0;799287,2005;5835205,935;13,41846649;52,58433049
203314;11;3;3400828;2018;7;20;2;3;5;3;0;0;1;0;0;0;0;0;800030,7457;5832021,805;13,42652774;52,55538087
203315;11;3;3300412;2018;7;21;6;3;4;6;2;1;1;0;0;0;0;0;802551,8032;5838750,191;13,46974286;52,614291
203316;11;9;9200510;2018;7;10;4;3;5;2;0;0;1;0;1;0;0;0;806081,1792;5823430,284;13,50759283;52,47501471
203317;11;4;4300622;2018;7;19;6;3;2;6;0;0;1;0;0;0;0;0;793824,1602;5826720,723;13,33055969;52,51124377
203318;11;1;1100312;2018;7;19;2;3;1;5;0;1;0;0;0;0;1;0;799513,9775;5827367,1;13,41473352;52,51394326
203319;11;4;4400830;2018;7;19;6;3;5;3;1;1;0;0;0;0;0;0;791135,7412;5822805,067;13,28763529;52,47758148
203320;11;6;6200420;2018;7;16;2;3;5;3;0;0;1;0;0;0;0;0;792857,9804;5816466,494;13,30736428;52,41983649
203321;11;6;6300528;2018;7;12;4;3;2;6;0;0;1;0;0;0;0;0;790169,6883;5815255,826;13,26689475;52,41041442
203322;11;4;4200308;2018;7;18;6;3;8;1;0;0;1;0;0;0;0;0;790333,6367;5827298,724;13,27977544;52,51829468
203323;11;5;5200630;2018;7;15;2;3;2;6;0;0;1;0;0;0;0;0;784539,8869;5827995,558;13,19521792;52,52759654
203324;11;4;4300517;2018;7;14;2;3;3;6;0;1;0;0;0;0;0;0;791688,017;5827817,979;13,30013459;52,52222698
203325;11;6;6400737;2018;7;12;4;3;5;3;0;0;1;0;0;0;0;0;784800,8494;5817595,439;13,19016995;52,43421157
203326;11;10;10200524;2018;7;19;6;3;6;4;0;0;1;1;0;0;0;0;813424,4241;5830089,018;13,62162499;52,53051961
203327;11;3;3501037;2018;7;19;4;3;5;2;0;1;1;0;0;0;0;0;802544,3406;5832699,602;13,46410824;52,56006538
203328;11;8;8300935;2018;7;15;6;3;5;3;0;0;1;0;0;0;1;0;802370,1911;5817878,797;13,44809622;52,42732298
203329;11;6;6300629;2018;7;13;2;3;5;2;0;1;1;0;0;0;0;0;791748,4789;5819299,764;13,29356783;52,44582952
203330;11;8;8401243;2018;7;7;4;3;0;6;0;1;1;0;0;0;0;0;805572,1713;5818611,965;13,49571312;52,43211528
203331;11;4;4501040;2018;7;15;6;3;6;4;0;0;1;1;0;0;0;0;792419,863;5825393,362;13,30876016;52,50009896
203332;11;6;6300525;2018;7;18;4;3;3;6;0;0;0;0;1;0;1;0;789441,1058;5815836,403;13,25671524;52,41600529
203333;11;1;1100206;2018;7;12;2;3;1;5;0;1;1;0;0;0;0;0;797930,7567;5827211,63;13,39133287;52,51341676
203334;11;8;8401242;2018;7;16;4;3;0;2;0;1;1;0;0;0;0;0;805252,3463;5817247,834;13,48977855;52,42006756
203335;11;4;4200207;2018;7;8;6;3;5;3;0;1;1;0;0;0;0;0;788896,5679;5826031,946;13,25755573;52,50770081
203336;11;5;5200420;2018;7;21;2;3;0;2;1;0;1;0;0;0;1;0;783523,8709;5828655,38;13,18084412;52,53404202
203337;11;3;3400724;2018;7;16;6;3;1;5;0;0;1;0;0;0;0;0;799269,1052;5834477,264;13,41754229;52,57780912
203338;11;1;1300732;2018;7;22;2;2;6;4;1;0;1;1;0;0;0;0;797627,7026;5832807,912;13,39189291;52,56374583
203339;11;12;12400619;2018;7;16;4;3;4;6;0;0;1;0;0;0;0;0;788688,754;5836143,876;13,26329551;52,59846694
203340;11;1;1100102;2018;7;11;6;3;2;6;0;0;1;0;0;0;0;0;795192,7527;5827242,241;13,35113041;52,51517988
203341;11;8;8100208;2018;7;16;4;3;2;6;0;0;1;0;0;0;1;0;801629,7931;5822630,883;13,4415309;52,4703259
203342;11;12;12500929;2018;7;20;2;2;0;1;0;0;0;0;1;0;0;0;795340,1116;5837595,493;13,36251041;52,60790751
203343;11;1;1200520;2018;7;18;2;3;1;5;0;1;1;0;0;0;0;0;794280,0989;5829153,779;13,3394114;52,53280882
203344;11;1;1200623;2018;7;16;4;3;5;2;0;1;1;0;0;0;0;0;795407,6393;5829565,239;13,35635153;52,53588728
203345;11;11;11300721;2018;7;11;6;3;2;6;0;0;1;0;0;1;0;0;805646,3021;5830060,81;13,50729671;52,53468361
203346;11;8;8401241;2018;7;16;4;3;5;3;0;0;1;0;0;0;1;0;804754,8272;5818461,923;13,48359127;52,43122643
203347;11;1;1200628;2018;7;13;2;2;6;4;0;0;1;1;0;0;0;0;795925,8372;5828324,794;13,3628651;52,52448673
203348;11;8;8401244;2018;7;15;4;2;5;3;0;0;1;0;0;0;0;0;805659,175;5816433,714;13,49499887;52,41254383
203349;11;5;5100317;2018;7;12;6;3;2;6;0;0;1;0;0;0;0;0;786729,3905;5828227,319;13,22760441;52,52852723
203350;11;1;1401043;2018;7;15;4;3;5;3;0;0;1;0;0;0;0;0;795777,7725;5830776,111;13,36287069;52,54654086
203351;11;5;5100101;2018;7;13;2;2;0;1;0;0;1;0;1;0;0;0;785332,6472;5833399,379;13,21151615;52,57563199
203352;11;7;7501134;2018;7;13;2;3;0;1;0;0;0;0;1;0;0;0;799442,9934;5817765,702;13,4050725;52,42791911
203353;11;3;3400620;2018;7;15;4;3;6;4;0;0;1;1;0;0;0;0;798050,5519;5833598,3;13,3988228;52,57059923
203354;11;9;9200717;2018;7;13;6;3;5;2;0;0;1;0;1;0;0;0;809804,269;5819174,719;13,55828658;52,43477843
203355;11;5;5100316;2018;7;15;4;3;0;1;0;0;1;0;1;0;0;0;785272,4368;5829300,964;13,20710738;52,53891784
203356;11;12;12601032;2018;7;12;2;3;1;5;0;0;1;0;0;0;0;0;793273,3052;5837725,1;13,33219144;52,61018838
203357;11;1;1100205;2018;7;7;6;3;5;3;0;1;1;0;0;0;0;0;797154,2139;5826451,926;13,37924518;52,50703046
203358;11;4;4501042;2018;7;0;2;3;5;3;2;0;1;0;0;0;0;0;793924,7335;5826057,446;13,33145172;52,50524365
203359;11;9;9100409;2018;7;15;4;3;2;6;0;1;1;0;0;0;0;0;806673,9181;5818614,499;13,51187037;52,43152148
203360;11;8;8100521;2018;7;5;6;3;5;7;0;1;1;0;0;0;0;0;803197,5686;5821990,661;13,46395894;52,46371977
203361;11;6;6400843;2018;7;14;4;3;5;3;0;0;1;0;0;0;0;0;791217,7751;5819695,393;13,28612628;52,44965931
203362;11;1;1100415;2018;7;2;2;3;0;1;2;1;0;0;0;0;0;0;798469,538;5829104,753;13,40094757;52,53009148
203363;11;10;10400939;2018;7;6;2;3;8;1;0;0;1;0;0;0;0;0;813032,5334;5827685,086;13,61360471;52,50920317
203364;11;8;8200727;2018;7;14;4;3;5;2;0;1;1;0;0;0;0;0;801357,2671;5819371,517;13,43458937;52,44126161
203365;11;11;11200515;2018;7;13;6;3;5;3;0;0;1;0;1;0;0;0;805856,5645;5830613,865;13,51089597;52,53952229
203366;11;1;1100308;2018;7;13;4;3;2;6;0;0;1;0;0;0;0;0;797136,9853;5827817,354;13,38021127;52,5192794
203367;11;2;2100103;2018;7;7;2;3;3;6;0;0;1;0;0;0;0;0;798463,0129;5826529,533;13,39854128;52,50701168
203368;11;2;2300419;2018;7;13;4;3;5;3;0;1;0;0;0;0;0;0;801518,955;5825819,192;13,44278804;52,49896451
203369;11;3;3701556;2018;7;8;6;3;2;3;0;1;1;0;0;0;0;0;799733,5832;5829383,731;13,41977737;52,53189851
203370;11;5;5100101;2018;7;11;4;2;2;6;0;0;1;0;1;0;0;0;784725,8425;5834619,566;13,20363418;52,58688985
203371;11;4;4501042;2018;7;13;6;3;2;6;0;0;1;0;0;0;1;0;793850,0335;5826060,336;13,33035686;52,5053098
203372;11;1;1401049;2018;7;8;2;3;0;2;0;1;1;0;0;0;0;0;795876,6775;5831960,977;13,36538087;52,55710831
203373;11;5;5300735;2018;7;9;6;3;5;2;0;0;1;0;1;0;0;0;786564,3077;5830551,497;13,22718215;52,54945184
203374;11;7;7400721;2018;7;8;2;3;5;3;0;0;1;0;0;0;0;0;797083,4579;5823507,618;13,37558022;52,48067634
203375;11;8;8100419;2018;7;23;4;3;4;6;2;1;1;0;0;0;0;0;801906,0005;5824392,053;13,44717925;52,48595894
203376;11;1;1100101;2018;7;10;6;3;5;2;0;1;0;0;0;1;0;0;795231,1619;5826608,827;13,35113286;52,50948102
203377;11;5;5200629;2018;7;23;4;3;5;3;2;0;1;0;1;0;0;0;784352,6699;5828488,539;13,19288734;52,53211433
203378;11;3;3500934;2018;7;8;2;3;5;3;0;0;1;0;0;0;0;0;801057,9875;5831434,883;13,44110163;52,54955338
203379;11;1;1100206;2018;7;8;2;3;2;7;0;1;0;0;0;0;0;0;798350,581;5827714,99;13,39795239;52,51769924
203380;11;2;2200213;2018;7;10;6;3;5;2;0;0;1;0;0;0;0;0;799565,112;5824900,095;13,41326538;52,49180219
203381;11;3;3400828;2018;7;9;2;3;1;5;0;1;1;0;0;0;0;0;799940,5283;5832573,915;13,42569996;52,56037928
203382;11;7;7601341;2018;7;21;4;3;5;3;1;0;1;0;0;0;0;0;797745,9103;5815401,632;13,37808289;52,40765367
203383;11;9;9200715;2018;7;13;6;2;5;2;0;0;1;0;0;0;0;0;807705,0037;5818379,587;13,52677252;52,42883719
203384;11;4;4400727;2018;7;20;4;3;3;6;1;0;1;0;1;0;0;0;790944,893;5823012,517;13,28501417;52,47954298
203385;11;1;1300835;2018;7;9;2;3;5;2;0;1;1;0;0;0;0;0;797773,4377;5829745,118;13,39129001;52,53621223
203386;11;4;4300416;2018;7;9;2;3;3;6;0;1;1;0;0;0;0;0;791476,9777;5826081,87;13,29551211;52,50677582
203387;11;7;7100101;2018;7;20;4;3;5;2;0;1;1;0;0;0;0;0;794991,7866;5824930,29;13,34612899;52,49456359
203388;11;1;1200623;2018;7;9;6;3;2;6;0;1;0;0;0;0;0;0;795386,9791;5828550,974;13,35514654;52,52680644
203389;11;3;3601243;2018;7;19;4;3;1;5;0;1;1;0;0;0;0;0;799352,069;5831792,108;13,41634007;52,55369547
203390;11;12;12200309;2018;7;7;6;3;2;6;0;0;1;0;0;0;0;0;792558,7344;5832831,524;13,31734722;52,56670501
203391;11;7;7501133;2018;7;9;2;3;5;2;0;0;1;0;0;1;0;0;797576,81;5818421,451;13,37829014;52,43481547
203392;11;1;1401049;2018;7;6;6;3;5;3;0;1;1;0;0;0;0;0;795963,7193;5831986,155;13,36668348;52,55728671
203393;11;4;4200309;2018;7;18;4;2;5;3;0;0;1;0;0;0;0;0;788993,7503;5826717,463;13,25957889;52,51379522
203394;11;12;12601235;2018;7;7;6;2;5;2;0;1;1;0;0;0;0;0;795169,0661;5836349,287;13,35888063;52,59682942
203395;11;9;9200614;2018;7;8;6;3;5;3;0;1;1;0;0;0;0;0;808381,1736;5820893,538;13,5390056;52,45098673
203396;11;1;1100102;2018;7;9;2;3;5;2;0;1;0;0;1;0;0;0;795847,4889;5826686,418;13,36025674;52,50984266
203397;11;2;2300417;2018;7;18;4;3;5;3;0;1;1;0;0;0;0;0;800641,5277;5825695,677;13,42978998;52,49834148
203398;11;1;1200626;2018;7;9;6;3;0;1;0;1;0;0;0;0;0;0;794549,6925;5828303,951;13,34262148;52,52504507
203399;11;7;7601443;2018;7;18;4;3;5;2;0;1;1;0;0;0;0;0;799864,7759;5814546,063;13,40837315;52,39882828
203400;11;5;5200629;2018;7;10;2;3;3;6;0;0;1;0;0;0;1;0;784628,5076;5828388,01;13,19685673;52,53106901