OBJECTID;LAND;BEZ;LOR_ab_2021;UJAHR;UMONAT;USTUNDE;UWOCHENTAG;UKATEGORIE;UART;UTYP1;ULICHTVERH;IstRad;IstPKW;IstFuss;IstKrad;IstGkfz;IstSonstig;USTRZUSTAND;LINREFX;LINREFY;XGCSWGS84;YGCSWGS84
203611;11;10;10100311;2018;7;18;3;3;2;6;0;0;1;0;0;0;1;0;806459,6046;5829881,43;13,51908442;52,5326193
203612;11;2;2200213;2018;7;8;3;3;5;2;0;1;1;0;0;0;0;0;799773,5713;5824814,292;13,41624935;52,49091866
203613;11;6;6100205;2018;8;19;1;3;1;5;0;1;1;0;0;0;0;0;795635,9072;5819938,913;13,35116554;52,44947102
203614;11;4;4501152;2018;8;10;5;3;2;6;0;0;1;0;0;0;0;0;793950,8162;5824735,489;13,33066811;52,49337892
203615;11;7;7501031;2018;8;18;1;2;1;1;0;0;1;0;1;0;0;0;799179,8262;5819987,826;13,40320243;52,44798162
203616;11;7;7100205;2018;7;7;3;3;0;6;0;0;1;0;0;0;1;0;796336,8883;5824939,616;13,36589237;52,49391856
203617;11;12;12100103;2018;8;18;1;3;2;6;0;0;1;0;0;0;0;0;795507,2872;5833435,57;13,36126139;52,5705272
203618;11;1;1300733;2018;8;9;5;3;3;6;0;1;0;0;0;0;0;0;797018,1181;5831529,911;13,38178262;52,55262298
203619;11;5;5100208;2018;8;16;1;3;3;6;0;0;1;0;1;0;0;0;782133,3483;5829890,059;13,16144689;52,54583428
203620;11;1;1401045;2018;7;18;3;3;2;6;0;0;1;0;0;0;0;0;796981,6568;5831897,995;13,38157572;52,5559423
203621;11;1;1400937;2018;8;7;5;3;2;2;0;0;1;0;1;0;0;0;793670,5032;5832264,832;13,3332013;52,56102638
203622;11;7;7400823;2018;7;18;3;3;5;2;0;1;1;0;0;0;0;0;797290,971;5821387,284;13,37673734;52,46155677
203623;11;2;2200212;2018;8;16;1;2;5;7;0;0;1;0;1;0;0;0;799237,4246;5824556,011;13,40814435;52,4888977
203624;11;8;8100105;2018;8;6;5;3;5;2;0;0;0;0;1;1;0;0;801080,7805;5821969,742;13,43287638;52,46470272
203625;11;1;1100312;2018;8;14;1;2;3;6;0;1;0;0;0;0;0;0;799449,9334;5826543,984;13,41305203;52,50660043
203626;11;6;6100102;2018;7;17;3;2;3;6;0;1;0;0;0;0;1;0;793740,4275;5821062,746;13,32434307;52,46056755
203627;11;11;11100102;2018;8;10;1;3;4;6;0;1;0;0;0;0;0;0;809296,0257;5834515,84;13,56508415;52,572549
203628;11;3;3400724;2018;7;17;3;3;5;2;0;1;1;0;0;0;0;0;800024,0285;5834538,645;13,42870519;52,57794361
203629;11;2;2100101;2018;8;15;1;3;5;2;0;0;1;0;1;0;0;0;797174,9321;5826406,886;13,37950933;52,50661544
203630;11;1;1401047;2018;8;5;5;3;1;1;0;0;1;0;0;0;0;0;795579,8983;5830498,794;13,35971435;52,54416236
203631;11;10;10200420;2018;8;14;1;3;5;3;0;1;1;0;0;0;0;0;811990,4124;5830702,916;13,60113012;52,53684342
203632;11;1;1300834;2018;8;11;1;3;5;3;0;0;1;0;0;0;0;0;797820,766;5830450,999;13,39261844;52,54251368
203633;11;10;10200524;2018;7;6;3;3;6;4;0;0;1;1;0;0;0;0;813242,1513;5831053,025;13,61985527;52,53926275
203634;11;5;5300840;2018;8;7;5;2;5;2;0;0;1;0;0;0;0;0;788186,3009;5829353,592;13,24999792;52,53785647
203635;11;11;11300721;2018;8;13;1;3;0;7;0;0;1;0;1;0;0;1;804615,5698;5829088,647;13,49125681;52,52654762
203636;11;4;4300416;2018;8;6;5;3;5;2;0;1;1;0;0;0;0;0;791440,1497;5826079,451;13,29496891;52,5067738
203637;11;10;10400940;2018;7;16;3;3;0;7;0;0;1;0;0;0;1;0;813049,8006;5826699,565;13,61293174;52,50036197
203638;11;11;11300721;2018;8;8;1;2;2;6;0;0;1;0;0;0;0;0;805554,8295;5830060,722;13,50595224;52,5347341
203639;11;1;1100308;2018;8;8;5;3;2;6;0;1;1;0;0;0;0;0;797198,669;5829147,53;13,38230648;52,53116929
203640;11;11;11400929;2018;7;16;3;3;5;3;0;0;1;0;0;0;0;0;805478,6359;5826961,296;13,50198606;52,50699858
203641;11;8;8100417;2018;8;12;1;3;5;3;0;1;0;0;0;0;0;0;802279,6093;5823014,796;13,45141606;52,47340777
203642;11;12;12500825;2018;8;0;1;2;0;7;2;0;0;0;0;0;1;0;792168,7897;5835289,367;13,31377665;52,58894799
203643;11;4;4400835;2018;8;9;5;3;5;3;0;0;1;0;0;0;1;0;793379,7339;5821960,236;13,31983846;52,46880703
203644;11;9;9501838;2018;8;22;1;2;3;6;2;1;1;0;0;0;0;0;821586,8263;5819411,547;13,73124634;52,43010144
203645;11;12;12100101;2018;7;16;3;3;2;6;0;0;1;0;0;0;1;0;796717,3784;5833198,015;13,37885149;52,56773952
203646;11;2;2400522;2018;8;10;5;3;4;6;0;0;1;0;0;0;1;0;801407,2449;5827932,837;13,44306123;52,51797113
203647;11;2;2100106;2018;7;16;3;3;1;5;0;1;1;0;0;0;0;0;799027,3932;5825500,577;13,40590803;52,49747951
203648;11;2;2400624;2018;8;4;7;3;0;1;2;0;0;0;1;0;0;0;801928,8908;5826807,774;13,44970494;52,5075986
203649;11;7;7200308;2018;8;8;5;2;0;1;0;0;0;0;1;0;0;0;794603,4472;5823444,986;13,33911241;52,48145847
203650;11;10;10200420;2018;8;22;7;3;5;3;2;0;1;0;1;0;0;0;812010,0162;5830591,741;13,60131385;52,53583594
203651;11;11;11100101;2018;7;15;3;3;5;3;0;0;1;0;1;0;0;0;806083,443;5834569,409;13,51787828;52,57484515
203652;11;2;2200210;2018;8;8;1;3;3;6;0;0;1;0;0;0;0;0;798847,455;5825104,737;13,40291019;52,4940299
203653;11;7;7100205;2018;7;14;3;3;6;4;0;0;1;1;0;0;0;0;796004,5014;5825139,423;13,36118832;52,49589002
203654;11;1;1100102;2018;8;17;7;3;2;6;0;0;1;0;0;0;1;0;795859,0929;5826686,65;13,36042743;52,50983844
203655;11;11;11300620;2018;8;6;5;3;0;1;0;1;0;0;0;0;0;0;803829,6642;5829048,638;13,47967139;52,52662756
203656;11;6;6100102;2018;8;16;7;2;0;4;0;0;0;1;1;0;0;0;793672,6663;5820598,655;13,32294035;52,45644355
203657;11;4;4501152;2018;8;16;5;3;5;2;0;1;1;0;0;0;0;0;793992,3865;5824447,343;13,3310244;52,49077345
203658;11;3;3400724;2018;7;14;3;3;2;2;0;0;1;0;0;0;1;0;800023,247;5834679,478;13,42882115;52,57920635
203659;11;6;6200311;2018;8;23;5;3;0;6;2;1;1;0;0;0;0;1;795771,8478;5818998,544;13,35232757;52,44096773
203660;11;1;1200624;2018;8;15;7;3;5;2;0;1;1;0;0;0;0;0;795658,7704;5829733,22;13,36019274;52,5372569
203661;11;4;4400727;2018;8;13;5;3;5;3;0;1;1;0;0;0;0;0;791675,569;5823747,436;13,2963857;52,48574171
203662;11;1;1100308;2018;8;19;7;3;5;3;0;0;1;0;0;0;0;0;797073,4438;5828191,628;13,37961182;52,52266897
203663;11;1;1100416;2018;8;15;4;3;2;6;0;0;1;0;0;0;0;0;798090,0011;5829973,107;13,39614798;52,53808279
203664;11;4;4501042;2018;7;13;3;3;2;6;0;1;1;0;0;0;0;0;793516,4028;5825504,45;13,32496549;52,50050611
203665;11;1;1100206;2018;8;13;7;3;5;2;0;1;1;0;0;0;0;0;797199,138;5827496,139;13,38083762;52,5163662
203666;11;12;12100101;2018;8;20;4;2;5;2;1;0;1;0;0;0;0;0;795781,6287;5832577,778;13,36453268;52,56268895
203667;11;5;5100313;2018;8;12;7;3;5;3;0;1;1;0;0;0;0;0;785409,9684;5830167,564;13,20987429;52,54661562
203668;11;12;12100101;2018;8;13;7;3;5;3;0;1;1;0;0;0;0;0;795863,1829;5832638,216;13,36578618;52,56318641
203669;11;7;7400824;2018;7;6;3;3;6;7;0;1;0;1;0;0;0;0;797638,8061;5821576,154;13,38201035;52,46306044
203670;11;8;8100417;2018;8;12;7;3;5;3;0;0;1;0;0;0;1;0;802484,4145;5823141,378;13,45453694;52,47442897
203671;11;12;12100101;2018;8;20;4;2;6;4;0;0;0;1;0;0;1;0;795967,6071;5832636,703;13,36732086;52,56311609
203672;11;1;1100313;2018;8;18;4;3;5;3;0;1;0;0;0;0;0;0;800062,7935;5826416,979;13,4219402;52,50512531
203673;11;11;11200411;2018;8;12;7;3;0;6;0;0;1;0;1;0;0;0;805762,9005;5831834,916;13,51064321;52,55051822
203674;11;11;11300722;2018;7;12;3;3;2;2;0;1;1;0;0;0;0;0;804299,1407;5828380,004;13,48595856;52,52037305
203675;11;11;11100203;2018;7;11;3;3;5;3;0;1;1;0;0;0;0;0;806820,9875;5833813,188;13,52802814;52,56765263
203676;11;1;1200522;2018;8;18;4;3;2;6;0;0;1;0;0;0;0;0;793706,9942;5828013,215;13,3299792;52,5228934
203677;11;1;1200520;2018;8;11;7;3;5;2;0;0;1;0;0;0;0;0;794550,2014;5829057,458;13,34329651;52,53179947
203678;11;1;1100309;2018;8;6;4;3;2;6;0;1;1;0;0;0;0;0;797612,9358;5828616,316;13,38792003;52,52618158
203679;11;9;9301126;2018;7;10;3;3;0;2;0;1;1;0;0;0;0;0;811253,2731;5817645,062;13,57810925;52,42024773
203680;11;5;5100211;2018;8;18;4;3;5;3;0;0;1;0;0;0;0;0;783241,6513;5830281,981;13,1780814;52,54877324
203681;11;4;4100102;2018;7;20;3;3;0;7;1;1;0;0;0;0;0;0;791132,802;5829159,266;13,29314899;52,53454823
203682;11;7;2200207;2018;8;10;7;3;5;2;0;1;1;0;0;0;0;0;797066,997;5824720,482;13,37641953;52,49155739
203683;11;1;1300835;2018;8;17;4;3;5;2;0;1;1;0;0;0;0;0;797703,5773;5829653,351;13,39018086;52,53542782
203684;11;12;12500930;2018;7;14;3;3;0;2;0;0;1;0;0;0;1;0;792405,6698;5834151,43;13,31625925;52,57861963
203685;11;4;4500937;2018;8;17;4;3;5;2;0;1;1;0;0;0;0;0;790986,1886;5824832,941;13,28720999;52,49584116
203686;11;11;11300721;2018;7;13;3;3;2;6;0;0;1;0;0;0;0;0;804879,9651;5829950,157;13,49593208;52,53412109
203687;11;12;12400619;2018;8;10;7;2;5;3;0;0;1;0;0;0;1;0;786587,0095;5836776,038;13,23289713;52,6052464
203688;11;6;6100102;2018;8;17;4;3;5;2;0;1;1;0;0;0;0;0;793834,8014;5820511,53;13,32524297;52,45557537
203689;11;6;6100206;2018;8;10;7;3;5;2;0;0;1;0;0;0;0;0;794723,2316;5820057,08;13,33787893;52,45102312
203690;11;4;4300416;2018;7;7;3;3;5;3;0;0;1;0;0;0;1;0;791689,4476;5826222,32;13,29875679;52,50792137
203691;11;4;4200308;2018;8;9;7;2;3;6;0;0;1;0;1;0;0;0;790451,7403;5827317,73;13,28152771;52,51840218
203692;11;10;10400837;2018;8;17;4;3;0;3;0;0;1;0;0;0;1;0;810460,1518;5825563,872;13,57384635;52,4916638
203693;11;8;8100415;2018;8;22;7;2;0;7;2;1;0;0;0;0;0;0;802057,0854;5823469,673;13,44856183;52,47760799
203694;11;10;10100315;2018;7;14;2;3;2;6;0;0;1;0;0;0;0;0;809922,4165;5831561,978;13,57153919;52,5457218
203695;11;3;3601244;2018;8;10;4;2;6;2;0;0;1;0;0;0;1;0;800061,8346;5831270,205;13,42630568;52,54862695
203696;11;9;9401635;2018;7;18;2;3;4;6;0;1;0;0;0;0;0;0;818016,2843;5818651,879;13,67818476;52,42538162
203697;11;2;2300316;2018;8;5;7;2;5;2;0;1;1;0;0;0;0;0;801428,2984;5826066,122;13,4416801;52,50122787
203698;11;6;6300528;2018;8;16;4;3;5;2;0;0;1;0;1;0;0;0;790570,7926;5815966,676;13,27339222;52,41657467
203699;11;7;7100101;2018;7;18;2;3;6;7;0;0;1;1;0;0;0;0;794807,9733;5825859,655;13,34425195;52,50299406
203700;11;7;7601442;2018;8;16;4;3;2;6;0;0;1;0;1;0;0;0;798805,5925;5815847,122;13,39401249;52,41106972
203701;11;7;7400721;2018;7;8;2;3;3;6;0;1;0;0;0;0;0;0;798778,9969;5823942,192;13,40086256;52,4836467
203702;11;3;3500936;2018;8;19;6;3;6;2;0;0;1;1;0;0;0;0;802643,5406;5831133,573;13,4641396;52,54597424
203703;11;3;3701660;2018;8;15;4;3;1;5;0;0;1;0;1;0;0;0;800466,7516;5829495,888;13,43065473;52,53250016
203704;11;4;4300416;2018;8;19;6;3;2;6;0;0;1;0;0;0;0;0;791874,3824;5826465,17;13,30168686;52,50999957
203705;11;10;10100102;2018;7;16;2;2;5;2;0;0;1;0;1;0;0;0;809347,4585;5834283,547;13,56562399;52,57043808
203706;11;4;4300620;2018;7;16;2;3;5;2;0;1;0;0;1;0;0;0;793880,4454;5826962,743;13,3316004;52,51338303
203707;11;1;1100309;2018;8;17;6;3;3;6;0;1;1;0;0;0;0;0;797965,0294;5828533,62;13,39302053;52,52524801
203708;11;3;3200205;2018;8;15;4;3;5;3;0;0;1;0;0;0;0;0;797869,2921;5836018,32;13,39833109;52,5923905
203709;11;1;1300732;2018;8;16;6;3;5;2;0;1;1;0;0;0;0;0;797676,2378;5832855,153;13,39264921;52,56414275
203710;11;1;1100206;2018;7;16;2;2;0;4;0;0;0;1;1;0;0;0;797690,5523;5827914,083;13,38843219;52,51984456
203711;11;4;4501147;2018;8;16;6;3;5;7;0;0;1;0;1;0;0;0;792935,1897;5824247,3;13,31532226;52,48954848
203712;11;11;11501339;2018;8;15;4;3;5;2;0;0;1;0;0;0;0;0;806051,8711;5825128,384;13,50872152;52,49025015
203713;11;9;9200819;2018;8;17;6;3;5;3;0;1;1;0;0;0;0;0;810275,199;5819575,623;13,56556381;52,43810431
203714;11;2;2500833;2018;7;16;2;3;4;1;0;1;1;0;0;0;0;0;802108,6187;5827150,967;13,45265649;52,51057515
203715;11;4;4300619;2018;8;12;4;3;5;2;0;1;1;0;0;0;0;0;792638,1331;5827087,061;13,31345539;52,51516545
203716;11;3;3601243;2018;7;15;2;2;5;3;0;0;1;0;0;0;0;0;799890,0178;5831729,564;13,42419424;52,55283894
203717;11;9;9501737;2018;8;15;6;3;5;3;0;0;1;0;0;0;0;0;815026,7879;5821286,314;13,63684746;52,45071761
203718;11;1;3701556;2018;8;11;4;3;5;3;0;1;1;0;0;0;0;0;799081,8404;5829023,217;13,40987361;52,52902504
203719;11;4;4400835;2018;8;16;6;3;5;3;0;0;1;0;1;0;0;0;793379,7;5821960,236;13,31983797;52,46880704
203720;11;7;7501031;2018;7;15;2;3;5;7;0;0;1;0;1;0;0;0;798674,312;5819654,624;13,3954884;52,44527126
203721;11;7;7400823;2018;7;15;2;3;2;6;0;0;1;0;0;0;1;0;797062,7946;5822166,885;13,37408271;52,46866923
203722;11;11;11300826;2018;8;19;6;3;4;6;0;0;1;0;0;0;0;0;804681,3864;5827197,207;13,49049179;52,50955875
203723;11;7;7501135;2018;8;11;4;3;5;2;0;0;1;0;1;0;0;0;799046,0155;5816806,822;13,39839414;52,41954102
203724;11;12;12100205;2018;8;19;6;3;0;1;0;0;1;0;1;0;0;0;794719,4181;5833509,009;13,34973532;52,57161268
203725;11;11;11400927;2018;8;10;4;3;5;2;0;1;1;0;0;0;0;0;803410,9094;5826628,472;13,47131083;52,50516938
203726;11;3;3601452;2018;8;20;6;3;5;3;1;1;0;0;1;0;0;0;801613,7125;5829357,155;13,44738657;52,53062324
203727;11;7;7400824;2018;7;15;2;3;2;6;0;0;1;0;0;0;0;0;797864,806;5821786,266;13,3855146;52,46482072
203728;11;3;3400721;2018;8;18;7;3;2;7;0;0;1;0;0;0;0;0;798006,8529;5833233,979;13,3978526;52,56735754
203729;11;9;9401534;2018;7;17;2;2;4;6;0;1;0;0;0;0;0;0;810833,647;5820306,656;13,57443262;52,44433848
203730;11;7;7100103;2018;8;17;6;3;1;5;0;0;1;0;1;0;0;0;795841,723;5824962,606;13,35864053;52,49439326
203731;11;6;6300528;2018;8;9;4;3;5;3;0;0;1;0;0;0;0;0;790065,4592;5815862,147;13,26589212;52,41590557
203732;11;5;5100208;2018;8;21;6;3;5;3;1;0;1;0;1;0;0;0;782104,9491;5830172,21;13,16126888;52,54837887
203733;11;10;10100102;2018;7;15;2;3;5;2;0;0;1;0;0;0;0;0;809345,7923;5834284,324;13,56560021;52,57044598
203734;11;11;11400931;2018;8;13;6;3;5;2;0;1;1;0;0;0;0;0;805565,9933;5827271,318;13,50355375;52,5097282
203735;11;3;3500934;2018;8;13;4;2;5;2;0;0;1;0;0;0;0;0;800197,4287;5832137,628;13,42908367;52,55632717
203736;11;12;12200309;2018;8;17;6;3;2;2;0;0;1;0;0;0;0;0;793282,2428;5832585,333;13,32777346;52,56410875
203737;11;2;2300316;2018;8;13;4;3;0;5;0;0;1;0;0;0;1;0;800684,6674;5826561,757;13,43120559;52,50608065
203738;11;1;1100102;2018;7;15;2;3;2;6;0;0;1;0;0;0;0;0;795180,2753;5826952,334;13,3506899;52,51258784
203739;11;8;8100313;2018;8;11;7;3;1;5;0;1;1;0;0;0;0;0;801968,4306;5824594,721;13,44827947;52,48774095
203740;11;7;7200307;2018;8;13;4;3;6;2;0;0;1;1;0;0;0;0;794946,475;5824298,254;13,34490401;52,4889223
203741;11;5;5300840;2018;7;14;2;3;5;3;0;0;1;0;0;0;0;0;788411,5379;5829340,62;13,25329838;52,537621
203742;11;2;2500832;2018;8;20;6;3;0;7;1;0;1;0;1;0;0;1;803640,7308;5827385,123;13,47537663;52,51182321
203743;11;2;2300316;2018;8;13;4;3;5;3;0;0;0;0;1;0;0;0;801323,8885;5826153,769;13,4402259;52,50207112
203744;11;11;11401137;2018;8;20;6;3;3;6;0;0;1;0;0;0;0;0;807088,1548;5825791,633;13,5245476;52,49561237
203745;11;11;11300620;2018;7;14;2;3;2;6;0;0;1;0;0;0;0;0;803979,0758;5829808,641;13,48256189;52,53335591
203746;11;2;2500833;2018;8;16;7;3;1;5;0;1;0;0;0;0;1;0;802333,3715;5827096,712;13,45590887;52,50996435
203747;11;4;4400835;2018;8;15;1;3;2;6;0;0;1;0;1;0;0;0;793307,9239;5822275,683;13,31906171;52,47167347
203748;11;2;2400521;2018;7;14;2;3;6;3;0;0;0;1;0;0;1;0;801208,078;5828641,166;13,4407763;52,52443003
203749;11;4;4100102;2018;8;17;6;3;0;1;0;0;0;0;1;0;0;0;791139,2034;5829124,683;13,2932128;52,53423478
203750;11;8;8100314;2018;8;14;4;3;3;5;0;1;0;0;0;0;1;0;801244,8453;5823811,898;13,4369477;52,48112405
203751;11;11;11400927;2018;8;15;6;3;6;2;0;0;1;1;0;0;0;0;803407,9744;5826616,289;13,47125662;52,50506182
203752;11;6;6300633;2018;8;9;4;3;3;6;0;1;0;0;0;1;0;0;793142,4845;5818164,812;13,31302446;52,4349093
203753;11;12;12200412;2018;7;13;2;3;5;3;0;0;1;0;1;0;0;0;790906,966;5833913,683;13,29399568;52,57729156
203754;11;11;11300617;2018;8;8;4;3;6;4;0;1;0;1;0;0;0;0;803031,2387;5829185,236;13,46806282;52,52829623
203755;11;4;4200308;2018;8;13;6;3;2;6;0;0;1;0;0;0;0;0;788212,6487;5827804,788;13,24904248;52,52395688
203756;11;5;5100105;2018;8;14;4;3;5;3;0;1;1;0;0;0;0;0;784409,091;5831050,278;13,19591031;52,55505349
203757;11;4;4300416;2018;7;13;2;2;5;7;0;0;1;0;1;0;0;0;791691,2589;5826102,469;13,29867838;52,50684596
203758;11;8;8100206;2018;8;22;7;2;5;7;2;0;1;0;1;0;0;0;800404,3394;5824032,107;13,42480672;52,48356089
203759;11;3;3701660;2018;7;13;2;3;5;7;0;0;1;0;1;0;0;0;800855,0118;5829183,482;13,43607862;52,52948585
203760;11;2;2400625;2018;8;7;4;2;5;2;0;0;0;0;1;0;1;0;801292,1115;5827403,863;13,4408906;52,51329348
203761;11;1;1200628;2018;8;15;6;3;0;2;0;0;1;0;0;0;1;0;796236,05;5828487,58;13,36756918;52,52577748
203762;11;8;8300934;2018;8;6;4;2;3;6;0;0;1;0;1;0;0;0;803525,78;5818194,367;13,46532627;52,42951161
203763;11;1;1401046;2018;7;15;2;3;2;6;0;0;1;0;0;0;0;0;794786,2701;5830111,324;13,34770142;52,54111896
203764;11;6;6400737;2018;8;17;7;2;5;3;0;0;1;0;1;0;0;0;784910,6989;5817540,358;13,19173449;52,4336605
203765;11;7;7300618;2018;8;8;4;3;6;2;0;0;1;1;0;0;0;0;794584,9291;5821853,431;13,33743482;52,46720104
203766;11;4;4300622;2018;7;23;2;3;3;6;2;0;1;0;0;0;1;0;793861,5108;5826257,302;13,33069934;52,50706931
203767;11;6;6400843;2018;8;13;6;2;5;2;0;1;1;0;0;0;0;0;791101,0957;5819247,768;13,28402414;52,44570844
203768;11;2;2100102;2018;8;4;4;3;6;4;0;0;1;1;1;0;0;0;798169,6582;5826504,707;13,3942096;52,50694956
203769;11;8;8200623;2018;8;12;6;2;5;3;0;0;1;0;1;0;0;0;801396,3526;5821135,667;13,43675441;52,4570527
203770;11;2;2500830;2018;7;20;2;3;5;3;1;1;1;0;0;0;0;0;802696,6051;5827351,466;13,46147642;52,51204626
203771;11;1;1100102;2018;8;16;7;2;0;7;0;1;0;0;0;0;0;0;796090,961;5826216,009;13,36341536;52,50549377
203772;11;2;2100102;2018;7;20;2;3;1;5;0;0;1;0;1;0;0;0;797952,3553;5826268,545;13,39080601;52,50495138
203773;11;12;12400618;2018;8;10;4;2;5;2;0;1;1;0;0;0;0;0;787344,963;5837836,655;13,24497983;52,61435509
203774;11;4;4100101;2018;8;12;6;3;2;6;0;0;1;0;0;0;0;0;793359,092;5829660,617;13,3263199;52,53784885
203775;11;6;6100205;2018;8;12;4;3;0;1;0;0;0;0;1;0;0;0;795531,7;5819952,234;13,3496484;52,44964678
203776;11;1;1100205;2018;7;19;2;3;5;3;0;1;1;0;0;0;0;0;797157,6352;5826452,467;13,37929592;52,50703345
203777;11;12;12500928;2018;8;8;4;2;0;7;0;0;0;0;0;1;0;0;792463,8281;5837326,309;13,31991852;52,60704959
203778;11;1;1100308;2018;7;19;2;3;4;2;0;1;1;0;0;0;0;0;797560,3386;5828206,481;13,38678032;52,52253662
203779;11;2;2500834;2018;8;12;6;3;5;3;0;1;0;0;0;0;0;0;803252,3241;5826574,597;13,46893244;52,50477468
203780;11;3;3400831;2018;8;1;4;2;0;1;2;1;0;0;0;0;0;0;799961,7942;5833858,139;13,4271739;52,57187839
203781;11;1;1100310;2018;7;18;2;3;2;6;0;0;1;0;1;0;0;0;799544,2603;5828805,759;13,41647395;52,52682197
203782;11;4;4500937;2018;8;14;7;3;2;2;0;0;1;0;0;0;0;0;791293,6216;5825005,135;13,2918763;52,49722087
203783;11;1;1100310;2018;7;14;2;3;5;2;0;1;0;0;0;1;0;0;799594,9464;5828255,708;13,41672333;52,52186378
203784;11;11;11501238;2018;8;11;6;3;5;3;0;1;1;0;0;0;0;0;804759,3465;5825398,817;13,48999118;52,49339702
203785;11;11;11300722;2018;8;15;4;2;0;1;0;1;0;0;0;0;0;0;804270,4991;5827838,454;13,48504245;52,51553533
203786;11;10;10200629;2018;8;10;6;2;5;2;0;0;1;0;1;0;0;0;810960,558;5828200,778;13,58365541;52,51500942
203787;11;4;4300517;2018;8;12;7;3;0;7;0;1;1;0;0;0;0;0;791543,5128;5828035,045;13,29820108;52,52425023
203788;11;5;5100313;2018;8;11;4;3;2;6;0;1;0;0;0;0;1;0;785389,2636;5830610,596;13,20995054;52,55059862
203789;11;6;6300631;2018;7;12;2;3;5;2;0;1;0;0;0;0;1;0;790821,5361;5815581,551;13,27673409;52,41298875
203790;11;6;6400737;2018;8;10;6;3;5;3;0;1;1;0;0;0;0;0;786576,9283;5817919,472;13,21650194;52,43618918
203791;11;8;8401140;2018;8;10;4;2;0;7;0;1;0;0;0;0;0;0;803085,8451;5819436,098;13,4600012;52,44088519
203792;11;2;2100104;2018;8;9;6;2;6;7;0;0;0;1;0;0;1;0;798838,468;5826147,727;13,40371402;52,5033838
203793;11;3;3601141;2018;8;10;7;3;5;3;0;1;1;0;0;0;0;0;799220,1336;5831773,676;13,4143833;52,55360275
203794;11;12;12200412;2018;7;12;2;3;4;6;0;1;0;0;0;0;0;0;790967,506;5833827,196;13,29481066;52,57648386
203795;11;8;8100104;2018;8;7;6;3;2;6;0;1;0;0;0;1;0;0;800822,8699;5822577,938;13,42963975;52,47029626
203796;11;4;4400728;2018;8;9;4;1;3;2;0;1;0;0;0;1;0;0;789617,2306;5823355,486;13,2658174;52,48332355
203797;11;4;4501153;2018;7;11;2;3;5;7;0;1;1;0;0;0;0;0;794155,3468;5824090,758;13,33310288;52,48748906
203798;11;7;7601341;2018;8;13;3;3;2;6;0;0;1;0;0;0;0;0;797768,7469;5815365,412;13,37838541;52,40731658
203799;11;6;6300528;2018;7;11;2;3;2;2;0;0;1;0;0;0;0;0;790856,1987;5817577,641;13,27897764;52,43086575
203800;11;5;5300737;2018;8;13;6;3;0;1;0;0;0;0;1;0;0;0;787941,8229;5830041,628;13,24699961;52,54415424
203801;11;3;3501038;2018;8;21;3;3;0;2;1;1;1;0;0;0;0;0;803675,203;5832011,683;13,48010966;52,55327037
203802;11;1;1100416;2018;8;8;6;2;3;6;0;1;0;0;0;0;1;0;798795,0232;5829697,445;13,40626422;52,53522579
203803;11;5;5100104;2018;7;10;2;2;6;2;0;0;1;1;0;0;0;0;785230,2384;5831827,416;13,2086572;52,56159175
203804;11;5;5100105;2018;8;8;7;3;5;3;0;0;1;0;0;0;0;0;784422,2338;5831394,259;13,19639841;52,55813076
203805;11;12;12200310;2018;7;11;2;3;2;2;0;0;1;0;0;0;0;0;792338,3165;5833919,286;13,31506339;52,57657475
203806;11;9;9200717;2018;8;20;6;3;6;4;0;0;1;1;0;0;0;0;809125,7963;5819503,525;13,54864215;52,43810901
203807;11;10;10100210;2018;8;15;3;3;5;2;0;1;1;0;0;0;0;0;808832,5403;5831785,379;13,55572593;52,54834272
203808;11;12;12400723;2018;8;6;6;3;1;5;0;0;1;0;0;0;0;0;791674,2532;5838930,715;13,30970649;52,62185665
203809;11;1;1100309;2018;7;10;2;3;5;3;0;0;1;0;1;0;0;0;798638,5914;5828375,791;13,40277757;52,52346477
203810;11;11;11300725;2018;8;5;6;3;0;1;1;1;1;0;0;0;0;0;805154,4337;5827552,117;13,49776579;52,51247522
203811;11;2;2200208;2018;8;19;3;3;5;2;0;1;1;0;0;0;0;0;797841,0088;5824926,909;13,3879706;52,492986
203812;11;9;9301228;2018;8;23;6;3;3;6;2;0;1;0;0;0;0;0;819516,0896;5812746,895;13,69453645;52,3715986
203813;11;6;6300634;2018;7;9;2;3;0;2;0;0;0;0;0;0;1;0;792950,1745;5817757,965;13,3098472;52,43136502
203814;11;7;7400721;2018;7;9;2;3;5;2;0;1;1;0;0;0;0;0;798741,9674;5823946,932;13,40032313;52,48370945
203815;11;9;9501838;2018;8;13;6;1;5;3;0;0;1;0;0;0;1;0;820705,8761;5819508,274;13,71842617;52,43148517
203816;11;1;1401045;2018;8;19;3;3;2;6;0;0;1;0;0;0;1;0;796833,4614;5831550,256;13,3790853;52,55290602
203817;11;4;4501040;2018;8;20;5;3;3;6;0;1;0;0;0;0;0;0;792396,004;5825696,51;13,30867586;52,50282939
203818;11;7;7400823;2018;7;13;2;3;2;6;0;0;1;0;0;0;1;0;797283,4989;5821136,054;13,37640394;52,4593088
203819;11;9;9501939;2018;8;19;3;3;5;2;0;1;1;0;0;0;0;0;810269,7148;5821458,38;13,56723183;52,45498015
203820;11;8;8100419;2018;7;23;1;3;5;3;2;1;1;0;0;0;0;0;802382,7977;5824029,199;13,45385046;52,48244281
203821;11;1;1100311;2018;8;6;5;3;6;4;0;1;0;1;0;0;0;0;799859,1913;5828614,747;13,42093003;52,52493674