OBJECTID;LAND;BEZ;LOR_ab_2021;UJAHR;UMONAT;USTUNDE;UWOCHENTAG;UKATEGORIE;UART;UTYP1;ULICHTVERH;IstRad;IstPKW;IstFuss;IstKrad;IstGkfz;IstSonstig;USTRZUSTAND;LINREFX;LINREFY;XGCSWGS84;YGCSWGS84
203822;11;1;1100310;2018;8;18;3;3;2;2;0;0;1;0;1;0;0;0;799108,0022;5828990,793;13,41022895;52,52872005
203823;11;7;7601548;2018;8;16;5;2;2;6;0;1;0;0;0;0;0;0;800694,3523;5813334,38;13,41944244;52,38751243
203824;11;1;1200520;2018;7;22;1;3;2;6;2;0;1;0;0;0;0;0;794573,0515;5828466,901;13,34310914;52,52649319
203825;11;1;1400938;2018;8;9;7;3;2;6;0;0;1;0;0;0;0;0;794153,0406;5830305,591;13,33856328;52,54320265
203826;11;3;3400831;2018;7;21;1;3;5;2;0;0;1;0;0;0;0;0;800075,9512;5833884,354;13,42887701;52,57205043
203827;11;7;7300619;2018;8;19;5;3;0;2;0;1;1;0;0;0;0;0;795243,0007;5822261,7;13,34745521;52,47050569
203828;11;1;1200626;2018;8;17;3;3;6;2;0;0;1;1;0;0;0;0;795022,3644;5828267,938;13,34953645;52,52446668
203829;11;6;6300526;2018;8;13;5;3;1;5;0;1;0;0;0;0;1;0;789459,3901;5817461,902;13,25838985;52,43056899
203830;11;3;3701555;2018;8;10;1;3;5;3;0;1;0;0;1;0;0;0;799256,2326;5830052,7;13,41336357;52,53815707
203831;11;1;1100309;2018;7;20;1;3;5;2;0;1;1;0;0;0;0;0;798871,6369;5828554,599;13,40636298;52,52493984
203832;11;9;9501736;2018;8;13;5;3;5;2;0;0;0;0;1;0;1;0;813011,4913;5821411,709;13,6074065;52,45299884
203833;11;12;12500929;2018;8;18;3;2;5;7;0;0;1;0;1;0;0;0;794315,0759;5838370,375;13,34810627;52,61540961
203834;11;4;4501041;2018;8;13;5;3;1;5;0;0;1;0;0;0;0;0;793135,993;5825664,325;13,3195182;52,50214382
203835;11;12;12500825;2018;8;18;3;3;0;1;0;0;0;0;1;0;0;0;791473,4168;5834321,361;13,30268976;52,58064317
203836;11;4;4501042;2018;7;20;1;3;6;4;1;1;0;1;0;0;0;0;793926,1415;5825855,242;13,3312939;52,50343025
203837;11;3;3500936;2018;8;10;7;3;5;3;0;0;1;0;0;0;0;0;802308,3785;5831352,526;13,45941138;52,54812277
203838;11;2;2300314;2018;8;17;3;3;5;2;0;1;1;0;0;0;0;0;799948,2895;5826085,13;13,41995931;52,50221377
203839;11;1;1400938;2018;7;20;1;3;2;7;0;0;1;0;1;0;0;0;794218,0792;5830909,855;13,34005485;52,54858435
203840;11;6;6100102;2018;8;12;5;3;2;6;0;1;0;0;0;0;1;0;793720,8382;5821024,835;13,32402222;52,46023822
203841;11;5;5300737;2018;8;17;3;3;5;2;0;0;1;0;1;0;0;0;787324,0703;5829803,638;13,23770933;52,54234667
203842;11;2;2200210;2018;8;11;5;3;2;6;0;0;1;0;1;0;0;0;798267,6849;5824785,905;13,39411035;52,49148909
203843;11;8;8100314;2018;7;19;1;3;2;6;0;0;1;0;0;0;0;0;800666,5144;5824329,139;13,42892382;52,48607899
203844;11;1;1100205;2018;8;6;7;3;8;1;0;0;0;0;1;0;0;0;796966,6676;5826826,281;13,376824;52,51048828
203845;11;8;8100312;2018;7;19;1;3;6;4;0;1;0;1;0;0;0;0;801466,989;5824429,702;13,44076762;52,48653897
203846;11;5;5300737;2018;8;17;3;3;3;6;0;0;1;0;1;0;0;0;787499,5418;5829891,361;13,24036556;52,54304059
203847;11;12;12200310;2018;7;19;1;3;2;6;0;0;1;0;0;0;0;0;791754,7298;5832941,183;13,30561529;52,56811956
203848;11;9;9501737;2018;8;11;5;2;2;2;0;0;1;0;0;0;0;0;814715,1639;5821936,887;13,63289004;52,45672678
203849;11;8;8100521;2018;8;17;3;3;5;3;0;0;1;0;0;0;0;0;803584,897;5821664,781;13,46934633;52,46058389
203850;11;6;6100103;2018;8;10;5;3;2;6;0;0;1;0;0;0;0;0;793213,8917;5821603,089;13,31709023;52,46569434
203851;11;1;1100313;2018;7;17;1;3;5;2;0;1;1;0;0;0;0;0;800077,1882;5826454,975;13,42218589;52,50545797
203852;11;1;1300835;2018;7;16;1;3;2;6;0;1;1;0;0;0;0;0;797821,0033;5830253,544;13,39244492;52,54074362
203853;11;9;9200512;2018;8;10;5;3;2;2;0;0;1;0;0;0;0;0;809382,4719;5821484,221;13,55424025;52,45571462
203854;11;3;3500934;2018;8;17;3;3;5;3;0;0;1;0;0;0;0;0;801069,9318;5831430,162;13,44127297;52,54950447
203855;11;9;9501939;2018;8;9;5;3;2;6;0;0;1;0;0;0;1;0;809792,984;5821572,84;13,5603446;52,4562763
203856;11;4;4100101;2018;8;16;3;3;2;6;0;0;1;0;0;0;0;0;791290,4777;5830670,547;13,29679212;52,54801237
203857;11;8;8200623;2018;7;15;1;3;5;3;0;0;1;0;0;0;0;0;802483,8835;5820700,931;13,45231739;52,45255534
203858;11;9;9401329;2018;8;16;3;3;1;5;0;1;1;0;0;0;0;0;812210,0499;5818373,575;13,59281296;52,4262313
203859;11;3;3701659;2018;8;8;5;3;1;5;0;1;1;0;0;0;0;0;799989,4366;5829407,602;13,42355943;52,53197173
203860;11;1;1200520;2018;8;16;3;3;2;6;0;0;1;0;0;0;1;0;794213,3037;5828455,234;13,33781132;52,52658286
203861;11;1;1200517;2018;8;16;3;3;5;2;0;0;1;0;1;0;0;0;794983,8576;5829554,586;13,35011219;52,53602132
203862;11;1;1100416;2018;7;14;1;3;6;2;0;0;1;1;0;0;0;0;798681,1845;5829454,4;13,40437245;52,53310964
203863;11;1;1401045;2018;8;7;5;3;5;3;0;1;0;0;0;0;1;0;796466,6269;5831941,932;13,37404046;52,55661675
203864;11;12;12100205;2018;8;16;3;2;0;7;0;0;1;0;0;0;0;0;794563,0954;5834878,439;13,3486522;52,58397311
203865;11;2;2300316;2018;8;6;5;2;5;2;0;0;1;0;1;0;0;0;800733,5817;5826516,747;13,43188344;52,50565025
203866;11;6;6100205;2018;7;13;1;3;1;5;0;0;1;0;0;0;1;0;795449,3366;5819961,781;13,34844841;52,44977688
203867;11;4;4200207;2018;7;11;1;3;4;6;0;1;1;0;0;0;0;0;789413,0663;5824708,659;13,26399452;52,49556342
203868;11;2;2100102;2018;8;22;5;3;4;6;2;0;1;0;1;0;0;0;798319,7789;5825600,363;13,3956047;52,49876121
203869;11;8;8100314;2018;8;15;3;3;5;2;0;1;1;0;0;0;0;0;801016,1576;5823905,202;13,43367463;52,48208647
203870;11;1;1100308;2018;7;11;1;3;1;5;0;1;1;0;0;0;0;0;796416,2588;5829387,134;13,37101975;52,53374312
203871;11;8;8100103;2018;8;15;3;3;3;6;0;1;1;0;0;0;0;0;800677,6533;5822973,371;13,42786478;52,47392062
203872;11;2;2500830;2018;8;15;3;3;1;5;0;1;1;0;0;0;0;0;802630,7436;5827375,232;13,46053048;52,51229582
203873;11;4;4100101;2018;8;21;5;3;3;6;0;0;1;0;0;0;0;0;792227,3069;5830683,651;13,31058027;52,54762811
203874;11;7;7601545;2018;8;15;3;3;5;3;0;0;1;0;0;0;0;0;800176,3563;5814059,55;13,41250318;52,39429665
203875;11;4;4501042;2018;7;4;1;3;5;2;2;0;1;0;0;0;0;1;794479,6624;5825854,963;13,33942494;52,50312928
203876;11;1;1100206;2018;8;14;3;3;5;2;0;0;1;0;1;0;0;0;797758,76;5827447,685;13,38901705;52,51562663
203877;11;4;4300619;2018;7;9;1;3;0;7;0;0;1;1;0;0;0;0;791894,9065;5827476,316;13,30287544;52,51905333
203878;11;9;9401635;2018;8;20;5;3;5;2;0;1;1;0;0;0;0;0;817329,2072;5816867,315;13,66642192;52,40978993
203879;11;1;1400938;2018;8;13;3;2;2;6;0;0;1;0;0;0;1;0;793868,3631;5830048,735;13,33415033;52,54105371
203880;11;9;9502043;2018;7;18;7;3;5;2;0;0;1;0;1;0;0;0;810976,727;5822187,999;13,57828272;52,4611169
203881;11;2;2500833;2018;8;13;3;3;0;1;0;1;0;0;0;0;0;0;802394,9074;5827077,867;13,45679571;52,50976134
203882;11;9;9501939;2018;7;16;7;3;6;4;0;0;1;1;0;0;0;0;810915,6319;5821536,984;13,57678014;52,45531756
203883;11;5;5300841;2018;8;16;5;3;4;6;0;1;0;0;0;0;1;0;789515,0286;5829457,419;13,26962466;52,538083
203884;11;6;6400838;2018;8;13;3;3;6;4;0;0;1;1;0;0;0;0;788142,0671;5818760,96;13,24018758;52,44291136
203885;11;2;2500831;2018;8;18;5;3;1;5;0;1;1;0;1;0;0;0;803255,4386;5827387,748;13,46971897;52,51206107
203886;11;7;7100102;2018;7;15;7;3;6;6;0;1;0;1;0;0;0;0;795032,038;5825762,726;13,34745753;52,50200405
203887;11;11;11401032;2018;8;16;5;3;2;6;0;0;1;0;0;0;0;0;806602,4057;5827729,639;13,51919948;52,51325428
203888;11;2;2100104;2018;8;13;3;3;0;6;0;0;1;0;0;0;1;0;799256,762;5826228,776;13,40993107;52,50388104
203889;11;7;7601238;2018;7;15;7;3;0;3;0;1;0;0;1;0;0;0;798666,2025;5816279,343;13,3923549;52,41502017
203890;11;1;1100104;2018;8;13;3;3;5;2;0;1;1;0;0;0;0;0;796252,4569;5825960,788;13,36556069;52,50311828
203891;11;1;1100206;2018;7;15;7;3;6;4;0;0;1;1;0;0;0;0;797764,5125;5827426,078;13,38908223;52,51542981
203892;11;9;9100407;2018;8;16;5;3;1;5;0;1;0;0;0;0;1;0;806360,0149;5821015,231;13,50946854;52,45321378
203893;11;8;8200726;2018;8;12;3;2;5;2;0;0;1;0;0;0;0;0;801415,0202;5820227,269;13,43620845;52,44890016
203894;11;9;9501939;2018;8;15;5;3;5;2;0;0;1;0;1;0;0;0;809644,4521;5821497,963;13,5580962;52,45568943
203895;11;1;1401043;2018;7;17;7;2;5;2;0;0;1;0;1;0;0;0;795580,1396;5830796,288;13,35998264;52,54682899
203896;11;8;8100520;2018;7;13;7;2;5;2;0;0;1;0;1;0;0;0;803203,5032;5822714,108;13,46470337;52,47020069
203897;11;2;2300417;2018;8;15;5;3;5;7;0;1;1;0;0;1;0;0;800573,1965;5825705,504;13,42879529;52,49846721
203898;11;5;5100104;2018;8;11;3;3;2;6;0;0;1;0;0;0;0;0;786153,6206;5831675,685;13,22211098;52,55974687
203899;11;6;6200314;2018;7;10;7;3;6;4;0;1;0;1;0;0;0;0;794771,8475;5817728,422;13,3365383;52,43012163
203900;11;9;9502043;2018;8;14;5;3;2;7;0;1;1;0;0;0;0;0;810320,3773;5823209,504;13,56960303;52,47064436
203901;11;2;2300316;2018;8;11;3;3;5;3;0;0;1;0;1;0;0;0;800720,9684;5826209,417;13,43142059;52,50290252
203902;11;9;9501939;2018;7;10;7;3;5;3;0;1;0;0;0;0;1;0;809945,2174;5821592,516;13,56259612;52,45636633
203903;11;6;6400737;2018;7;9;7;3;5;2;0;0;1;0;1;0;0;0;785007,9566;5817561,731;13,19317945;52,43380146
203904;11;10;10200422;2018;8;14;5;3;6;4;0;0;1;1;0;0;0;0;812376,6466;5831450,111;13,60750861;52,54331785
203905;11;5;5200527;2018;8;10;3;3;1;5;0;0;1;0;0;0;1;0;783299,1018;5827625,466;13,17666157;52,52492444
203906;11;1;1100310;2018;8;14;5;3;0;1;0;1;0;0;0;0;0;0;799480,0507;5828849,429;13,41556963;52,52724868
203907;11;6;6100209;2018;7;7;7;3;6;4;0;1;0;1;0;0;0;0;794502,9352;5821449,748;13,33587505;52,46362643
203908;11;7;7601443;2018;8;14;5;3;5;3;0;1;1;0;0;0;0;0;800042,6868;5814359,157;13,41081287;52,39705548
203909;11;5;5200629;2018;8;9;3;3;2;6;0;0;1;0;0;0;0;0;784627,6099;5828632,735;13,1970531;52,53326369
203910;11;5;5200634;2018;8;13;5;3;2;6;0;0;1;0;0;1;0;0;785050,846;5826304,019;13,20127985;52,51216331
203911;11;2;2300316;2018;7;17;7;3;6;4;0;1;0;1;0;0;0;0;801181,4606;5825953,271;13,43795263;52,50035265
203912;11;2;2400521;2018;8;9;3;3;5;2;0;1;1;0;0;0;0;0;800463,057;5828234,979;13,42946107;52,52120033
203913;11;11;11400927;2018;7;1;7;3;5;2;2;1;1;0;0;0;0;0;803707,3198;5826284,579;13,47535084;52,50192225
203914;11;2;2400623;2018;8;13;5;3;6;4;0;0;0;1;1;0;0;0;801114,5056;5827221,712;13,43811651;52,5117589
203915;11;8;8200726;2018;8;8;3;2;0;6;0;0;1;0;0;0;1;0;802363,5592;5819912,372;13,44983834;52,44555393
203916;11;2;2100105;2018;8;13;5;3;0;7;0;1;0;0;0;0;0;0;799078,6833;5825673,131;13,40681626;52,4989981
203917;11;10;10100311;2018;7;1;7;2;0;1;2;0;0;0;1;0;0;0;806311,5206;5830181,167;13,51718436;52,53538883
203918;11;2;2300314;2018;8;9;5;2;6;4;0;0;0;1;1;0;0;0;799912,3782;5825986,122;13,41934267;52,50134606
203919;11;4;4501043;2018;8;0;6;2;5;3;2;0;1;0;0;0;0;0;793107,381;5825211,242;13,31869912;52,49809746
203920;11;6;6200315;2018;8;15;5;3;5;2;0;1;1;0;0;0;0;0;795447,9708;5817834,48;13,34654776;52,43070766
203921;11;3;3400828;2018;8;15;5;2;5;3;0;1;1;0;0;0;0;0;800069,5807;5832592,142;13,42761446;52,56047155
203922;11;10;10200421;2018;8;17;1;3;3;6;0;0;1;0;0;0;0;0;812189,3892;5830920,303;13,60425849;52,53867751
203923;11;1;1100207;2018;8;8;5;3;2;2;0;1;1;0;0;0;0;0;798693,2242;5827088,175;13,4024244;52,51189316
203924;11;3;3601245;2018;8;14;5;3;5;2;0;1;1;0;0;0;0;0;800938,789;5831179,531;13,4391176;52,5473305
203925;11;10;10400938;2018;8;15;6;3;2;6;0;0;1;0;0;0;0;0;813442,2739;5829387,037;13,62122557;52,52421897
203926;11;3;3601451;2018;8;8;5;3;1;5;0;1;1;0;0;0;0;0;801263,1179;5829684,997;13,44253096;52,53375561
203927;11;1;1200522;2018;8;19;1;3;5;2;0;1;1;0;0;0;0;0;793694,7658;5827999,626;13,32978749;52,52277817
203928;11;7;7501029;2018;8;8;5;3;6;2;0;0;1;1;0;0;0;0;797538,6076;5819910,867;13,37905594;52,44818741
203929;11;7;7501133;2018;8;15;7;3;1;5;0;1;1;0;0;0;0;0;797953,1172;5818019,668;13,38345118;52,43100906
203930;11;1;1100311;2018;8;8;5;3;5;2;0;1;1;0;0;0;0;0;800189,5458;5828453,118;13,42563889;52,52330622
203931;11;9;9200613;2018;8;7;5;3;5;2;0;1;1;0;0;0;0;0;807998,7235;5820988,083;13,53348271;52,45204965
203932;11;2;2500833;2018;8;21;6;3;4;6;2;0;1;0;1;0;0;0;802080,8743;5827157,263;13,45225463;52,51064695
203933;11;8;8100415;2018;8;19;7;3;2;6;1;1;1;0;0;0;0;0;801667,1957;5823730,188;13,44307415;52,48015852
203934;11;3;3500934;2018;8;7;5;3;5;2;0;1;0;0;0;0;1;0;800208,1617;5832144,47;13,4292477;52,55638259
203935;11;3;3701554;2018;8;19;6;3;6;4;0;0;0;1;0;0;1;0;799111,3725;5830273,468;13,41143282;52,54021544
203936;11;7;7100102;2018;8;6;5;2;5;3;0;1;0;0;0;0;0;0;795616,7384;5824975,978;13,35534811;52,49463503
203937;11;4;4501152;2018;8;12;6;3;5;3;0;0;1;0;1;0;0;0;794003,3428;5824714,314;13,33142088;52,49316081
203938;11;5;5300736;2018;8;6;5;2;1;5;0;0;0;0;1;0;1;0;786883,0561;5830120,623;13,23149793;52,54542102
203939;11;9;9501939;2018;8;0;5;3;2;6;2;0;1;0;0;0;0;0;810646,6337;5821008,041;13,5723421;52,45073031
203940;11;11;11400931;2018;8;11;2;2;5;3;0;0;1;0;0;0;1;0;806684,2841;5826911,442;13,51964841;52,50587541
203941;11;3;3200207;2018;8;15;5;3;2;6;0;0;1;0;0;0;0;0;800105,3712;5836220,547;13,43142521;52,59297394
203942;11;1;1400938;2018;8;15;5;3;3;6;0;0;0;0;1;0;1;0;793886,1112;5830093,009;13,33445044;52,54144102
203943;11;9;9501939;2018;8;14;7;3;0;6;0;0;1;0;0;0;1;0;810019,4181;5821597,135;13,56368893;52,45636565
203944;11;7;7501134;2018;8;15;5;3;2;6;0;0;1;0;0;0;0;0;799062,7046;5819071,851;13,40066439;52,43983514
203945;11;4;4200311;2018;8;6;6;3;5;2;0;1;1;0;0;0;0;0;790305,8068;5826019,544;13,27825053;52,50684154
203946;11;12;12100103;2018;8;15;5;3;5;2;0;1;1;0;0;0;0;0;796298,4374;5833956,814;13,37336643;52,57476949
203947;11;2;2500727;2018;8;8;6;3;5;2;0;0;1;0;1;0;0;0;802635,9694;5827910,03;13,46109364;52,51708627
203948;11;12;12200309;2018;8;14;5;3;5;2;0;1;1;0;0;0;0;0;793148,703;5832637,256;13,32585489;52,56464613
203949;11;7;7501133;2018;8;13;5;3;5;3;0;0;1;0;0;0;0;0;797832,7382;5818571,602;13,38217747;52,43602213
203950;11;9;9301228;2018;8;11;1;3;4;6;0;1;0;0;0;0;0;0;816984,0396;5812871,116;13,65758518;52,37418145
203951;11;6;6200316;2018;8;13;5;3;0;2;0;0;1;1;0;0;0;0;796046,5439;5817527,594;13,35505454;52,42763305
203952;11;9;9501941;2018;8;13;5;3;2;6;0;0;1;0;0;0;0;0;810999,5738;5821240,246;13,57773517;52,45261057
203953;11;12;12500824;2018;8;21;7;3;9;1;2;0;1;0;0;0;0;0;791067,6035;5835471,843;13,29772816;52,59117421
203954;11;5;5200633;2018;8;12;5;3;5;2;0;0;1;0;0;0;0;0;784054,1413;5827140,529;13,18734662;52,52018357
203955;11;11;11400931;2018;8;14;6;3;5;2;0;1;1;0;0;0;0;0;806700,5561;5826908,017;13,51988425;52,50583557
203956;11;3;3601245;2018;8;12;5;3;2;6;0;1;1;0;0;0;0;0;800605,0518;5831002,03;13,43405005;52,54592377
203957;11;8;8401244;2018;8;12;5;3;2;6;0;0;1;0;0;0;0;0;805714,2701;5816772,239;13,49611556;52,41554715
203958;11;3;3500934;2018;8;21;1;2;9;1;2;0;1;0;1;0;0;0;800198,812;5832138,476;13,42910478;52,55633401
203959;11;6;6300634;2018;8;12;5;3;5;7;0;0;1;0;0;0;0;0;792031,4289;5818926,318;13,2973928;52,44233053
203960;11;5;5400942;2018;8;19;5;3;5;2;0;0;1;0;0;0;0;0;783770,417;5823774,365;13,18030698;52,4901495
203961;11;6;6100205;2018;8;19;5;3;5;2;0;0;1;0;0;0;1;0;795061,447;5820015,039;13,34280429;52,4504638
203962;11;2;2200210;2018;8;17;1;3;5;2;0;1;1;0;0;0;0;0;798491,8426;5825234,498;13,39780401;52,49538763
203963;11;4;4200206;2018;8;17;5;3;5;3;0;0;1;0;0;0;0;0;786224,4614;5825998,361;13,21826371;52,50880824
203964;11;7;7601341;2018;8;16;5;3;5;2;0;0;1;0;0;0;0;0;797614,2788;5815560,757;13,37629494;52,40915166
203965;11;2;2100101;2018;8;2;7;3;5;3;2;1;1;0;0;0;0;0;797623,1885;5825589,043;13,38536334;52,49904008
203966;11;8;8200832;2018;8;19;6;2;5;2;0;0;1;0;1;0;0;0;801615,9683;5817421,417;13,43662478;52,42363962
203967;11;4;4200308;2018;8;12;4;3;2;6;0;0;1;0;0;0;0;0;790527,1298;5827329,925;13,28264629;52,51847135
203968;11;4;4501043;2018;8;16;6;3;2;7;0;1;1;0;0;0;0;0;792378,653;5825113,271;13,30790891;52,49761008
203969;11;1;1100103;2018;8;12;4;3;2;7;0;0;1;0;1;0;0;0;795934,3942;5825633,359;13,3605975;52,50035576
203970;11;3;3601141;2018;8;11;4;3;0;3;0;1;0;0;0;0;1;0;799195,086;5831606,819;13,4138646;52,5521209
203971;11;1;1100309;2018;8;20;6;3;6;4;1;1;0;1;0;0;0;0;798635,384;5828817,921;13,40312749;52,5274296
203972;11;2;2100106;2018;8;20;7;3;2;6;1;0;1;0;1;0;0;0;799806,9356;5825701,486;13,41753771;52,49885267
203973;11;4;4300412;2018;8;11;4;3;6;4;0;0;1;1;0;0;0;0;791671,4714;5827710,417;13,2997971;52,52127156
203974;11;12;12200310;2018;8;18;6;3;5;3;0;0;1;0;0;0;0;0;792131,7391;5833150,296;13,31134613;52,56979198
203975;11;12;12400720;2018;8;11;4;3;6;2;0;0;1;1;0;0;0;0;790093,4708;5839995,799;13,2873553;52,63225129
203976;11;8;8401241;2018;8;13;6;3;5;3;0;0;1;0;0;0;0;0;804754,8419;5818461,913;13,48359148;52,43122633
203977;11;4;4400729;2018;8;10;4;3;0;6;0;0;1;0;1;0;0;0;790635,2675;5822637,634;13,28014112;52,47634698
203978;11;4;4300619;2018;8;21;6;3;2;2;2;0;1;0;0;0;0;0;792427,742;5827179,357;13,3104449;52,5161057
203979;11;12;12200414;2018;8;10;4;3;2;2;0;0;1;0;0;0;0;0;791187,4249;5830907,191;13,29548416;52,55018895
203980;11;4;4300624;2018;8;14;6;3;6;4;0;0;1;1;0;0;0;0;793248,5926;5826078,208;13,32153682;52,50579362
203981;11;2;2500836;2018;8;9;4;3;5;2;0;1;1;0;0;0;0;0;803251,4652;5826004,197;13,46840039;52,49966275
203982;11;9;9200715;2018;8;18;1;2;2;6;0;0;1;0;1;0;0;0;809329,936;5818506,396;13,5507132;52,4290574
203983;11;2;2400623;2018;8;8;4;3;5;7;0;0;1;0;0;0;0;0;800999,1812;5826978,347;13,43620219;52,50964122
203984;11;5;5300735;2018;8;19;6;3;5;3;0;1;1;0;0;0;0;0;786451,0257;5831101,381;13,22599047;52,55444149
203985;11;4;4300624;2018;8;18;7;3;5;3;0;0;1;0;0;0;0;0;793468,6622;5826413,193;13,32506522;52,50867827
203986;11;7;7501134;2018;8;20;4;3;5;2;0;0;1;0;1;0;0;0;799054,8007;5819072,455;13,400549;52,43984487
203987;11;1;1100415;2018;8;19;4;3;2;6;0;1;0;0;0;0;0;0;798290,2862;5829368,48;13,3985496;52,53255355
203988;11;6;6300634;2018;8;10;6;3;0;1;0;0;0;0;1;0;0;0;792061,1836;5818887,566;13,29779545;52,44196723
203989;11;7;7400823;2018;8;18;4;2;5;2;0;0;1;0;1;0;0;0;797323,6745;5822178,505;13,3779222;52,46863147
203990;11;2;2200211;2018;8;17;4;3;0;2;0;1;1;0;0;0;0;0;798250,0921;5824522,282;13,39361605;52,48913565
203991;11;12;12500930;2018;8;16;1;3;2;6;0;0;1;0;0;0;1;0;792851,09;5835141,827;13,32368902;52,58725847
203992;11;1;1100416;2018;8;11;4;2;0;1;0;1;0;0;0;0;0;0;798557,9718;5829217,779;13,40234885;52,53105617
203993;11;4;4100101;2018;8;12;4;3;5;3;0;0;1;0;0;0;0;0;792257,71;5830690,421;13,31103331;52,54767249
203994;11;11;11300722;2018;8;17;1;3;2;6;0;0;1;0;0;0;0;0;803976,4034;5827895,706;13,4807741;52,51621244
203995;11;12;12200309;2018;8;14;7;3;0;5;0;0;1;0;0;0;1;0;793424,5428;5832485,129;13,32977815;52,56313381
203996;11;9;9501838;2018;8;17;4;2;0;1;0;1;0;0;0;0;0;0;816884,7522;5821243,203;13,66405565;52,44925761
203997;11;3;3300516;2018;8;7;6;3;5;3;0;1;0;0;0;0;0;0;800433,5676;5832620,964;13,43299382;52,56052919
203998;11;3;3500934;2018;8;17;4;3;1;5;0;1;0;0;0;0;1;0;801196,7293;5831816,889;13,44348813;52,55290063
203999;11;1;1200628;2018;8;12;4;2;0;1;0;1;0;0;0;0;0;0;796185,2989;5828458,056;13,366797;52,5255404
204000;11;3;3200309;2018;8;14;1;3;2;6;0;0;1;0;0;0;0;0;800138,6775;5837726,415;13,4332805;52,60645284
204001;11;9;9200715;2018;8;17;4;3;5;2;0;1;1;0;0;0;0;0;808529,5465;5819080,842;13,53950844;52,43465756
204002;11;5;5200630;2018;8;15;6;3;6;4;0;0;0;1;0;0;1;0;784472,1159;5827757,912;13,19401831;52,52550117
204003;11;9;9200613;2018;8;17;1;3;1;5;0;1;1;0;0;0;0;0;806410,8887;5821451,958;13,5106156;52,45709938
204004;11;12;12500825;2018;8;16;4;3;5;2;0;1;1;0;0;0;0;0;791485,276;5834331,952;13,3028736;52,58073176
204005;11;3;3601348;2018;8;11;7;3;1;5;0;1;1;0;0;0;0;0;799818,8787;5830279,993;13,4218396;52,53988512
204006;11;1;1100415;2018;8;16;4;3;0;1;0;1;0;0;0;0;0;0;797976,7559;5829308,351;13,39388721;52,53218606
204007;11;6;6100209;2018;8;12;6;2;5;2;0;1;1;0;0;0;0;0;794444,0952;5821518,645;13,33507224;52,46427577
204008;11;9;9502043;2018;8;16;4;3;2;6;0;0;1;0;0;0;0;0;811304,3419;5822401,068;13,58328791;52,4628398
204009;11;2;2300418;2018;8;13;7;3;0;2;0;1;1;0;0;0;0;0;801281,8867;5825357,739;13,43888894;52,49495934
204010;11;11;11501238;2018;8;16;4;3;3;6;0;1;0;0;0;0;0;0;804971,6154;5825163,227;13,49289245;52,49116698
204011;11;11;11100309;2018;8;16;6;3;5;3;0;0;1;0;0;0;0;0;805621,9418;5833091,46;13,50972766;52,56185879
204012;11;9;9502043;2018;8;16;4;2;0;6;0;0;1;0;0;0;1;0;811228,1516;5822193,313;13,58197637;52,4610214
204013;11;9;9501737;2018;8;15;4;3;5;2;0;1;1;0;0;0;0;0;814483,7663;5820801,754;13,62842697;52,44668813
204014;11;3;3601142;2018;8;19;1;3;5;2;0;1;1;0;0;0;0;0;799140,4697;5830367,506;13,41194525;52,54104238
204015;11;12;12601134;2018;8;15;4;3;2;2;0;0;0;0;1;0;1;0;795418,0841;5837480,628;13,36355598;52,6068355
204016;11;9;9301228;2018;8;8;5;3;5;3;0;1;0;0;0;0;1;0;814018,4968;5812937,758;13,61422757;52,37648535
204017;11;2;2300419;2018;8;15;4;3;2;6;0;1;0;0;1;0;0;0;801659,7168;5825788,164;13,44482724;52,49860861
204018;11;7;7200307;2018;8;13;6;3;5;7;0;0;1;0;1;0;0;0;794974,808;5824864,741;13,34582158;52,49398517
204019;11;1;1400942;2018;8;18;6;2;5;3;0;1;0;0;0;0;0;0;794761,4989;5830944,892;13,34807695;52,54860467
204020;11;8;8100520;2018;8;15;4;2;6;4;0;0;0;1;1;0;0;0;803293,9995;5822823,431;13,46613093;52,47113031
204021;11;3;3501038;2018;8;15;4;3;5;3;0;1;0;0;0;0;0;0;803505,3794;5832536,278;13,47809221;52,55806678
204022;11;1;1300733;2018;8;20;5;3;2;6;0;0;1;0;0;0;0;0;797308,5136;5831258,47;13,38581001;52,55003142
204023;11;4;4500936;2018;8;15;4;3;5;2;0;1;1;0;0;0;0;0;792090,9944;5825291,828;13,30384014;52,49936485
204024;11;6;6400737;2018;8;14;4;3;2;7;0;0;1;0;0;0;0;0;786864,0688;5817439,825;13,22030273;52,43173819
204025;11;3;3601453;2018;8;14;4;2;0;1;0;1;0;0;0;0;0;0;802578,0396;5828691,197;13,46095309;52,52411994
204026;11;4;4100101;2018;8;21;1;3;2;6;2;0;1;0;0;0;0;0;791258,8677;5830728,409;13,29637802;52,548548
204027;11;4;4501041;2018;8;14;4;3;1;5;0;1;1;0;0;0;0;0;792933,6467;5825549,874;13,31644503;52,50122647
204028;11;12;12500929;2018;8;20;5;2;4;6;2;0;1;0;1;0;0;0;795405,0328;5838827,217;13,36456621;52,61891333
204029;11;8;8401242;2018;8;14;4;3;5;3;0;0;1;0;1;0;0;0;805253,3543;5817246,706;13,48979229;52,42005688
204030;11;4;4100101;2018;8;14;6;3;5;7;0;0;1;0;1;0;0;0;791712,0412;5830681,389;13,30300103;52,547884
204031;11;3;3400618;2018;8;13;4;3;5;2;0;0;1;0;0;0;1;0;796791,3253;5836056,32;13,38249863;52,59332041