OBJECTID;LAND;BEZ;LOR_ab_2021;UJAHR;UMONAT;USTUNDE;UWOCHENTAG;UKATEGORIE;UART;UTYP1;ULICHTVERH;IstRad;IstPKW;IstFuss;IstKrad;IstGkfz;IstSonstig;USTRZUSTAND;LINREFX;LINREFY;XGCSWGS84;YGCSWGS84
204032;11;8;8200832;2018;8;21;1;3;1;5;2;0;0;0;1;0;0;0;801738,9034;5817091,057;13,43812926;52,42061072
204033;11;4;4300623;2018;8;23;5;3;2;3;2;0;1;0;0;0;0;0;792717,9916;5826095,145;13,31375647;52,50623039
204034;11;2;2300417;2018;8;12;4;3;6;4;0;1;0;1;0;0;0;0;800490,1222;5825757,069;13,42762172;52,49897515
204035;11;10;10400835;2018;8;15;7;3;5;3;0;1;1;0;0;0;0;0;811915,3158;5829746,381;13,59912897;52,52831474
204036;11;2;2200211;2018;8;21;5;3;9;1;2;0;1;0;0;0;0;0;798308,8925;5824462,688;13,39442614;52,48856933
204037;11;12;12500926;2018;8;15;3;3;5;2;0;0;1;0;0;0;0;0;793425,7865;5836091,149;13,33298849;52,59545884
204038;11;3;3601142;2018;8;9;6;3;2;6;0;0;1;0;1;0;0;0;799194,7865;5831109,232;13,41341186;52,54766098
204039;11;5;5200631;2018;8;20;7;2;5;7;2;1;1;0;0;0;0;0;784761,3395;5826713,977;13,19737619;52,51599023
204040;11;2;2300314;2018;8;11;3;3;6;7;0;1;0;1;0;0;0;0;799806,2036;5826018,272;13,41781214;52,50169258
204041;11;3;3601141;2018;8;22;3;3;5;2;2;1;1;0;0;0;0;0;799242,0643;5831771,584;13,41470391;52,55357195
204042;11;5;5300737;2018;8;12;6;3;3;6;0;0;1;0;1;0;0;0;787035,8453;5829473,442;13,23318566;52,53953819
204043;11;7;7300619;2018;8;20;3;3;6;4;2;0;1;1;0;0;0;0;795046,8279;5821912,455;13,34426674;52,46748091
204044;11;9;9200717;2018;8;18;3;3;0;3;0;0;1;0;1;0;0;1;809531,2824;5818799,191;13,55393616;52,43156753
204045;11;11;11400927;2018;8;10;2;3;5;2;0;1;0;0;0;0;1;0;803716,017;5826344,123;13,47553288;52,50245109
204046;11;10;10400835;2018;8;18;3;3;0;7;0;1;0;0;0;0;0;0;812443,0458;5828662,012;13,60586431;52,51829543
204047;11;7;7501031;2018;8;16;5;3;5;2;0;1;0;0;0;0;1;0;798990,9303;5819649,536;13,4001285;52,44505261
204048;11;11;11400929;2018;8;17;3;3;5;3;0;0;1;0;0;0;0;0;805122,2168;5826543,979;13,49636849;52,50345783
204049;11;1;1200517;2018;8;14;7;3;0;1;0;0;0;0;1;0;0;0;793861,3551;5830041,939;13,33404128;52,54099657
204050;11;2;2400521;2018;8;17;3;3;5;2;0;1;1;0;0;0;0;0;801247,6338;5827817,242;13,44061141;52,51702323
204051;11;4;4100101;2018;8;7;6;3;5;2;0;0;1;0;0;0;1;0;793352,206;5829681,351;13,32623697;52,53803843
204052;11;1;1100308;2018;8;17;3;3;5;5;0;1;1;0;0;0;0;0;796864,3091;5829197,976;13,37743692;52,53180368
204053;11;11;11400931;2018;8;15;3;3;5;2;0;1;1;0;0;0;0;0;806698,4459;5826917,582;13,51986207;52,50592248
204054;11;4;4200203;2018;8;16;1;3;6;7;0;0;1;1;0;0;0;0;787043,0713;5826313,084;13,23056381;52,51119982
204055;11;2;2300314;2018;8;15;3;3;5;3;0;0;1;0;0;0;0;0;799768,952;5826286,552;13,4175065;52,50411775
204056;11;7;7100101;2018;8;15;3;3;5;3;0;1;0;0;1;0;0;0;794693,4499;5825759,692;13,34248115;52,50215982
204057;11;6;6400735;2018;8;11;1;3;2;7;0;1;0;0;0;0;1;0;784156,6404;5816179,467;13,17951622;52,42185051
204058;11;7;7400721;2018;8;15;3;3;6;7;0;0;1;1;0;0;0;0;797449,1821;5822878,618;13,38038863;52,47483894
204059;11;12;12200412;2018;8;10;5;3;2;6;0;0;1;0;0;0;0;0;791601,4343;5834007,285;13,30429745;52,57775898
204060;11;7;7601442;2018;8;15;3;3;5;2;0;1;0;0;0;0;1;0;799250,4284;5816260,323;13,40090237;52,41453059
204061;11;1;1200624;2018;8;21;7;3;2;6;2;0;1;0;0;0;0;0;795667,9738;5829741,255;13,36033519;52,53732393
204062;11;4;4501042;2018;8;13;3;3;6;2;0;0;1;1;0;0;0;0;793900,8845;5825531,397;13,33063704;52,50054074
204063;11;12;12100101;2018;8;16;6;2;6;4;0;0;1;1;0;0;0;0;796207,4181;5832760,483;13,37095884;52,56409524
204064;11;1;1100207;2018;8;12;3;3;6;4;0;1;0;1;0;0;0;0;797967,7811;5826998,942;13,39168641;52,51149006
204065;11;4;4100101;2018;8;20;3;3;5;5;1;0;1;0;0;0;0;0;793381,3933;5829952,134;13,32690518;52,54045014
204066;11;12;12100205;2018;8;11;1;2;2;6;0;0;1;0;1;0;0;0;793775,2648;5832716,29;13,335142;52,56501689
204067;11;8;8200833;2018;8;21;3;3;2;6;2;0;0;0;1;0;0;0;801892,2137;5816983,628;13,44027996;52,41956326
204068;11;3;3601140;2018;8;16;5;3;5;2;0;1;1;0;0;0;0;0;798664,0908;5831793,744;13,40622447;52,55408782
204069;11;1;1200519;2018;8;16;3;3;0;2;0;0;0;1;1;0;0;0;793702,8482;5828501,82;13,33034981;52,52727571
204070;11;2;2400625;2018;8;7;6;3;5;2;0;1;1;0;0;0;0;0;801285,3894;5827419,919;13,44080638;52,51344111
204071;11;3;3200205;2018;8;15;3;2;5;2;0;1;1;0;0;0;0;0;797327,9862;5835281,961;13,38970285;52,58608621
204072;11;4;4501042;2018;8;11;5;3;0;7;0;0;0;0;1;0;0;0;794033,1067;5826055,983;13,33304252;52,50517215
204073;11;10;10400837;2018;8;16;3;2;5;3;0;0;1;0;1;0;0;0;811362,682;5826841,245;13,58829057;52,50259679
204074;11;3;3400831;2018;8;9;7;3;5;2;0;0;1;0;0;0;0;0;800070,8804;5833884,909;13,42880291;52,57205821
204075;11;3;3400831;2018;8;14;3;2;5;3;0;0;1;0;1;0;0;0;799822,5785;5833798,372;13,42507183;52,57141939
204076;11;12;12200310;2018;8;19;6;3;1;5;1;1;1;0;0;0;1;0;792170,6995;5833423,54;13,31216007;52,5722206
204077;11;1;1200625;2018;8;14;3;3;1;5;0;1;0;0;0;0;1;0;795102,1346;5828479,349;13,35089643;52,52631865
204078;11;8;8100206;2018;8;17;5;3;1;5;0;1;1;0;0;0;0;0;800709,0734;5823880,955;13,4291444;52,48203833
204079;11;9;9200512;2018;8;14;3;3;5;3;0;0;1;0;0;0;0;0;808160,6169;5821871,359;13,53667269;52,4598744
204080;11;11;11300620;2018;8;18;1;3;5;3;0;0;1;0;0;0;0;0;804219,0711;5829078,468;13,48542099;52,52667778
204081;11;8;8100102;2018;8;10;3;3;0;6;0;0;1;0;1;0;0;0;800391,1841;5823704,212;13,42431813;52,48062907
204082;11;1;7100102;2018;8;18;5;2;0;7;0;0;0;0;1;0;1;1;795190,275;5825860,008;13,34986818;52,50279053
204083;11;7;7100103;2018;8;22;6;3;5;3;2;0;1;0;0;0;0;0;795711,2609;5825464,174;13,35716974;52,49896011
204084;11;12;12200307;2018;8;10;3;3;1;5;0;1;1;0;0;0;0;0;793432,8569;5833465,853;13,33076801;52,57192093
204085;11;1;1100416;2018;8;15;6;3;6;4;0;1;0;1;0;0;0;0;798540,2977;5829178,055;13,4020534;52,53070978
204086;11;8;8401243;2018;8;9;3;3;5;2;0;0;1;0;0;0;0;0;805237,3107;5818125,555;13,49035898;52,42794268
204087;11;6;6100103;2018;8;8;3;3;5;3;0;1;1;0;0;0;0;0;793796,9477;5821195,778;13,32528966;52,46172975
204088;11;6;6300527;2018;8;18;5;3;2;2;0;0;1;0;0;0;0;0;790890,5655;5817751,035;13,27963255;52,43240199
204089;11;6;6200312;2018;8;8;3;3;2;6;0;1;0;0;0;0;0;0;794309,0627;5819264,931;13,33110403;52,44414499
204090;11;9;9501939;2018;8;7;3;3;3;6;0;1;1;0;0;0;0;0;810447,4486;5821233,181;13,56962973;52,45286108
204091;11;2;2200209;2018;8;17;5;3;5;2;0;1;1;0;0;0;0;0;797746,093;5824596,591;13,38628153;52,49007686
204092;11;12;12100101;2018;8;7;3;3;5;3;0;1;1;0;0;0;0;0;795864,3389;5832617,674;13,36578487;52,56300165
204093;11;9;9100304;2018;8;16;7;2;5;2;0;0;1;0;0;0;1;0;804395,9764;5821744,687;13,48132021;52,46084891
204094;11;5;5100315;2018;8;10;3;2;5;2;0;0;1;0;1;0;0;0;784665,788;5829707,58;13,19853527;52,5428808
204095;11;5;5100317;2018;8;18;5;3;5;2;0;1;0;0;0;0;0;0;787670,7178;5828012,786;13,24125668;52,52610789
204096;11;5;5300840;2018;8;5;3;2;5;7;1;1;1;0;0;0;0;0;788412,6083;5829353,59;13,25332537;52,53773672
204097;11;10;10100311;2018;8;10;6;3;5;2;0;1;1;0;0;0;0;0;806558,366;5829131,591;13,51984447;52,52584359
204098;11;8;8100208;2018;8;22;6;3;2;6;2;0;1;0;0;0;0;0;801646,2859;5822538,958;13,44168985;52,46949284
204099;11;5;5300736;2018;8;8;3;3;2;6;0;0;1;0;0;0;0;0;786057,0179;5829175,292;13,2185359;52,53737979
204100;11;4;4501153;2018;8;11;3;2;5;2;0;1;1;0;0;0;0;0;793922,0184;5823255,019;13,32893957;52,48012271
204101;11;12;12200515;2018;8;10;2;3;5;3;0;1;0;0;1;0;0;0;789923,741;5835686,002;13,28107741;52,59370507
204102;11;1;1100104;2018;8;18;3;3;5;2;0;1;1;0;0;0;0;0;796269,8253;5825955,939;13,3658115;52,50306538
204103;11;9;9200818;2018;8;18;5;3;6;7;0;0;0;1;0;0;1;0;810540,2112;5820692,742;13,570488;52,44796517
204104;11;1;1200626;2018;8;8;2;3;6;4;0;1;0;1;0;0;0;0;795125,2077;5828253,155;13,3510348;52,5242785
204105;11;11;11501340;2018;8;10;7;2;5;7;0;1;1;0;0;0;0;0;807363,2239;5824277,989;13,52719068;52,48189207
204106;11;11;11300620;2018;8;18;5;2;2;6;0;0;1;0;0;0;0;0;803677,7501;5829777,521;13,47810478;52,53324495
204107;11;8;8100105;2018;8;13;2;3;2;6;0;0;1;0;0;0;1;0;800484,2588;5822023,124;13,4241702;52,46550958
204108;11;5;5400943;2018;8;15;7;2;5;2;0;1;0;0;0;0;1;0;781112,08;5820064,624;13,1381309;52,45826068
204109;11;1;1100311;2018;8;19;5;3;5;2;0;1;1;0;0;0;0;0;799581,5669;5828045,246;13,41633717;52,51998467
204110;11;1;1100310;2018;8;11;2;3;5;2;0;1;1;0;0;0;0;0;799107,6063;5828466,074;13,40975114;52,52401694
204111;11;3;3701555;2018;8;8;6;3;5;3;0;1;1;0;0;0;0;0;799701,9604;5830084,835;13,4199448;52,53820016
204112;11;8;8100310;2018;8;22;2;3;5;3;2;1;0;0;0;0;0;0;800717,3005;5825074,256;13,43034186;52,49272975
204113;11;12;12500928;2018;8;21;2;3;2;2;2;0;1;0;0;0;0;0;791769,8248;5836886,747;13,30931162;52,60348204
204114;11;1;1300834;2018;8;12;1;3;5;2;0;1;1;0;0;0;0;0;798267,3254;5830093,476;13,39886278;52,53906472
204115;11;1;1100207;2018;8;21;2;3;5;2;2;0;1;0;1;0;0;0;797853,5002;5826868,703;13,38989087;52,51038503
204116;11;6;6200422;2018;8;17;5;3;5;7;0;0;1;0;0;0;0;0;794295,8766;5817068,343;13,32897695;52,42446053
204117;11;1;1100309;2018;8;19;2;3;5;2;0;1;1;0;0;0;0;0;798125,081;5828962,85;13,39575754;52,529008
204118;11;7;7501031;2018;8;11;7;3;5;2;0;0;1;0;1;0;0;0;798902,9316;5819470,7;13,39867762;52,44349768
204119;11;4;4200206;2018;8;8;2;3;0;6;0;0;1;0;1;0;0;0;785967,0633;5825980,341;13,21446595;52,50878168
204120;11;12;12200515;2018;8;12;6;2;5;3;0;0;1;0;1;0;0;0;789991,2589;5834763,237;13,2812636;52,58539653
204121;11;1;1100206;2018;8;17;2;3;5;2;0;1;0;0;0;0;0;0;797896,3564;5827372,07;13,39097107;52,5148737
204122;11;1;1100309;2018;8;17;2;3;2;6;0;0;1;0;1;0;0;1;798351,9249;5829034,435;13,39915581;52,52952556
204123;11;2;2300417;2018;8;5;6;3;5;3;0;0;1;0;0;0;0;0;800628,7397;5825671,545;13,42958038;52,49813222
204124;11;12;12200309;2018;8;17;2;3;0;2;0;1;1;0;0;0;0;0;792879,6056;5832716,332;13,32196604;52,56549984
204125;11;1;1400937;2018;8;16;2;3;3;6;0;0;0;0;1;0;1;0;793820,9334;5831749,663;13,33495795;52,55632706
204126;11;7;7601238;2018;8;17;1;3;5;2;0;0;1;0;0;0;0;0;798664,3008;5816261,218;13,39231085;52,41485874
204127;11;8;8100206;2018;8;16;2;3;2;6;0;1;1;0;0;0;0;0;800339,6082;5824316,466;13,42411256;52,48614532
204128;11;10;10100314;2018;8;16;5;3;0;2;0;0;1;0;0;0;1;0;808696,9213;5830177,394;13,55223822;52,53400925
204129;11;2;2400623;2018;8;15;2;3;4;6;0;1;0;0;0;0;0;0;800703,2944;5826946,502;13,43182675;52,50951896
204130;11;11;11300722;2018;8;15;7;3;3;6;0;0;1;0;1;0;0;0;803908,7129;5828115,398;13,4799803;52,51821919
204131;11;1;1300733;2018;8;17;6;3;2;2;0;0;1;0;0;0;1;0;797714,454;5831869,458;13,39232709;52,55528641
204132;11;5;5100208;2018;8;15;2;3;6;4;0;0;1;1;0;0;0;0;782338,9436;5830497,6;13,16498726;52,5511752
204133;11;2;2100103;2018;8;15;2;3;0;6;0;0;1;0;1;0;0;0;798490,7819;5825554,383;13,39807508;52,49825556
204134;11;8;8200730;2018;8;10;5;3;5;2;0;1;0;0;0;1;0;0;801385,357;5819266,092;13,4349063;52,44030117
204135;11;3;3400828;2018;8;15;2;3;5;3;0;1;1;0;0;0;0;0;800057,3283;5832600,827;13,42744211;52,56055615
204136;11;9;9200715;2018;8;17;7;3;5;3;0;0;1;0;0;0;0;0;808642,1257;5819166,651;13,54123843;52,43536307
204137;11;9;9200510;2018;8;14;2;3;2;6;0;0;1;0;1;0;0;0;806174,2726;5823307,841;13,50884679;52,47386516
204138;11;8;8100104;2018;8;10;5;3;3;6;0;0;0;0;1;1;0;0;800893,2981;5822419,753;13,43053078;52,46883961
204139;11;7;7100205;2018;8;14;2;3;5;7;0;1;1;0;0;0;0;0;796424,6991;5824877,935;13,36712711;52,49331798
204140;11;11;11400927;2018;8;13;2;3;5;3;0;0;0;0;1;0;1;0;803920,7291;5826402,964;13,4785932;52,50286448
204141;11;10;10100315;2018;8;5;1;2;8;1;1;0;1;0;0;0;0;0;809499,6433;5831405,619;13,56517888;52,5445609
204142;11;9;9200715;2018;8;16;2;2;5;2;0;1;1;0;0;0;0;0;809193,5638;5818336,345;13,54855661;52,42761049
204143;11;7;7400823;2018;8;16;2;2;5;3;0;0;1;0;0;0;0;0;797022,6666;5821232,186;13,37266183;52,46031236
204144;11;3;3400618;2018;8;14;6;3;5;3;0;1;1;0;0;0;0;0;795892,007;5836469,192;13,36963001;52,59751136
204145;11;3;3500934;2018;8;12;2;2;6;4;0;1;0;1;0;0;0;0;800859,659;5832070,587;13,43876155;52,55536085
204146;11;1;1300836;2018;8;20;1;3;5;2;1;1;1;0;0;0;0;0;796721,2436;5830451,461;13,37645329;52,5431177
204147;11;7;7501029;2018;8;13;2;2;1;5;0;0;1;0;0;0;1;0;797657,4759;5819166,331;13,38013656;52,4414487
204148;11;2;2200209;2018;8;15;7;3;5;2;0;1;1;0;0;0;0;0;797109,8707;5824485,448;13,37683959;52,48942722
204149;11;6;6100209;2018;8;13;2;2;0;6;0;0;1;0;1;0;0;0;794312,957;5820865,946;13,332572;52,45849528
204150;11;8;8200725;2018;8;16;2;3;6;7;0;1;1;1;1;0;0;0;800225,6197;5819683,142;13,41827058;52,44467732
204151;11;9;9100203;2018;8;9;6;3;2;6;0;0;1;0;0;0;0;0;804206,8942;5824212,268;13,48079597;52,48307049
204152;11;7;7200409;2018;8;21;2;3;0;1;2;0;0;0;1;0;0;0;795292,6013;5824381,677;13,35006082;52,48948302
204153;11;10;10100316;2018;8;12;6;3;2;6;0;0;1;0;0;0;0;0;810717,396;5831996,53;13,58363141;52,54916319
204154;11;12;12200412;2018;8;17;2;3;2;6;0;0;1;0;0;0;0;0;788725,3324;5833379,484;13,26142522;52,57366427
204155;11;11;11100204;2018;8;16;2;3;0;7;0;0;0;1;0;0;1;0;805863,0664;5833612,205;13,51375371;52,56639041
204156;11;1;1401043;2018;8;10;2;3;2;7;0;0;1;0;0;0;0;0;796126,964;5830758,395;13,36798939;52,54619237
204157;11;4;4100101;2018;8;12;2;3;2;6;0;0;1;0;0;0;0;0;793342,5939;5829711,75;13,32612249;52,53831612
204158;11;6;6400839;2018;8;12;2;2;1;5;0;0;1;0;1;0;0;0;789251,2024;5818374,259;13,25612567;52,43885882
204159;11;4;4300518;2018;8;14;7;3;6;4;0;0;1;1;0;0;0;0;792071,2464;5827975,895;13,30590561;52,52343751
204160;11;9;9100101;2018;8;11;2;2;6;4;0;0;1;1;0;0;0;0;802291,7253;5824807,883;13,45321964;52,48947262
204161;11;4;4501045;2018;8;7;6;3;2;6;0;0;1;0;1;0;0;0;793908,5385;5824920,445;13,33021036;52,49505973
204162;11;11;11400931;2018;8;11;2;3;0;1;0;0;0;0;1;0;0;0;806475,2408;5826865,065;13,51653543;52,50557723
204163;11;4;4500936;2018;8;10;2;2;5;3;0;0;1;0;0;0;0;0;791589,7936;5825488,79;13,29665019;52,50139863
204164;11;4;4501042;2018;8;16;1;3;2;6;0;0;1;0;1;0;0;0;794082,2868;5826312,974;13,33399203;52,50744942
204165;11;1;1200624;2018;8;10;2;3;5;7;0;0;1;0;1;0;0;0;795529,5414;5829621,422;13,35819352;52,53632482
204166;11;7;7601442;2018;8;16;1;3;5;2;0;1;1;0;0;0;0;0;799723,221;5814499,242;13,40625692;52,39848607
204167;11;9;9100306;2018;8;9;2;3;1;5;0;1;1;0;0;0;0;0;804295,0627;5820115,993;13,47835545;52,44630748
204168;11;2;8100101;2018;8;10;7;2;5;3;0;1;1;0;0;0;0;0;800273,621;5824351,152;13,42317493;52,48649252
204169;11;7;7200308;2018;8;10;2;2;5;3;0;1;1;0;0;0;0;0;794962,3926;5823117,366;13,34409287;52,47832779
204170;11;1;1100416;2018;8;10;1;3;1;5;0;1;1;0;0;0;0;0;798347,1877;5829391,633;13,39940676;52,53272994
204171;11;1;1200628;2018;8;10;2;3;1;5;0;1;1;0;0;0;1;0;796290,4949;5828494,742;13,36837574;52,5258121
204172;11;8;8200832;2018;8;9;2;3;1;5;0;1;1;0;0;0;0;0;800617,6968;5816301,615;13,42098225;52,41415156
204173;11;4;4300416;2018;8;13;7;3;5;2;0;0;1;0;0;0;0;0;791447,2222;5826088,283;13,29508055;52,50684921
204174;11;7;7100103;2018;8;8;2;3;0;1;0;0;0;0;1;0;0;0;795720,4461;5825461,654;13,35730242;52,49893255
204175;11;6;6100209;2018;8;15;6;3;2;6;0;0;1;0;0;0;0;0;794114,1678;5821255,705;13,32999812;52,46209633
204176;11;2;2200211;2018;8;1;1;2;0;1;2;1;0;0;0;0;0;0;797917,8898;5824578,53;13,38878816;52,48982124
204177;11;1;1100104;2018;8;5;1;3;5;2;2;0;1;0;0;0;0;0;796261,974;5825958,406;13,36569837;52,50309176
204178;11;7;7601442;2018;8;13;1;2;5;3;0;0;1;0;1;0;0;0;798709,3575;5816016,323;13,39275282;52,41263894
204179;11;3;3300515;2018;8;16;1;3;5;3;0;0;1;0;0;0;0;0;801118,7625;5835015,588;13,44524522;52,58161381
204180;11;1;1100308;2018;8;13;6;3;1;5;0;1;1;0;0;0;0;0;797012,0549;5828557,13;13,3790361;52,52597873
204181;11;1;1100415;2018;8;15;6;3;1;5;0;0;1;0;1;0;0;0;798456,2093;5829127,559;13,40077214;52,5303032
204182;11;3;3601244;2018;8;19;1;3;5;3;0;1;1;0;0;0;0;0;800213,8154;5831583,387;13,42882346;52,55135035
204183;11;5;5200629;2018;8;19;4;2;5;3;0;1;1;0;0;0;0;0;784405,4324;5828667,022;13,1938158;52,53368709
204184;11;4;4500939;2018;8;18;3;3;5;3;0;1;1;0;0;0;0;0;792513,2709;5824504,932;13,30935211;52,49208434
204185;11;1;1100310;2018;8;17;3;3;0;7;0;0;1;0;0;0;0;0;798884,7912;5828554,724;13,40655641;52,52493375
204186;11;4;4300621;2018;8;17;3;3;5;2;0;1;1;0;0;0;0;0;792380,5783;5826705,976;13,30933589;52,51188726
204187;11;3;3701554;2018;8;7;4;3;5;3;0;1;1;0;0;0;0;0;799223,8644;5829440,628;13,41233668;52,53268855
204188;11;2;2200211;2018;8;23;3;3;0;1;2;0;0;0;1;0;0;0;798508,8233;5824520,523;13,39741373;52,48897847
204189;11;10;10100316;2018;8;12;4;3;3;6;0;0;1;0;0;0;1;0;810723,9091;5831999,695;13,58373012;52,54918784
204190;11;9;9200512;2018;8;17;3;3;2;2;0;0;1;0;0;0;0;0;809396,9269;5821481,903;13,55445015;52,45568567
204191;11;4;4300621;2018;8;19;3;3;5;3;0;0;1;0;0;0;0;0;792382,8431;5826886,657;13,30952792;52,5135058
204192;11;8;8200726;2018;8;16;3;3;0;7;0;0;1;0;0;0;0;0;801544,9972;5820581,046;13,4384346;52,45199949
204193;11;8;8200623;2018;8;9;2;3;5;2;0;1;1;0;0;0;0;0;802610,0531;5820746,45;13,45420966;52,4528935
204194;11;12;12601134;2018;8;11;4;3;6;7;0;0;1;1;0;0;0;0;794611,8373;5836424,216;13,3507443;52,59780327
204195;11;9;9200613;2018;8;16;3;3;5;5;0;1;1;0;0;0;0;0;806719,5423;5821290,972;13,51499604;52,45548345
204196;11;12;12100205;2018;8;11;4;3;0;6;0;0;1;0;0;0;1;0;794556,6517;5833543,661;13,34737137;52,57201142
204197;11;2;2100101;2018;8;15;3;3;5;3;0;1;1;0;0;0;0;0;797369,1443;5826170,997;13,38215168;52,50439514
204198;11;9;9200613;2018;8;15;3;2;5;2;1;1;1;0;0;0;0;0;806897,5463;5821381,193;13,51769038;52,45619212
204199;11;4;4501147;2018;8;9;4;3;2;6;0;0;1;0;0;0;0;0;793181,4472;5824032,104;13,31874944;52,48748712
204200;11;6;6300632;2018;8;15;3;3;5;3;0;1;1;0;0;0;0;0;791783,1524;5817828,219;13,29279185;52,43261858
204201;11;5;5100316;2018;8;15;4;2;5;2;0;1;1;0;0;0;0;0;784509,5509;5828947,437;13,19558671;52,53614696
204202;11;4;4300517;2018;8;10;4;3;1;5;0;1;0;0;0;0;1;0;791807,6813;5828322,685;13,30233618;52,52668755
204203;11;10;10400835;2018;8;14;3;2;5;3;0;0;1;0;0;0;0;0;811915,5378;5829746,349;13,59913221;52,52831432
204204;11;2;2200209;2018;8;16;4;3;1;5;0;1;1;0;0;0;1;0;797653,2581;5824586,043;13,38490885;52,49003294
204205;11;9;9501838;2018;8;14;3;3;5;3;0;1;1;0;0;0;0;0;820706,8579;5819508,173;13,71844046;52,43148369
204206;11;4;4300624;2018;8;19;1;3;0;6;0;0;1;0;0;0;1;0;792756,8924;5826109,073;13,31434023;52,50633438
204207;11;12;12601134;2018;8;14;3;3;2;6;0;0;1;0;0;0;0;0;794482,0204;5837169,301;13,34949598;52,60455262
204208;11;5;5100209;2018;8;20;4;2;6;4;2;0;1;1;0;0;0;0;783262,0481;5830286,465;13,17838523;52,54880283
204209;11;6;6200423;2018;8;13;1;3;2;6;0;0;1;0;0;0;0;0;793364,657;5816238,423;13,31459362;52,41752051
204210;11;3;3601450;2018;8;13;3;3;2;2;0;0;1;0;0;0;0;0;802328,892;5829223,816;13,45777621;52,52903197
204211;11;9;9401534;2018;8;15;3;3;5;3;0;0;1;0;0;0;0;0;811437,1876;5820249,487;13,58323061;52,44348276
204212;11;5;5100210;2018;8;19;1;3;0;1;0;0;0;0;1;0;0;0;783671,804;5829951,538;13,18412592;52,5455866
204213;11;1;1100310;2018;8;16;1;3;0;1;0;0;0;0;1;0;0;0;799649,6141;5828694,214;13,41792175;52,52576426
204214;11;1;1100102;2018;8;13;3;3;5;2;0;1;1;0;0;0;0;0;796577,9454;5827796,978;13,37197817;52,51940108
204215;11;6;6300527;2018;8;8;1;3;5;2;0;0;1;0;1;0;0;0;790474,037;5817827,094;13,27358911;52,43330522
204216;11;5;5200629;2018;8;8;1;3;5;3;0;1;0;0;0;0;1;0;784756,8372;5828618,17;13,19894062;52,5330656
204217;11;2;2300314;2018;8;16;7;3;2;6;0;0;1;0;0;0;0;1;800228,6392;5826045,516;13,42404138;52,50170452
204218;11;9;9200715;2018;8;13;3;2;5;3;0;0;1;0;1;0;0;0;808886,8171;5818366,773;13,54408757;52,42805644
204219;11;11;11501238;2018;8;20;7;3;2;6;2;0;1;0;0;0;0;0;803733,3174;5826228,185;13,47568123;52,50140233
204220;11;1;1401046;2018;8;20;7;3;3;2;1;0;1;0;0;0;0;0;795015,395;5830113,051;13,35107165;52,54101045
204221;11;3;3601243;2018;8;17;3;2;5;2;0;0;1;0;1;0;0;0;799256,8081;5831440,532;13,41462234;52,55059649
204222;11;4;4501152;2018;8;9;2;3;1;5;0;0;1;0;1;0;0;0;793995,2104;5824132,634;13,33078823;52,48795071
204223;11;7;7400823;2018;8;18;4;3;5;3;0;1;1;0;0;0;0;0;797340,0416;5821870,485;13,37788796;52,46586148
204224;11;6;6400737;2018;8;11;7;3;4;6;0;0;1;0;0;0;0;0;786518,1418;5818087,289;13,21578339;52,43772462
204225;11;4;4200310;2018;8;13;3;3;2;6;0;0;1;0;0;0;0;0;789414,282;5826186,376;13,26529676;52,50881091
204226;11;1;1200522;2018;8;21;3;3;5;3;2;1;1;0;0;0;0;0;793702,0623;5828015,469;13,32990871;52,52291626
204227;11;3;3601346;2018;8;13;7;3;6;7;0;1;0;1;0;0;0;0;799295,335;5830776,415;13,41459035;52,54462256
204228;11;1;1100206;2018;8;13;7;3;2;6;0;0;1;0;0;0;0;0;797696,8788;5827836,801;13,38845599;52,51914836
204229;11;1;1100309;2018;8;12;3;3;1;5;0;1;1;0;0;0;0;0;798305,1013;5828958,538;13,39839951;52,52887087
204230;11;8;8100310;2018;8;12;7;3;1;5;0;1;1;0;0;0;0;0;800800,9377;5825037,116;13,43153652;52,49235076
204231;11;2;2300315;2018;8;8;2;2;1;5;0;0;1;0;1;0;0;0;800486,4322;5825973,624;13,42776292;52,50091824
204232;11;11;11501341;2018;8;13;4;3;5;3;0;1;1;0;0;0;0;0;805886,7061;5824474,699;13,50569658;52,48448413
204233;11;6;6300634;2018;8;11;7;3;2;2;0;0;1;0;0;0;0;0;792233,049;5818663,012;13,30012042;52,4398623
204234;11;11;11200513;2018;8;12;3;2;1;7;0;1;1;0;0;0;0;0;804171,0248;5830650,924;13,48615393;52,54079784
204235;11;9;9501737;2018;8;17;4;2;6;4;0;0;1;1;0;0;0;0;814520,9011;5820803,441;13,62897315;52,44668189
204236;11;3;3500932;2018;8;10;7;3;6;2;0;0;1;1;0;0;0;0;801445,7752;5833145,631;13,44835706;52,56467238
204237;11;4;4400831;2018;8;14;4;3;1;5;0;0;1;0;1;0;0;0;790929,4204;5822645,235;13,28446655;52,47625852
204238;11;3;3601141;2018;8;8;7;3;2;6;0;0;1;0;0;0;1;0;799192,8829;5831774,949;13,41398371;52,55362913
204239;11;12;12200310;2018;8;12;3;3;5;2;0;1;1;0;0;0;0;0;792292,8127;5833927,087;13,31440068;52,57666913
204240;11;7;7601340;2018;8;17;4;3;0;5;0;0;1;0;0;0;0;0;796497,3639;5815889,093;13,36021367;52,41270097
204241;11;3;3601245;2018;8;6;7;3;5;3;0;1;1;0;0;0;0;0;800329,2201;5831575,24;13,43051303;52,55121371