OBJECTID;LAND;BEZ;LOR_ab_2021;UJAHR;UMONAT;USTUNDE;UWOCHENTAG;UKATEGORIE;UART;UTYP1;ULICHTVERH;IstRad;IstPKW;IstFuss;IstKrad;IstGkfz;IstSonstig;USTRZUSTAND;LINREFX;LINREFY;XGCSWGS84;YGCSWGS84
204242;11;1;1100308;2018;8;18;3;3;1;5;0;0;1;0;1;0;0;0;797062,8927;5828256,775;13,37951496;52,52325869
204243;11;4;4100101;2018;8;12;7;2;5;2;0;0;1;0;0;0;0;0;792250,0578;5830683,145;13,31091438;52,54761137
204244;11;4;4200308;2018;8;11;7;3;2;6;0;0;1;0;0;0;0;0;790453,3962;5827317,998;13,28155228;52,5184037
204245;11;1;1100102;2018;8;8;3;3;5;3;0;1;1;0;0;0;0;0;796122,1891;5826289,55;13,36393952;52,50613605
204246;11;8;8100209;2018;8;18;7;3;2;2;1;0;1;0;0;0;0;1;801753,564;5822049,587;13,44282181;52,46504727
204247;11;6;6200315;2018;8;10;4;3;5;3;0;1;1;0;0;0;0;0;795461,0457;5817838,003;13,34674263;52,43073218
204248;11;3;3400619;2018;8;10;7;3;2;6;0;0;1;0;0;0;0;0;796978,3424;5835831,748;13,38505004;52,59120533
204249;11;11;11200513;2018;8;11;3;3;5;3;0;1;1;0;0;0;0;0;804727,3301;5831202,269;13,49483708;52,54542845
204250;11;5;5200528;2018;8;9;4;2;5;3;0;0;1;0;1;0;0;0;783814,4069;5826379,214;13,18317337;52,51348231
204251;11;8;8100310;2018;8;17;7;3;5;3;0;1;0;0;0;0;0;0;800414,2219;5825122,29;13,42593452;52,49332718
204252;11;11;11200512;2018;8;11;7;3;2;7;0;1;1;0;0;0;0;0;803124,6403;5830504,331;13,47063843;52,54006705
204253;11;6;6200317;2018;8;11;3;3;5;2;0;0;1;0;1;0;0;0;795790,547;5816684,925;13,35055534;52,4202175
204254;11;8;8100415;2018;8;17;7;3;2;2;0;0;1;0;0;0;0;0;801814,1117;5823625,372;13,44513604;52,47913787
204255;11;7;7300619;2018;8;16;7;2;5;3;0;1;1;0;0;0;0;1;795366,1108;5822161,469;13,3491736;52,46954063
204256;11;4;4300619;2018;8;16;7;3;6;2;0;0;1;1;0;0;0;0;792634,3605;5827078,546;13,31339246;52,51509114
204257;11;3;3601245;2018;8;10;3;3;5;2;0;0;1;0;0;0;0;0;800297,4513;5831593,258;13,43006219;52,55139272
204258;11;12;12500930;2018;8;9;4;3;2;6;0;0;1;0;0;1;0;0;793619,2036;5835217,915;13,33506172;52,58752651
204259;11;1;1100415;2018;8;15;7;3;5;2;0;1;1;0;0;0;0;1;797488,9449;5829195,218;13,38661576;52,53143841
204260;11;1;1100310;2018;8;10;3;3;0;1;0;0;0;0;1;0;0;0;798651,061;5828139,76;13,40274888;52,52134226
204261;11;10;10200420;2018;8;16;4;2;5;3;0;1;1;0;0;0;0;0;811347,0419;5830414,812;13,59140516;52,53462956
204262;11;10;10300731;2018;8;15;7;3;5;3;0;1;1;0;0;0;0;0;809411,8801;5828342,68;13,56103815;52,51716182
204263;11;2;2500832;2018;8;15;7;3;5;3;0;0;1;0;1;0;0;0;803383,0709;5826834,583;13,47108976;52,50703219
204264;11;5;5200629;2018;8;9;3;3;5;3;0;0;1;0;1;0;0;0;783800,0806;5828688,659;13,18493372;52,53419665
204265;11;7;7400823;2018;8;15;7;3;2;6;0;0;1;0;0;0;1;1;797099,3105;5822136,403;13,37459154;52,46837613
204266;11;11;11100101;2018;8;14;7;2;8;1;0;0;1;0;0;0;0;0;806184,1111;5834537,195;13,5193294;52,57449982
204267;11;1;1100206;2018;8;8;3;3;3;2;0;1;0;0;0;1;0;0;797531,3442;5827574,364;13,38578885;52,51688627
204268;11;1;1100309;2018;8;19;4;2;5;2;1;1;1;0;0;0;0;0;797956,5484;5828499,89;13,39286567;52,5249503
204269;11;3;3601142;2018;8;14;7;3;1;5;0;1;1;0;0;0;0;0;798796,4562;5831076,246;13,40752534;52,54758393
204270;11;1;1200623;2018;8;8;3;3;2;6;0;0;1;0;0;0;0;0;795081,9307;5829205,97;13,35124442;52,53284316
204271;11;4;4200311;2018;8;14;7;3;5;2;0;0;1;0;0;0;0;0;790479,6827;5826698,545;13,28139778;52,51283628
204272;11;2;2500835;2018;8;8;3;3;5;2;0;1;1;0;0;0;0;0;803093,8728;5826037,208;13,46611598;52,50004617
204273;11;6;6400844;2018;8;8;4;3;5;3;0;1;1;0;0;0;0;0;792344,8295;5820808,597;13,30363809;52,45903753
204274;11;4;4501152;2018;8;13;7;2;0;6;0;1;0;0;0;0;0;0;793967,9618;5824808,833;13,33098465;52,49402719
204275;11;12;12200412;2018;8;8;3;3;6;4;0;1;0;1;0;0;0;0;791369,425;5833107,337;13,30009248;52,56981546
204276;11;3;3601245;2018;8;15;4;2;5;3;0;1;0;0;0;0;0;0;800866,7209;5831071,087;13,43795976;52,5463983
204277;11;12;12400619;2018;8;13;7;3;5;2;0;1;1;0;0;0;0;0;787288,4907;5836390,112;13,2428922;52,60141617
204278;11;9;9100202;2018;8;13;7;3;2;6;0;0;1;0;0;0;0;0;802905,825;5824185,646;13,46167102;52,48355517
204279;11;3;3400830;2018;8;8;3;2;5;2;0;1;1;0;0;0;0;0;799564,9681;5833164,515;13,42070963;52,56587977
204280;11;2;2200212;2018;8;12;6;3;4;6;0;1;0;0;0;0;0;0;800162,2658;5824427,902;13,42160905;52,4872417
204281;11;4;4200206;2018;8;15;6;3;5;3;0;0;1;0;0;0;0;0;786208,4871;5825977,238;13,21801082;52,50862724
204282;11;7;7601238;2018;8;8;3;3;1;7;0;1;1;0;0;0;0;0;797641,7503;5817298,219;13,37824286;52,42471145
204283;11;9;9200512;2018;8;0;2;3;1;1;2;0;1;0;0;0;1;0;809088,5741;5821552,355;13,54999184;52,4564915
204284;11;7;7300516;2018;8;18;4;3;2;7;0;1;1;0;0;0;0;0;794021,1493;5821635,718;13,32896772;52,46555304
204285;11;9;9401534;2018;8;22;6;3;2;6;2;0;1;0;0;0;0;0;811045,0809;5820290,794;13,57751868;52,4440761
204286;11;1;1300732;2018;8;20;3;3;0;5;2;0;1;0;1;0;0;0;797414,9891;5832519,182;13,38850526;52,56127398
204287;11;8;8100102;2018;8;23;6;3;2;6;2;0;1;0;0;0;0;0;800529,957;5823390,826;13,42607298;52,47774372
204288;11;2;2100104;2018;8;21;6;3;2;2;2;1;1;0;0;0;0;0;799295,682;5826183,511;13,41046207;52,50345395
204289;11;3;3601450;2018;8;17;3;3;2;2;0;1;1;0;0;0;0;0;802306,3836;5829214,926;13,45743734;52,52896477
204290;11;10;10100206;2018;8;20;6;3;5;3;1;1;1;0;0;0;0;0;809363,923;5832992,913;13,56466276;52,55886264
204291;11;4;4200310;2018;8;20;6;3;3;6;2;0;1;0;0;0;0;0;789829,513;5826308,723;13,27150437;52,50968732
204292;11;11;11401137;2018;8;7;3;3;5;5;0;1;1;0;0;0;0;0;806590,0107;5825421,677;13,51689245;52,49257677
204293;11;3;3500934;2018;8;18;6;3;6;4;0;0;1;1;0;0;0;0;800985,6682;5831689,637;13,4402692;52,55187674
204294;11;12;12200309;2018;8;18;4;3;5;3;0;1;1;0;0;0;0;0;793394,9211;5832521,269;13,32937437;52,56347375
204295;11;12;12200412;2018;8;18;6;3;5;3;0;1;1;0;0;0;0;0;790731,312;5834203,463;13,29166496;52,57998326
204296;11;1;1400942;2018;8;7;3;3;5;2;0;0;1;0;0;0;1;0;794634,8315;5830511,844;13,34583013;52,54479124
204297;11;2;2400521;2018;8;17;4;3;5;7;0;1;1;0;0;0;0;0;800428,0049;5828042,85;13,42877248;52,51949754
204298;11;6;6300633;2018;8;18;6;3;5;2;0;0;1;0;0;0;0;0;793262,7597;5819090,186;13,31560059;52,44314061
204299;11;4;4501042;2018;8;10;6;3;3;5;0;1;0;0;0;0;1;0;793530,5726;5825721,183;13,32536468;52,5024414
204300;11;4;4300412;2018;8;17;6;3;5;7;0;0;1;0;0;0;1;0;791028,738;5827409,863;13,29008791;52,51892053
204301;11;4;4400727;2018;8;6;3;3;2;7;0;1;0;0;0;0;1;0;790964,3462;5823112;13,28538662;52,48042449
204302;11;5;5100315;2018;8;9;4;3;5;2;0;1;1;0;0;0;0;0;784272,2435;5830369,476;13,19331433;52,54902086
204303;11;4;4501041;2018;8;17;6;3;2;6;0;0;1;0;0;0;0;0;792745,7774;5825471,887;13,3136167;52,50062816
204304;11;11;11501340;2018;8;6;3;3;5;2;0;0;1;0;0;0;1;0;807350,1042;5825176,988;13,52782703;52,48995641
204305;11;2;2100102;2018;8;5;3;3;5;3;1;1;1;0;0;0;0;0;798334,6931;5825630,883;13,39585108;52,49902663
204306;11;11;11401137;2018;8;16;6;2;5;3;0;1;0;0;0;0;0;0;807010,7648;5825954,831;13,52356163;52,49711851
204307;11;6;6400842;2018;8;11;4;3;0;7;0;0;0;0;0;0;1;0;790032,9903;5819786,592;13,26882055;52,4511068
204308;11;4;4501148;2018;8;16;6;3;5;2;0;1;1;0;0;0;0;0;792832,7613;5823243,897;13,31293647;52,4806082
204309;11;5;5200528;2018;8;11;2;2;0;2;0;0;1;0;0;0;0;0;783903,5934;5826602,67;13,18467475;52,51543944
204310;11;5;5300839;2018;8;17;4;2;6;4;0;0;1;1;0;0;0;0;789013,4228;5830588,073;13,26323324;52,54848585
204311;11;5;5400943;2018;8;15;6;3;5;3;0;1;1;0;0;0;0;0;780302,343;5821843,164;13,12773883;52,47462462
204312;11;7;7400824;2018;8;13;6;3;5;3;0;1;0;0;1;0;0;1;797840,4205;5822205,041;13,38553049;52,46858787
204313;11;1;1300730;2018;8;1;2;3;6;2;2;0;1;1;0;0;0;0;796410,0018;5832009,184;13,37326772;52,55725042
204314;11;9;9100304;2018;8;13;6;3;5;2;0;0;1;0;0;0;0;0;804346,2368;5821754,804;13,4805996;52,46096729
204315;11;2;2400623;2018;8;12;6;3;3;6;0;0;1;0;1;0;0;0;800381,2918;5827169,45;13,42729762;52,51169471
204316;11;2;2100104;2018;8;15;2;3;0;3;0;1;0;0;0;0;1;1;799281,6423;5826219,694;13,41028837;52,50378598
204317;11;1;1100101;2018;8;23;4;3;5;3;2;1;1;0;0;0;0;0;795055,5462;5826303,956;13,34828249;52,50684309
204318;11;9;9200715;2018;8;12;6;3;5;3;0;0;1;0;1;0;0;1;807405,585;5818327,157;13,52233436;52,42853561
204319;11;4;4100101;2018;8;23;2;3;5;2;2;0;1;0;0;0;0;0;793341,3771;5829716,431;13,32610873;52,53835873
204320;11;3;3400620;2018;8;15;4;3;0;3;0;1;1;0;0;0;0;0;797406,6006;5833960,326;13,38967398;52,57419654
204321;11;1;1300835;2018;8;12;6;3;5;2;0;1;1;0;0;0;0;0;797529,3353;5829430,651;13,38742017;52,53352674
204322;11;12;12200414;2018;8;10;6;3;2;6;0;0;1;0;0;0;0;0;791187,4249;5830907,191;13,29548416;52,55018895
204323;11;7;7100102;2018;8;23;2;3;6;2;2;0;1;1;0;0;0;0;795552,441;5825250,944;13,35464774;52,49713471
204324;11;8;8100105;2018;8;16;4;3;6;4;0;0;1;1;0;0;0;0;800911,2657;5821915,65;13,43033991;52,46431126
204325;11;4;4300619;2018;8;9;6;3;2;6;0;1;1;0;0;0;0;0;792724,1158;5827407,813;13,31500107;52,51799475
204326;11;11;11100204;2018;8;9;6;3;5;2;0;1;1;0;0;0;0;0;806899,4339;5832630,983;13,52808853;52,55701349
204327;11;8;8200623;2018;8;23;2;3;1;5;2;0;1;0;0;0;1;0;801511,5505;5820823,299;13,43816262;52,45418932
204328;11;2;2400521;2018;8;8;6;3;6;4;0;1;0;1;0;0;0;0;800770,0091;5828490,768;13,43420278;52,52332381
204329;11;10;10200627;2018;8;7;6;2;5;2;0;1;1;0;0;0;0;0;811322,9691;5829850,103;13,59052255;52,52958279
204330;11;9;9200717;2018;8;22;2;3;2;2;2;0;1;0;1;0;0;0;809352,327;5819659,732;13,5521086;52,43938084
204331;11;3;3601245;2018;8;1;4;3;0;1;2;0;0;0;1;0;0;0;800362,1556;5831018,452;13,43049373;52,54620493
204332;11;3;3701554;2018;8;7;6;3;5;2;0;1;1;0;0;0;0;0;799169,4186;5830028,126;13,41206526;52,53798446
204333;11;4;4200311;2018;8;21;2;3;0;7;2;0;0;0;1;0;1;1;789946,0517;5825099,57;13,27216373;52,49878512
204334;11;10;10200421;2018;8;14;4;3;5;2;0;1;1;0;0;0;0;0;812185,6403;5830912,439;13,604196;52,53860919
204335;11;8;8100209;2018;8;7;6;3;2;6;0;0;1;0;0;0;0;0;801200,1605;5822208,482;13,4348438;52,46677684
204336;11;3;3200205;2018;8;7;6;3;5;7;0;1;1;0;0;0;0;0;797842,1128;5836055,794;13,39796474;52,59274129
204337;11;9;9200511;2018;8;19;2;3;1;5;0;1;1;0;0;0;0;0;807220,3372;5822309,06;13,52327987;52,46432655
204338;11;10;10400938;2018;8;7;6;3;5;3;0;0;1;0;0;0;0;0;814018,8594;5828964,065;13,62929701;52,52009706
204339;11;3;3200207;2018;8;6;6;3;5;2;0;1;1;0;0;0;0;0;799184,1045;5835928,369;13,41760172;52,5908626
204340;11;8;8200730;2018;8;9;2;3;2;6;0;0;1;0;0;0;0;0;801388,8181;5819236,577;13,43493045;52,44003471
204341;11;9;9501941;2018;8;6;6;3;5;2;0;1;1;0;0;0;0;0;810885,8831;5821260,245;13,57608612;52,45285446
204342;11;3;3400620;2018;8;6;6;3;5;3;0;1;1;0;0;0;0;0;798047,071;5833594,766;13,39876841;52,57056947
204343;11;8;8100312;2018;8;19;2;3;5;2;0;0;1;0;1;0;0;0;801140,3229;5824104,478;13,43567752;52,48380417
204344;11;11;11400929;2018;8;19;4;3;4;6;0;1;1;0;0;0;0;0;805101,5248;5826925,08;13,49641381;52,50688501
204345;11;6;6300528;2018;8;6;6;3;5;2;0;0;1;0;0;0;0;0;790602,415;5816186,257;13,27404656;52,41852649
204346;11;11;11400927;2018;8;19;2;3;0;1;2;1;0;0;0;0;0;0;803983,3808;5826771,36;13,47984971;52,5061314
204347;11;3;3400722;2018;8;15;3;3;6;7;0;1;0;1;0;0;0;0;798187,7774;5833725,882;13,40095627;52,57166767
204348;11;3;3701554;2018;8;6;6;3;5;3;1;1;1;0;0;0;0;0;799135,4178;5829207,293;13,41082668;52,5306456
204349;11;2;2300316;2018;8;17;6;3;0;1;0;0;0;0;1;0;0;0;800735,5639;5826521,101;13,43191649;52,50568818
204350;11;1;1100416;2018;8;18;2;2;0;7;0;0;0;0;1;0;0;0;798521,6818;5829136,214;13,40174221;52,53034493
204351;11;6;6100102;2018;8;15;6;2;0;1;0;1;0;0;0;0;0;0;793342,8577;5820792,645;13,31827091;52,45835973
204352;11;4;4500936;2018;8;13;4;3;5;3;0;1;1;0;0;0;0;0;791974,767;5825575,884;13,30238188;52,50197356
204353;11;3;3701554;2018;8;16;6;3;0;1;0;1;0;0;0;0;0;0;799006,0335;5830080,917;13,40971096;52,53854732
204354;11;7;7200409;2018;8;18;2;3;1;5;0;1;1;0;0;0;0;0;795132,5898;5823893,377;13,3472786;52,48519226
204355;11;10;10300731;2018;8;17;4;3;2;6;0;0;1;0;0;0;0;0;809230,6425;5830220,804;13,56012213;52,53409575
204356;11;5;5300841;2018;8;7;5;3;3;6;0;0;1;0;0;0;0;0;789879,6992;5829218,38;13,27477786;52,53574613
204357;11;1;1100308;2018;8;17;5;3;0;6;0;1;1;0;0;0;0;0;797526,4635;5828750,273;13,38676904;52,52742954
204358;11;2;2300417;2018;8;1;4;3;6;7;2;0;1;1;0;0;0;0;800577,8252;5825716,102;13,42887283;52,49855965
204359;11;2;2200208;2018;8;9;5;3;0;2;0;1;1;0;0;0;0;0;797275,492;5825525,903;13,38020009;52,49866361
204360;11;10;10100210;2018;8;19;3;3;0;4;0;0;1;1;0;0;0;0;808411,64;5831212,291;13,54900621;52,54344527
204361;11;10;10200420;2018;8;9;5;3;0;6;0;0;0;0;0;0;1;0;811865,482;5830495,303;13,59909933;52,53505446
204362;11;1;1100206;2018;8;18;5;3;5;3;1;1;0;0;1;0;0;0;797480,8304;5827289,664;13,38479208;52,51436182
204363;11;6;6300631;2018;8;16;2;3;1;5;0;0;1;0;0;0;0;0;791176,5189;5815970,883;13,28227724;52,41629047
204364;11;3;3400724;2018;8;16;5;3;6;4;0;0;1;1;0;0;0;0;799809,4296;5834734,633;13,42572499;52,57981856
204365;11;1;1100206;2018;8;10;4;3;2;2;0;1;0;0;0;0;1;0;797558,0277;5827422,645;13,38604525;52,51551172
204366;11;5;5200634;2018;8;16;5;3;5;2;0;1;0;0;0;0;0;0;785050,846;5826304,019;13,20127985;52,51216331
204367;11;4;4100101;2018;8;16;2;3;3;6;0;0;1;0;1;0;0;0;793222,0806;5830098,262;13,32469182;52,54184586
204368;11;5;5100206;2018;8;10;4;3;0;1;0;1;0;0;0;0;0;0;781205,6898;5831054,367;13,14878919;52,55675373
204369;11;3;3400826;2018;8;19;5;2;1;5;0;1;1;0;0;0;0;0;798424,273;5832288,358;13,40314245;52,55865277
204370;11;7;7400927;2018;8;19;5;3;5;3;0;0;1;0;0;0;0;0;799071,0488;5821704,541;13,40314424;52,46342927
204371;11;4;4300412;2018;8;16;2;3;1;5;0;0;1;0;1;0;0;0;791170,7483;5827441,63;13,29220272;52,51912951
204372;11;12;12100205;2018;8;19;5;3;5;2;0;1;1;0;0;0;0;0;794376,3618;5835502,95;13,34645892;52,58967241
204373;11;8;8100105;2018;8;18;5;2;6;4;0;0;1;1;0;0;0;0;800966,0581;5822147,798;13,43135337;52,4663619
204374;11;6;6300629;2018;8;16;2;3;5;7;0;0;1;0;0;0;0;0;792489,0702;5819650,88;13,30474093;52,44858157
204375;11;12;12400722;2018;8;8;4;3;2;6;0;1;1;0;0;0;0;0;790506,7905;5837397,377;13,29116241;52,60873611
204376;11;12;12100101;2018;8;18;5;3;2;6;1;0;1;0;0;0;0;0;796338,0838;5832786,16;13,37290383;52,5642543
204377;11;3;3601450;2018;8;15;2;3;4;5;0;1;0;0;0;0;1;0;802128,9037;5830150,27;13,45567922;52,53744661
204378;11;6;6200423;2018;8;9;4;3;5;3;0;1;1;0;0;0;0;0;795349,0168;5816124,758;13,3435871;52,41543437
204379;11;6;6200313;2018;8;18;5;2;0;4;0;0;1;1;0;0;0;0;795713,5762;5818887,945;13,35137492;52,44000779
204380;11;2;2100104;2018;8;15;2;3;5;3;0;1;1;0;0;0;0;0;799113,4849;5826264,92;13,40785896;52,50428357
204381;11;3;3601449;2018;8;16;4;3;5;3;0;0;1;0;0;0;0;0;801716,578;5830799,012;13,45020746;52,54348971
204382;11;9;9200715;2018;8;17;5;3;5;2;0;0;1;0;0;0;0;0;809059,9404;5818189,978;13,54646236;52,42637424
204383;11;3;3601348;2018;8;17;5;3;5;3;0;1;1;0;0;0;0;0;799834,9203;5830808,008;13,42255198;52,54460907
204384;11;10;10400940;2018;8;15;2;3;2;6;0;0;1;0;0;0;0;0;812896,275;5825998,41;13,61001883;52,49416691
204385;11;1;1200517;2018;8;17;5;2;5;2;0;0;1;0;1;0;0;0;792600,0948;5828776,015;13,31438234;52,53032677
204386;11;1;1300836;2018;8;20;5;3;5;2;1;0;1;0;1;0;0;0;796673,3838;5830235,681;13,37555693;52,54120953
204387;11;1;1100102;2018;8;15;2;3;0;1;0;1;0;0;0;0;0;1;795419,7284;5827460,638;13,35465944;52,51701474
204388;11;4;4100102;2018;8;19;4;3;0;6;0;0;1;0;0;0;0;0;791170,2086;5829181,861;13,29371871;52,53473081
204389;11;12;12100101;2018;8;21;5;3;5;2;2;0;1;0;1;0;0;0;796662,5187;5832634,377;13,37754045;52,56271705
204390;11;3;3601449;2018;8;15;2;3;2;6;0;1;1;0;0;0;0;0;801808,94;5830408,117;13,4512102;52,53993497
204391;11;8;8401139;2018;8;15;3;2;5;3;0;1;1;0;0;0;0;0;803581,2858;5818629,658;13,46653534;52,43338231
204392;11;1;1100308;2018;8;16;5;2;2;2;0;0;1;0;0;0;0;0;796908,7945;5829482,925;13,37834533;52,5343337
204393;11;1;1100309;2018;8;16;5;3;6;4;0;1;0;1;0;0;0;0;798681,829;5828637,19;13,40364775;52,52578417
204394;11;11;11300721;2018;8;6;2;3;2;6;0;0;1;0;0;0;1;0;805555,5033;5830060,836;13,50596225;52,53473475
204395;11;4;4300623;2018;8;15;4;3;6;7;0;1;0;0;0;0;1;0;792183,0537;5826322,399;13,30609682;52,50855442
204396;11;9;9501941;2018;8;13;5;2;5;3;0;0;0;0;0;1;1;0;812086,0524;5820969,485;13,59341882;52,44956502
204397;11;2;2500830;2018;8;16;5;3;5;2;0;0;1;0;1;0;0;0;802697,9889;5827357,913;13,46150261;52,51210328
204398;11;11;11300721;2018;8;7;2;3;0;7;0;1;1;0;0;0;0;0;805404,9507;5829110,02;13,50287607;52,52629756
204399;11;9;9100203;2018;8;15;5;3;2;7;0;0;1;0;0;0;0;0;804688,8448;5823449,526;13,48717425;52,47596562
204400;11;7;7601339;2018;8;14;5;3;5;2;0;0;1;0;0;0;0;0;795809,584;5816028,171;13,35025395;52,41431981
204401;11;4;4100101;2018;8;15;2;3;5;2;0;0;1;0;0;0;0;1;791282,6525;5830680,488;13,29668576;52,54810568
204402;11;4;4200309;2018;8;9;2;2;5;3;0;0;1;0;0;0;0;0;788960,1695;5826499,301;13,25889598;52,51185712
204403;11;9;9200512;2018;8;18;4;3;2;6;0;0;1;0;0;0;0;0;808819,2591;5821599,631;13,54608462;52,45706741
204404;11;5;5100316;2018;8;21;5;3;1;5;2;1;1;0;0;0;0;0;784608,6939;5829462,481;13,19748566;52,54071307
204405;11;11;11100101;2018;8;6;3;3;5;3;0;1;1;0;0;0;0;0;806183,7895;5834997,358;13,51974962;52,57862403
204406;11;7;7501029;2018;8;14;5;3;5;2;0;0;1;0;1;0;0;0;797592,8484;5818739,431;13,37880844;52,43765713
204407;11;1;1100310;2018;8;14;5;3;6;4;0;0;0;1;1;0;0;0;798826,5206;5827716,22;13,40494676;52,51744969
204408;11;8;8200623;2018;8;15;2;3;5;7;0;0;1;0;1;0;0;0;802795,4412;5820808,859;13,45698606;52,45335021
204409;11;6;6200312;2018;8;14;5;3;4;6;0;0;1;1;0;0;1;0;794276,216;5819342,418;13,33069039;52,4448573
204410;11;1;1400942;2018;8;13;4;3;2;6;0;0;1;0;0;0;1;0;794761,5004;5830944,894;13,34807697;52,54860468
204411;11;8;8100209;2018;8;13;5;3;6;4;0;0;1;1;0;0;0;0;801034,7325;5822165,524;13,43237722;52,46648296
204412;11;9;9401534;2018;8;13;5;3;2;6;0;0;1;0;1;0;0;0;811495,6069;5820305,791;13,58413983;52,44395406
204413;11;7;7100102;2018;8;15;2;3;5;2;0;1;1;0;0;0;0;0;795009,2376;5825635,95;13,3470103;52,50087993
204414;11;2;2100106;2018;8;12;5;3;5;2;0;0;1;0;1;0;0;0;799060,6218;5825597,055;13,40648268;52,49832609
204415;11;12;12100205;2018;8;16;4;3;2;6;0;0;1;0;0;0;0;0;793961,6971;5835303,35;13,34017841;52,5881074
204416;11;4;4501044;2018;8;11;5;3;1;5;0;1;1;0;0;0;0;0;793115,1235;5824998,752;13,31862585;52,4961884
204417;11;4;4501044;2018;8;15;2;3;5;3;0;0;1;0;0;0;0;0;793217,178;5825211,514;13,32031213;52,49804092
204418;11;3;3300412;2018;8;17;4;2;5;3;0;0;1;0;0;0;1;0;802649,3201;5838308,205;13,47077444;52,61027534
204419;11;10;10400940;2018;8;8;5;3;0;3;0;0;0;0;0;0;1;0;812614,2183;5825283,981;13,60520756;52,48792641
204420;11;12;12500930;2018;8;9;5;3;0;7;0;0;1;0;1;0;0;0;793954,134;5835299,828;13,34006397;52,58807992
204421;11;3;3601451;2018;8;9;5;3;0;4;0;1;0;1;0;0;0;0;801365,3585;5829701,622;13,44404878;52,5338481
204422;11;8;8100521;2018;8;15;2;3;5;3;0;0;1;0;1;0;0;0;802167,4817;5822461,047;13,4492687;52,46850649
204423;11;1;1300835;2018;8;8;5;3;4;6;0;0;1;0;1;0;0;0;797467,6565;5829965,169;13,38699198;52,5383517
204424;11;9;9200510;2018;8;10;4;3;5;2;0;1;1;0;0;0;0;0;806153,8844;5822121,442;13,50745898;52,46324359
204425;11;1;1100415;2018;8;19;5;3;0;7;0;1;0;0;0;0;0;0;797818,3543;5829105,888;13,39137753;52,53045781
204426;11;3;3501038;2018;8;14;2;3;5;2;0;0;1;0;1;0;0;0;803451,4953;5832812,778;13,47755262;52,56057497
204427;11;12;12500926;2018;8;6;4;3;0;1;0;0;0;0;1;0;0;0;792994,7685;5835644,429;13,32624825;52,59168664
204428;11;8;8100521;2018;8;12;5;2;0;7;0;0;1;0;0;0;0;0;802327,8577;5822097,753;13,45129328;52,46516153
204429;11;12;12500824;2018;8;14;2;3;2;6;0;0;1;0;1;0;0;0;790399,942;5835925,209;13,28829745;52,59559546
204430;11;9;9200715;2018;8;11;4;3;3;6;0;0;1;0;0;0;0;0;809180,3755;5818321,166;13,54834923;52,42748191
204431;11;3;3300412;2018;8;19;5;2;0;1;0;1;0;0;0;0;0;0;802806,1436;5837950,65;13,47275621;52,60698338
204432;11;2;2100105;2018;8;8;5;3;0;7;0;1;0;0;0;0;1;1;799816,62;5825747,747;13,41772159;52,49926201
204433;11;1;1401047;2018;8;14;2;2;0;7;0;1;0;0;0;0;0;0;795430,0705;5830625,776;13,35762432;52,54538191
204434;11;1;1100103;2018;8;21;5;3;0;1;2;1;0;0;0;0;0;1;795970,4095;5825957,363;13,3614145;52,50324064
204435;11;4;4501042;2018;8;8;5;3;2;4;0;0;1;1;0;0;0;0;793992,8128;5826148,375;13,33253216;52,5060221
204436;11;12;12200412;2018;8;14;2;3;8;1;0;0;0;0;0;0;1;0;791547,2501;5834017,475;13,30350906;52,57787937
204437;11;3;3501038;2018;8;9;4;3;2;6;0;0;1;0;0;0;0;0;803254,5305;5831474,164;13,47343316;52,54868712
204438;11;5;5200629;2018;8;8;5;3;5;3;0;0;1;0;0;0;0;0;784468,0915;5828749,726;13,19480787;52,53439592
204439;11;4;4400833;2018;8;14;2;2;5;2;0;0;1;0;1;0;0;1;792526,423;5822919,654;13,30815402;52,47786561
204440;11;1;1200517;2018;8;8;4;3;3;6;0;0;0;0;1;0;1;0;793361,4514;5828242,637;13,3251032;52,52513608
204441;11;2;2100105;2018;8;8;5;3;0;7;0;1;0;0;0;0;1;1;799814,8677;5825748,449;13,41769648;52,49926927
204442;11;5;5300737;2018;8;8;5;3;5;2;0;0;1;0;0;0;0;0;786963,6512;5829594,783;13,23222891;52,54066411
204443;11;7;7100102;2018;8;14;2;3;5;3;0;1;1;0;0;0;0;0;794976,7162;5825071,059;13,3460323;52,49583364
204444;11;4;4300620;2018;8;8;5;3;5;2;0;1;1;0;0;0;0;0;793197,3236;5827784,433;13,32228695;52,52111677
204445;11;4;4400830;2018;8;7;5;3;0;3;0;1;1;0;0;0;0;0;791676,3441;5823237,905;13,29595125;52,48117339
204446;11;4;4200308;2018;8;13;2;3;2;6;0;0;1;0;0;0;0;0;790196,5966;5827301,566;13,27776395;52,51839311
204447;11;10;10100312;2018;8;7;5;3;5;3;0;1;1;0;0;0;0;0;808579,9956;5830163,197;13,5505067;52,53394823
204448;11;4;4501045;2018;8;12;2;3;2;6;0;0;1;0;1;0;0;0;793981,7107;5825089,063;13,33143388;52,4965319
204449;11;9;9100409;2018;8;7;5;3;5;2;0;0;1;0;1;0;0;0;806938,6018;5820089,112;13,51710539;52,44458904
204450;11;1;1100308;2018;8;6;5;3;0;7;0;1;0;0;0;0;0;0;797336,9665;5828986,868;13,38419555;52,52965373
204451;11;2;2400521;2018;8;12;2;3;5;2;0;1;1;0;0;0;0;0;800718,0341;5827873,451;13,43288093;52,51781931
204452;11;4;4100101;2018;8;22;4;3;5;3;2;0;1;0;0;0;0;0;789756,1916;5829873,961;13,27353374;52,54168918