OBJECTID;LAND;BEZ;LOR_ab_2021;UJAHR;UMONAT;USTUNDE;UWOCHENTAG;UKATEGORIE;UART;UTYP1;ULICHTVERH;IstRad;IstPKW;IstFuss;IstKrad;IstGkfz;IstSonstig;USTRZUSTAND;LINREFX;LINREFY;XGCSWGS84;YGCSWGS84
204663;11;1;1100309;2018;8;13;6;3;5;7;0;1;1;0;0;0;0;0;798322,0553;5828697,11;13,39841414;52,52651824
204664;11;9;9200717;2018;8;10;2;3;1;5;0;1;1;0;0;0;0;0;809417,3279;5819598,336;13,55300497;52,43879385
204665;11;9;9200717;2018;8;15;6;3;2;6;0;0;1;0;0;0;0;0;809506,8747;5818759,046;13,55354114;52,43122156
204666;11;1;1200628;2018;8;15;2;3;0;2;0;0;1;0;1;0;0;0;796103,2927;5828427,81;13,36556482;52,52531382
204667;11;8;8300934;2018;8;17;6;3;2;6;0;0;1;0;0;0;0;0;802864,2043;5818241,395;13,45566806;52,43029976
204668;11;9;9401534;2018;8;16;6;3;2;6;0;0;1;0;0;0;0;0;811409,7069;5820145,546;13,58273074;52,44256694
204669;11;11;11501341;2018;8;16;2;3;2;6;0;0;1;0;0;0;0;0;807080,8079;5823623,71;13,52244251;52,47618717
204670;11;1;1100207;2018;8;22;2;3;6;4;2;1;0;1;0;0;0;0;798738,5384;5826916,993;13,40293649;52,51033394
204671;11;5;5100316;2018;8;13;6;2;2;2;0;1;1;0;0;0;0;0;784680,562;5829346,265;13,19844291;52,53963354
204672;11;1;1100310;2018;8;20;2;3;2;6;1;0;1;0;1;0;0;0;799092,8705;5828994,279;13,41000969;52,5287596
204673;11;8;8100105;2018;8;18;2;3;6;4;0;0;1;1;0;0;0;0;801110,3813;5821911,502;13,43325824;52,46416439
204674;11;3;3100103;2018;8;14;6;3;5;3;0;0;1;0;0;0;1;0;804386,8738;5841011,686;13,49884463;52,63353455
204675;11;1;1100308;2018;8;19;6;3;9;1;1;0;1;0;0;0;0;0;797001,4339;5828943,671;13,37922529;52,52944943
204676;11;1;1100308;2018;8;18;2;3;3;6;0;1;0;0;1;0;0;0;797063,2126;5828980,929;13,3801666;52,52974974
204677;11;3;3601348;2018;8;13;6;3;5;3;0;1;0;0;0;0;0;0;800110,0933;5830739,688;13,42653588;52,5438452
204678;11;1;1100309;2018;9;17;2;3;2;7;0;1;0;0;0;0;1;0;798512,7504;5829030,972;13,40151644;52,52940647
204679;11;4;4200311;2018;8;22;6;2;3;6;2;0;1;0;1;0;0;0;790067,012;5825277,433;13,27409553;52,50031541
204680;11;2;2200213;2018;8;18;2;3;2;6;0;0;1;0;1;0;0;0;799823,4473;5824794,558;13,41696399;52,49071439
204681;11;11;11300725;2018;8;21;6;3;0;6;2;1;0;0;0;0;1;0;805194,7006;5827913,367;13,49868862;52,51569038
204682;11;1;1401049;2018;8;21;6;3;1;7;2;0;1;0;0;0;0;0;796310,0595;5831730,126;13,37154872;52,55480335
204683;11;8;8200623;2018;8;18;2;3;5;3;0;1;1;0;0;0;0;0;801990,7319;5820671,879;13,44505607;52,45256759
204684;11;9;9200510;2018;8;17;2;3;2;2;0;0;1;0;0;0;0;0;806599,5538;5822781,756;13,51460507;52,46891168
204685;11;1;1100416;2018;8;21;6;3;2;2;2;1;1;0;0;0;0;0;798813,9422;5829365,872;13,40624423;52,53224335
204686;11;4;4501153;2018;8;17;2;3;5;2;0;1;0;0;0;0;0;0;794158,7567;5824049,938;13,33311693;52,48712129
204687;11;7;7100206;2018;9;16;2;3;6;4;0;1;0;1;0;0;0;0;796733,0994;5824807,973;13,371594;52,49252327
204688;11;8;8100419;2018;8;17;2;3;5;2;0;0;1;0;1;0;0;0;802121,9871;5824437,104;13,45039122;52,48624327
204689;11;5;5100315;2018;8;20;6;3;0;6;2;0;0;0;1;0;0;0;784395,0943;5829943,068;13,19475607;52,54513356
204690;11;8;8401244;2018;8;19;6;3;5;3;0;1;0;0;0;0;1;0;805917,1848;5816210,02;13,49857605;52,41039484
204691;11;8;8200727;2018;8;17;2;3;5;2;0;1;1;0;0;0;0;0;801316,8077;5819563,934;13,43416942;52,4430086
204692;11;2;2100106;2018;8;18;6;2;5;3;0;1;0;0;1;0;0;0;799066,5705;5825613,594;13,40658489;52,49847108
204693;11;10;10400939;2018;8;18;6;3;5;3;0;1;1;0;0;0;0;0;813730,395;5828029,035;13,62417792;52,5118844
204694;11;2;2300315;2018;8;15;2;3;2;6;0;1;1;0;0;0;0;0;800228,7327;5825856,748;13,42387257;52,50001247
204695;11;2;2500831;2018;8;18;2;3;0;1;0;0;0;0;1;0;0;0;803096,16;5827083,828;13,46710234;52,5094256
204696;11;8;8100312;2018;8;17;6;3;2;6;0;0;1;0;0;0;1;0;800818,8489;5824314,434;13,4311472;52,48586327
204697;11;3;3601450;2018;8;10;6;3;5;2;0;1;0;0;0;0;1;0;802410,008;5829257,023;13,45899852;52,52928461
204698;11;12;12601133;2018;8;18;2;3;5;3;1;0;1;0;0;0;0;0;795009,3609;5836780,981;13,35691426;52,60078581
204699;11;11;11501238;2018;8;19;2;2;8;1;1;0;0;0;1;0;0;0;804499,6968;5825725,525;13,48647715;52,49647009
204700;11;7;7601545;2018;8;10;6;3;1;5;0;1;1;0;0;0;0;0;800192,6423;5813728,54;13,41244531;52,39132066
204701;11;1;1100311;2018;8;15;2;3;0;6;0;0;1;0;0;0;0;0;799922,2293;5828579,62;13,42182473;52,52458721
204702;11;8;8200832;2018;9;17;2;3;2;2;0;1;1;0;0;0;0;0;801031,8865;5817057,143;13,42773334;52,42069609
204703;11;2;2100101;2018;8;17;2;3;5;3;0;1;1;0;0;0;0;0;797852,2925;5825682,316;13,38881176;52,49975117
204704;11;4;4500938;2018;8;10;6;3;0;6;0;0;1;0;0;0;1;0;792253,9699;5825146,729;13,30610683;52,49797681
204705;11;1;1300730;2018;8;14;1;3;2;6;0;1;1;0;0;0;0;0;796402,2155;5831997,779;13,37314302;52,55715243
204706;11;9;9100305;2018;8;9;6;3;2;6;0;0;1;0;0;0;0;0;804928,1985;5822564,981;13,48987895;52,46790421
204707;11;3;3400725;2018;8;17;2;2;5;7;0;0;1;0;1;0;0;0;798783,3818;5834934,048;13,41080733;52,58217037
204708;11;7;7200308;2018;8;9;6;3;2;6;0;0;1;0;0;0;0;0;794997,6422;5823423,124;13,34488091;52,48104968
204709;11;1;1401046;2018;8;7;2;3;5;3;0;0;1;0;0;0;0;0;794896,5597;5830222,284;13,34942145;52,54205396
204710;11;12;12200411;2018;9;15;2;3;5;2;0;0;1;0;1;0;0;0;793182,0955;5832308,855;13,32605593;52,56168422
204711;11;11;11300722;2018;8;7;2;3;6;4;0;0;1;1;0;0;0;0;803678,0905;5828632,829;13,4770643;52,52298524
204712;11;2;2300419;2018;8;9;6;2;6;4;0;1;0;1;0;0;0;0;801796,779;5825779,313;13,44683217;52,4984535
204713;11;8;8100314;2018;8;8;2;3;5;2;0;1;1;0;0;0;0;0;801072,9742;5823989,193;13,43458461;52,48280798
204714;11;5;5200527;2018;9;13;2;2;5;3;0;1;1;0;0;0;0;0;782866,9783;5827284,48;13,17001911;52,52209143
204715;11;1;1400942;2018;8;9;6;3;3;6;0;1;1;0;0;0;0;0;794722,8085;5830416,674;13,34703928;52,54389053
204716;11;1;1100102;2018;8;2;2;2;6;4;2;0;1;1;0;0;0;0;796690,6805;5826502,288;13,37248047;52,50773418
204717;11;5;5200629;2018;8;8;2;3;5;3;0;0;1;0;0;0;0;0;784518,3529;5828639,237;13,19545228;52,53337903
204718;11;2;2400521;2018;8;8;6;3;3;6;0;0;1;0;0;0;0;0;800425,079;5827970,688;13,42866432;52,51885234
204719;11;2;2100101;2018;8;8;2;3;0;1;0;0;0;0;1;0;0;0;797380,4517;5826180,979;13,3823267;52,50447846
204720;11;12;12500824;2018;8;8;6;2;5;2;0;0;1;0;1;0;0;0;790686,9711;5835380,859;13,29204529;52,59056211
204721;11;3;3601142;2018;8;9;2;3;2;2;0;1;1;0;0;0;0;0;799178,8861;5831110,483;13,4131792;52,54768092
204722;11;4;4300624;2018;8;7;6;3;5;7;0;0;1;0;1;0;0;0;793263,362;5826130,895;13,32180021;52,50625799
204723;11;11;11400929;2018;8;7;6;3;5;3;0;1;0;0;0;0;0;0;805033,8148;5826691,845;13,49520559;52,5048325
204724;11;1;1100415;2018;8;11;2;3;3;6;0;0;1;0;1;0;0;0;798324,8835;5829351,955;13,39904331;52,53238649
204725;11;2;2100106;2018;8;11;2;3;0;6;0;1;0;0;0;0;0;0;798999,975;5825433,154;13,40544482;52,49689017
204726;11;8;8100311;2018;8;12;2;3;5;2;0;1;1;0;0;0;0;0;800668,5037;5824373,414;13,42899296;52,48647475
204727;11;9;9200819;2018;8;7;6;3;5;3;0;0;1;0;1;0;0;0;810486,3744;5820100,733;13,56914825;52,44269035
204728;11;6;6400844;2018;8;13;2;3;6;4;0;0;1;1;0;0;0;0;791400,1058;5820644,382;13,28962977;52,45806989
204729;11;10;10100205;2018;8;6;6;3;0;6;1;0;0;0;1;0;1;0;807913,9855;5833486,496;13,54380022;52,56410779
204730;11;4;4300416;2018;8;9;2;3;5;2;0;0;1;0;1;0;0;0;791697,1376;5826193,85;13,29884482;52,50766203
204731;11;11;11200512;2018;8;5;6;3;5;2;1;1;1;0;0;0;0;0;803024,5698;5830782,975;13,46942157;52,54262012
204732;11;3;3601348;2018;8;8;6;2;5;3;0;1;0;0;0;0;1;0;799839,1588;5830802,113;13,42260897;52,5445539
204733;11;4;4200310;2018;8;18;2;3;5;2;0;0;1;0;0;0;0;0;789634,7464;5826486,423;13,26879721;52,51138389
204734;11;7;7601545;2018;8;11;6;2;5;2;0;1;1;0;0;0;0;0;800213,8789;5814076,556;13,41306821;52,39442853
204735;11;6;6200422;2018;8;11;6;3;0;1;0;0;0;0;1;0;0;0;794237,9045;5817545,957;13,32854701;52,42877334
204736;11;9;9501939;2018;8;14;2;3;2;6;0;1;1;0;0;0;0;0;810638,5455;5820305,881;13,57157058;52,4444424
204737;11;4;4300518;2018;8;8;2;3;5;2;0;1;1;0;0;0;0;0;792622,9999;5828270,756;13,31427434;52,525785
204738;11;4;4400728;2018;8;13;5;3;6;7;0;0;1;1;0;0;0;0;790663,3934;5822766,87;13,28066671;52,47749063
204739;11;9;9200613;2018;8;15;2;3;5;3;0;0;1;0;1;0;0;0;807339,7161;5821055,257;13,52387736;52,45302256
204740;11;9;9100409;2018;8;15;2;3;2;2;0;1;1;0;0;0;0;0;806321,1236;5819352,279;13,50737338;52,43833146
204741;11;5;5100206;2018;8;9;5;3;5;5;0;0;1;0;1;0;0;1;781799,2061;5831626,361;13,15800636;52,56157567
204742;11;4;4200308;2018;8;9;5;3;2;6;0;0;1;0;0;0;0;1;790527,1298;5827329,925;13,28264629;52,51847135
204743;11;11;11100204;2018;8;15;2;3;6;2;0;0;1;1;0;0;0;0;806309,195;5833911,167;13,52059122;52,56881892
204744;11;12;12100101;2018;8;10;5;3;3;6;0;0;1;0;0;0;0;1;795856,1307;5832605,343;13,36565313;52,56289557
204745;11;1;1100206;2018;8;10;5;3;5;2;0;1;1;0;0;0;0;1;797198,5879;5827497,557;13,38083081;52,51637921
204746;11;1;1100309;2018;8;15;2;3;5;3;0;0;1;0;0;0;0;0;797981,1345;5828662,62;13,39337281;52,52639552
204747;11;9;9100408;2018;8;15;2;3;5;3;0;0;1;0;1;0;0;0;806295,7835;5820693,44;13,50823116;52,45036574
204748;11;9;9200512;2018;8;11;5;3;5;3;0;1;1;0;0;0;0;1;808012,2776;5821941,157;13,5345607;52,46058355
204749;11;12;12500930;2018;8;16;2;3;2;6;0;0;1;0;0;0;0;0;792466,3241;5834286,087;13,31727063;52,57979417
204750;11;1;1100205;2018;8;14;2;3;5;7;0;0;1;0;0;0;0;0;797030,8489;5826868,466;13,37780458;52,51083147
204751;11;1;1100313;2018;8;11;5;3;5;2;0;1;0;0;0;1;0;1;799984,3723;5826927,905;13,42124868;52,50974807
204752;11;12;12400616;2018;8;10;2;2;4;6;0;0;1;0;0;0;0;0;786087,3973;5835215,409;13,2241912;52,59151759
204753;11;4;4400727;2018;8;11;5;3;5;2;0;0;1;0;0;0;1;1;790962,9058;5823017,077;13,28528264;52,47957427
204754;11;3;3400723;2018;8;11;2;3;0;1;0;0;0;0;1;0;0;1;799136,2171;5833850,959;13,41502201;52,57226838
204755;11;4;4400832;2018;8;5;2;3;0;1;1;0;0;0;1;0;0;0;791906,263;5822175,9;13,29839768;52,47152975
204756;11;4;4501042;2018;8;9;5;3;3;6;0;1;0;0;0;0;1;0;793988,2347;5826056,497;13,33238377;52,50520093
204757;11;7;7300619;2018;8;12;5;3;5;7;0;1;1;0;0;0;0;1;795049,9909;5821617,333;13,34405222;52,46483361
204758;11;9;9401432;2018;8;17;2;3;0;1;0;0;0;0;1;0;1;0;812138,2188;5820061,438;13,59333566;52,4413979
204759;11;7;7601546;2018;8;14;5;3;5;3;0;0;1;0;0;0;0;0;798379,0288;5813629,001;13,38578393;52,39141918
204760;11;7;7601544;2018;8;9;5;3;5;3;0;1;1;0;0;0;0;0;799609,2497;5813974,771;13,40411783;52,39384719
204761;11;4;4300412;2018;8;14;1;3;2;6;0;0;1;0;0;0;0;0;790864,5272;5827394,061;13,28766081;52,51886648
204762;11;1;1300836;2018;8;18;1;3;5;2;0;1;1;0;0;0;0;0;796279,0347;5830398,193;13,36990411;52,54288085
204763;11;12;12500926;2018;8;9;5;3;2;6;0;0;1;0;0;0;0;1;793645,8469;5836128,713;13,33626129;52,5956768
204764;11;2;2300417;2018;8;10;1;3;6;4;0;0;1;1;0;0;0;0;800741,0224;5825721,618;13,43127464;52,49851918
204765;11;2;2300316;2018;8;9;5;3;5;2;0;1;1;0;0;0;0;1;801621,3502;5826052,913;13,44450354;52,5010028
204766;11;7;7300516;2018;8;12;1;3;6;7;0;0;0;1;1;0;0;0;794023,5105;5821640,294;13,3290064;52,46559278
204767;11;12;12200308;2018;9;17;5;2;5;2;0;1;1;0;0;0;0;0;792608,5137;5833878,79;13,31900359;52,57606651
204768;11;8;8401241;2018;9;6;3;2;2;6;2;0;1;0;1;0;0;0;805494,2116;5818594,522;13,49455404;52,43200249
204769;11;2;2300314;2018;9;17;5;3;1;5;0;1;1;0;0;0;0;0;799860,3593;5825997,266;13,41858866;52,50147453
204770;11;8;8200726;2018;9;17;5;3;5;2;0;1;1;0;0;0;0;0;801314,1921;5819953,261;13,43448215;52,44649972
204771;11;5;5300736;2018;9;5;3;3;3;6;1;0;1;0;1;0;0;0;785582,6368;5829254,919;13,21162911;52,53834252
204772;11;6;6100207;2018;9;13;3;3;5;3;0;1;1;0;0;0;0;0;793720,2506;5819788,192;13,32292582;52,44915245
204773;11;11;11501340;2018;9;16;5;2;2;6;0;0;1;0;0;0;0;0;807817,3222;5825199,774;13,53470765;52,48989738
204774;11;3;3400725;2018;9;5;3;3;5;7;2;0;1;0;1;0;0;1;798710,9384;5834916,468;13,40972548;52,58205257
204775;11;3;3200310;2018;9;15;5;3;2;6;0;0;1;0;0;0;0;0;799836,7016;5839298,156;13,43025912;52,62070721
204776;11;1;1200517;2018;9;12;3;3;6;2;0;0;1;1;0;0;0;0;793406,9284;5829077,933;13,32650876;52,53259963
204777;11;2;2100102;2018;9;15;5;3;3;6;0;1;0;0;0;0;1;0;798082,912;5825495,966;13,39203229;52,49795485
204778;11;12;12400616;2018;9;18;5;3;5;3;0;0;1;0;0;0;0;0;786318,5402;5834448,05;13,22693084;52,58451615
204779;11;4;4500936;2018;9;11;3;3;2;6;0;0;0;0;1;0;1;0;792088,4324;5825794,804;13,30424369;52,50387531
204780;11;3;3400829;2018;9;11;3;2;5;3;0;1;0;0;0;0;1;0;799662,4816;5832816,656;13,4218298;52,56270813
204781;11;10;10200422;2018;9;11;3;3;5;2;0;1;1;0;0;0;0;0;812094,7544;5831799,312;13,60369343;52,5466086
204782;11;1;1100310;2018;9;14;5;3;2;6;0;0;1;0;1;0;1;0;799203,8278;5828464,66;13,4111639;52,52395147
204783;11;7;7100102;2018;9;14;5;3;0;4;0;0;0;1;0;0;1;0;794972,6603;5825120,892;13,34601685;52,49628255
204784;11;12;12100101;2018;9;9;3;3;5;3;0;0;1;0;0;0;0;0;796266,8316;5832379,256;13,37149241;52,56064562
204785;11;3;3100101;2018;9;9;3;3;5;3;0;1;1;0;0;0;0;0;803850,9477;5841447,531;13,49135095;52,63774084
204786;11;11;11300721;2018;9;15;3;3;2;6;0;0;1;0;0;0;0;0;804897,9097;5829951,442;13,49619699;52,53412257
204787;11;3;3500934;2018;9;14;5;3;5;3;0;0;1;0;1;0;0;0;800540,0266;5832082,506;13,43407197;52,55564415
204788;11;2;2100102;2018;9;9;3;3;1;5;0;0;1;0;0;0;0;0;797810,5522;5826196,153;13,38865823;52,50437989
204789;11;9;9200510;2018;9;8;3;2;5;2;0;1;1;0;0;0;0;0;806371,0388;5822235,197;13,51074978;52,4641414
204790;11;1;1100205;2018;9;13;5;3;3;6;0;1;1;0;0;0;0;0;796963,7565;5826946,092;13,37688814;52,51156384
204791;11;4;4500937;2018;9;9;3;3;2;6;0;0;1;0;0;0;0;0;791714,2028;5825145,708;13,29817727;52,49825645
204792;11;9;9300922;2018;9;13;5;3;5;3;0;0;1;0;0;0;0;0;808183,4305;5815760,528;13,53137527;52,40509545
204793;11;4;4300416;2018;9;10;5;3;6;4;0;0;1;1;0;0;0;0;791484,917;5826012,833;13,2955683;52,50615267
204794;11;3;3400721;2018;9;9;3;3;6;4;0;0;1;1;0;0;0;0;798217,8018;5833001,421;13,40074665;52,56515747
204795;11;2;2400521;2018;9;13;3;3;2;6;0;0;1;0;0;0;0;0;800374,9679;5827894,367;13,4278591;52,51819586
204796;11;11;11400927;2018;9;10;5;3;5;3;0;1;1;0;0;0;0;0;803622,4219;5826581,314;13,47437452;52,50462906
204797;11;3;3701660;2018;9;13;3;3;5;3;0;0;1;0;1;0;0;0;800905,588;5829196,165;13,43683341;52,52957161
204798;11;6;6200311;2018;9;17;2;3;5;7;0;0;1;0;0;0;0;0;795836,6424;5819065,839;13,35333762;52,44153594
204799;11;2;2300314;2018;9;9;5;3;0;2;0;1;1;0;0;0;0;0;799917,2167;5825975,349;13,41940403;52,50124684
204800;11;1;1100310;2018;9;9;5;3;2;7;0;1;1;0;0;0;0;0;799019,0973;5828495,724;13,40847711;52,52433126
204801;11;4;4500938;2018;9;13;2;3;0;1;0;1;1;0;0;0;0;0;791755,7919;5824825,995;13,29850814;52,49536803
204802;11;3;3100103;2018;9;9;5;3;5;3;0;0;1;0;0;0;0;0;804238,6124;5840166,086;13,49588229;52,6260391
204803;11;2;2200210;2018;9;8;5;3;5;2;0;1;1;0;0;0;0;0;798700,2066;5824703,565;13,40038809;52,49051453
204804;11;7;7100204;2018;9;8;5;3;3;2;0;1;0;0;1;0;0;0;795494,7956;5824667,855;13,35328386;52,49193897
204805;11;6;6400841;2018;9;18;2;3;2;6;0;0;1;0;0;0;0;0;789692,0335;5818410,545;13,26262416;52,43895081
204806;11;4;4501149;2018;9;7;5;3;5;2;0;1;1;0;0;0;0;0;793453,0303;5824402,434;13,32306378;52,49066107
204807;11;4;4501146;2018;9;7;5;3;5;3;0;1;0;0;0;0;0;0;792854,3952;5823876,449;13,31380983;52,48626725
204808;11;2;2300316;2018;9;18;2;3;5;2;0;1;1;0;0;0;0;0;801470,0658;5826032,482;13,4422631;52,50090328
204809;11;4;4300620;2018;9;17;2;3;5;2;0;1;1;0;0;0;0;0;793879,1896;5826970,887;13,33158914;52,51345671
204810;11;5;5100103;2018;9;6;5;3;5;2;0;0;1;0;1;0;0;0;785619,5976;5832034,89;13,21456402;52,5632478
204811;11;5;5400942;2018;9;17;2;3;2;6;0;0;1;0;0;0;1;0;782741,3833;5820924,806;13,16277532;52,46513299
204812;11;4;4500936;2018;9;13;5;3;5;3;0;0;1;0;0;0;1;0;792090,9128;5825308,948;13,30385396;52,49951837
204813;11;7;7501031;2018;9;11;5;3;3;6;0;1;0;0;0;0;0;0;799146,1542;5819901,596;13,40263124;52,4472271
204814;11;4;4200203;2018;9;17;2;3;3;2;0;0;1;0;1;0;0;0;787713,4546;5826431,047;13,24051682;52,51190423
204815;11;10;10100205;2018;9;13;5;3;5;3;0;1;1;0;0;0;0;0;808470,6624;5833236,176;13,55175409;52,5615494
204816;11;1;7100101;2018;9;9;5;3;5;2;0;1;1;1;0;0;0;0;794697,579;5826033,499;13,34278414;52,5046121
204817;11;4;4501148;2018;9;16;2;2;5;2;0;0;1;0;1;0;0;0;792823,25;5823227,342;13,31278228;52,48046489
204818;11;1;1100308;2018;9;16;2;2;6;4;0;0;1;1;0;0;0;0;796973,5034;5829274,109;13,37910996;52,53242665
204819;11;8;8100104;2018;9;13;5;3;2;2;0;1;1;0;0;0;0;0;800807,5373;5822639,329;13,42947006;52,47085497
204820;11;3;3400619;2018;9;15;2;3;5;3;0;1;1;0;0;0;0;0;795956,5159;5835567,7;13,3697741;52,58939539
204821;11;1;1300834;2018;9;15;2;3;2;6;0;0;1;0;1;0;0;0;797678,8033;5830710,152;13,39076352;52,54491423
204822;11;6;6200423;2018;9;14;2;3;2;6;0;0;1;0;0;0;1;0;793387,3497;5816216,625;13,31490723;52,41731293
204823;11;4;4500938;2018;9;9;5;2;5;2;0;0;1;0;1;0;0;0;792065,2418;5824898,982;13,30311737;52,49585684
204824;11;10;10100315;2018;9;14;2;3;5;2;0;1;1;0;0;0;0;0;809941,5157;5831628,363;13,57188189;52,54630585
204825;11;6;6300527;2018;9;13;2;2;5;2;0;1;1;0;0;0;0;0;790369,994;5818260,119;13,27243913;52,43724266
204826;11;2;2100102;2018;9;8;5;3;5;3;0;0;1;0;1;0;0;0;798047,9462;5826489,651;13,39240815;52,5068811
204827;11;11;11501340;2018;9;8;3;3;2;6;0;0;0;0;0;1;0;0;807343,3985;5825105,104;13,52766228;52,48931595
204828;11;8;8100521;2018;9;8;5;3;9;1;0;0;1;0;0;0;0;0;802069,5575;5822105,19;13,4475094;52,46537105
204829;11;8;8100209;2018;9;12;2;3;3;6;0;1;0;0;0;1;0;0;801728,5884;5822354,185;13,4427307;52,46779124
204830;11;8;8200726;2018;9;7;5;2;5;3;0;1;0;0;0;0;0;0;802017,2637;5820326,36;13,44513289;52,44945598
204831;11;10;10200421;2018;9;13;5;3;5;3;0;1;1;0;0;0;0;0;812065,2877;5830623,335;13,60215576;52,53608742
204832;11;5;5300736;2018;9;12;2;3;2;2;0;0;1;0;0;0;1;0;785743,2664;5829268,401;13,21400263;52,53837919
204833;11;4;4501150;2018;9;12;2;3;3;6;0;0;0;0;1;0;1;0;793371,2381;5823923,974;13,32144137;52,48641582
204834;11;2;2300316;2018;9;14;3;3;3;6;0;0;1;0;0;1;0;0;801454,0372;5826033,951;13,44202901;52,5009253
204835;11;7;7400823;2018;9;12;5;3;5;2;0;0;1;0;0;0;0;0;797240,7128;5820714,922;13,37540114;52,45555704
204836;11;8;8100102;2018;9;11;2;3;6;4;0;0;0;1;0;0;1;0;800516,4891;5823436,288;13,42591625;52,47815862
204837;11;12;12200309;2018;9;8;3;3;5;2;0;1;0;0;0;1;0;0;793339,0711;5832401,581;13,32844698;52,5624309
204838;11;12;12400618;2018;9;12;5;2;0;7;0;1;1;0;0;0;0;0;787997,7363;5837424,643;13,25423576;52,61031577
204839;11;2;2100106;2018;9;14;2;3;2;6;0;0;1;0;0;0;0;0;799753,5822;5825690,345;13,41674408;52,49878212
204840;11;5;5300839;2018;9;12;5;2;5;3;0;0;1;0;0;0;0;0;789592,4316;5829626,112;13,27090975;52,53955424
204841;11;8;8200622;2018;9;12;5;3;3;6;0;0;1;0;1;0;0;0;801226,5386;5821682,799;13,43475646;52,46205043
204842;11;7;7200308;2018;9;16;2;3;0;7;0;1;0;0;0;0;0;0;794647,991;5823914,465;13,3401814;52,48564304
204843;11;12;12500825;2018;9;15;3;3;5;2;0;1;1;0;0;0;0;0;792385,168;5835225,335;13,31690504;52,58825771
204844;11;5;5100211;2018;9;11;5;3;5;2;0;0;1;0;0;0;0;0;781905,9622;5829566,103;13,1578276;52,54304727
204845;11;1;1400937;2018;9;20;2;2;6;4;2;0;1;1;0;0;0;0;794155,4224;5831882,197;13,33999499;52,55733457
204846;11;9;8401243;2018;9;11;5;3;3;6;0;1;0;0;0;0;0;0;805689,1574;5818777,364;13,49757973;52,43353233
204847;11;7;7400825;2018;9;11;5;3;1;3;0;0;1;0;0;0;1;0;797350,6814;5821086,665;13,37734583;52,45882953
204848;11;9;9200510;2018;9;10;2;3;2;6;0;0;1;0;0;0;0;0;806106,0555;5823397,571;13,50792792;52,47470758
204849;11;4;4300623;2018;9;11;5;3;2;2;0;0;1;0;0;0;0;0;792527,2561;5826100,467;13,31095894;52,5063804
204850;11;4;4501043;2018;9;10;2;3;5;3;0;1;1;0;0;0;0;0;792748,5036;5824937,62;13,31318715;52,49583715
204851;11;12;12500825;2018;9;10;2;3;2;6;0;0;1;0;0;0;0;0;792332,8283;5835047,591;13,31597783;52,58669245
204852;11;3;3500934;2018;9;14;3;2;0;1;0;1;0;0;0;0;0;0;801038,8484;5831666,1;13,44102984;52,55163638
204853;11;5;5300735;2018;9;10;5;3;2;6;0;1;0;0;0;0;1;0;786306,5186;5830462,847;13,22331423;52,54879259
204854;11;5;5200631;2018;9;9;2;3;5;3;0;1;1;0;0;0;0;0;784595,8351;5827970,718;13,19601915;52,52734462
204855;11;6;6400843;2018;9;7;5;3;6;7;0;1;0;1;0;0;0;0;790430,3358;5819041,408;13,2740033;52,44421508
204856;11;2;2100102;2018;9;9;2;3;2;6;0;0;1;0;0;0;0;0;798451,9835;5826556,589;13,39840351;52,50726024
204857;11;2;7400720;2018;9;15;5;2;3;6;0;0;0;0;0;0;1;0;797761,442;5823954,551;13,38593332;52,48431333
204858;11;10;10100311;2018;9;7;4;3;2;7;0;0;1;0;0;0;0;0;807579,5596;5829186,93;13,53490079;52,52576442
204859;11;7;7400720;2018;9;9;2;3;3;6;0;1;1;0;0;0;0;0;797166,3202;5823799,694;13,37705713;52,48324941
204860;11;4;4100101;2018;9;16;2;3;5;2;0;1;1;0;0;0;0;0;790422,2934;5829042,969;13,2826018;52,5338847
204861;11;4;4400726;2018;9;11;4;3;2;6;0;0;1;0;0;0;0;0;790859,0346;5824560,315;13,28510424;52,49346483
204862;11;10;10100104;2018;9;9;2;2;6;4;0;0;1;1;0;0;0;0;810001,6926;5834099,02;13,57507387;52,56841228
204863;11;10;10100209;2018;9;22;2;3;6;2;2;0;1;1;0;0;0;0;809668,603;5832110,683;13,56831985;52,55078336
204864;11;1;1100415;2018;9;21;2;3;5;7;2;0;1;0;1;0;0;0;797310,3746;5829114,301;13,38391867;52,53081051
204865;11;1;1300732;2018;9;18;4;3;0;2;0;1;1;0;0;0;0;0;797283,1391;5832230,355;13,38630721;52,55875701
204866;11;1;1300834;2018;9;20;4;3;3;6;2;0;1;0;1;0;0;0;798423,3028;5830177,583;13,40123131;52,53973322
204867;11;1;1100308;2018;9;21;2;3;5;2;2;1;1;0;0;0;0;0;797173,6775;5829176,672;13,3819652;52,53144414
204868;11;6;6300527;2018;9;18;4;3;2;6;0;0;1;0;1;0;0;0;790946,6736;5818095,645;13,28075542;52,43546164
204869;11;9;9200715;2018;9;20;4;3;5;2;1;1;1;0;0;0;0;0;809333,3161;5818492,577;13,55074997;52,42893165
204870;11;12;12601032;2018;9;20;2;3;5;7;2;0;1;0;0;0;1;0;793490,8158;5837821,555;13,33548003;52,61093562
204871;11;11;11200410;2018;9;19;2;3;2;6;2;0;1;0;0;0;0;0;806276,7659;5832102,493;13,51844501;52,55262761
204872;11;4;4500936;2018;9;19;4;3;1;5;0;0;1;0;1;0;0;0;791760,4201;5825557,194;13,29921666;52,50192066
204873;11;10;10300731;2018;9;19;2;3;2;3;1;1;1;0;0;0;0;0;809552,0788;5828022,011;13,56279939;52,51420854