OBJECTID;LAND;BEZ;LOR_ab_2021;UJAHR;UMONAT;USTUNDE;UWOCHENTAG;UKATEGORIE;UART;UTYP1;ULICHTVERH;IstRad;IstPKW;IstFuss;IstKrad;IstGkfz;IstSonstig;USTRZUSTAND;LINREFX;LINREFY;XGCSWGS84;YGCSWGS84
204874;11;1;1100415;2018;9;9;6;3;5;3;0;1;0;0;0;0;0;0;797396,4307;5829170,324;13,38523367;52,53126575
204875;11;6;6400737;2018;9;16;3;3;5;2;0;1;1;0;0;0;0;0;787704,5692;5821695,483;13,23629733;52,46945175
204876;11;4;4300517;2018;9;19;2;3;0;3;0;0;1;0;1;0;0;0;791914,1941;5828217,214;13,30380917;52,525685
204877;11;5;5100104;2018;9;18;4;2;0;7;0;1;0;0;0;0;0;0;785375,4346;5831696,753;13,21068095;52,56034416
204878;11;7;7501030;2018;9;18;4;3;3;5;0;0;1;0;0;0;0;0;797607,5847;5819915,348;13,38007189;52,44819003
204879;11;7;7601545;2018;9;19;2;3;0;4;0;0;0;1;0;0;1;0;800625,386;5814138,265;13,4191531;52,39475599
204880;11;12;12200309;2018;9;17;4;3;5;2;0;1;1;0;0;0;0;0;793043,6669;5832662,123;13,32433169;52,5649256
204881;11;4;4500937;2018;9;9;2;3;3;6;0;0;0;0;0;0;1;0;791668,5625;5825128,52;13,2974918;52,49812676
204882;11;1;1100207;2018;9;17;4;3;0;3;0;0;1;0;1;0;0;0;798616,7442;5826998,46;13,40122029;52,51113086
204883;11;6;6200313;2018;9;17;4;3;2;6;0;0;1;0;1;0;0;0;795330,7792;5818483,173;13,34540208;52,4365861
204884;11;1;1100102;2018;9;8;2;3;5;3;0;1;1;0;0;0;0;0;795764,0228;5826685,499;13,35902965;52,50987967
204885;11;8;8100417;2018;9;13;4;3;2;6;0;0;1;0;0;0;1;0;802316,4031;5823266,95;13,45218466;52,47564749
204886;11;11;11300721;2018;9;16;4;3;2;6;0;0;1;0;0;0;0;0;805494,9005;5830034,963;13,50504777;52,53453683
204887;11;4;4300619;2018;9;8;2;3;5;2;0;0;1;0;0;0;0;0;792766,3967;5827046,373;13,31530435;52,51473186
204888;11;9;9200512;2018;9;21;2;2;8;1;2;0;1;0;0;0;1;0;808841,7797;5821600,377;13,5464157;52,45706137
204889;11;6;6400844;2018;9;16;4;2;3;6;0;1;1;0;0;0;0;0;791136,5131;5820004,35;13,28520323;52,45247242
204890;11;1;1100206;2018;9;21;2;2;0;1;2;1;0;0;0;0;0;0;797758,5583;5827464,581;13,3890292;52,51577819
204891;11;3;3400619;2018;9;8;6;3;2;7;0;0;0;0;1;0;1;1;796329,9692;5835321,97;13,37505086;52,58698938
204892;11;2;2500833;2018;9;20;2;2;0;1;1;1;0;0;0;0;0;0;802292,0997;5827107,853;13,45531271;52,51008708
204893;11;7;7601237;2018;9;16;4;3;5;3;0;1;1;0;0;0;0;0;797371,515;5816352,057;13,37343944;52,41637688
204894;11;7;7400822;2018;9;13;3;3;0;1;0;0;0;0;1;0;0;0;796814,7418;5821006,865;13,36941017;52,45840553
204895;11;9;9100306;2018;9;16;4;3;2;6;0;0;1;0;1;0;0;0;805475,099;5820477,707;13,49599502;52,4488914
204896;11;9;9300920;2018;9;8;2;3;2;2;0;1;1;0;0;0;0;0;808096,8338;5816912,002;13,53116591;52,41546393
204897;11;7;7400824;2018;9;16;4;3;5;3;0;0;1;0;1;0;0;0;797855,101;5821887,686;13,38546269;52,46573513
204898;11;6;6300526;2018;9;7;2;3;5;2;0;1;1;0;0;0;0;0;789263,6411;5818038,508;13,25601759;52,43584208
204899;11;11;11300722;2018;9;14;6;3;5;2;0;1;1;0;0;0;0;0;803725,7765;5827558,473;13,47678418;52,51332955
204900;11;1;1100101;2018;9;7;2;3;0;4;0;1;0;1;0;0;0;0;794997,9947;5826325,088;13,34745573;52,50706364
204901;11;3;3400618;2018;9;13;4;3;5;3;0;0;1;0;0;0;1;0;796443,0144;5836394,832;13,37767472;52,59654473
204902;11;9;9501939;2018;9;5;2;3;5;2;1;0;0;0;1;0;1;0;809941,3177;5821619,502;13,56256396;52,45661038
204903;11;12;12100205;2018;9;9;2;3;2;6;0;0;1;0;0;0;0;0;794004,1382;5835323,112;13,34082061;52,58826162
204904;11;6;6300528;2018;9;13;4;3;5;3;0;1;1;0;0;0;0;0;790697,8197;5817496,519;13,27658415;52,43022265
204905;11;5;5200629;2018;9;16;2;2;6;7;0;0;1;1;0;0;0;0;784532,8037;5828657,955;13,19568077;52,53353931
204906;11;1;1100313;2018;9;8;6;3;3;6;0;0;1;0;1;0;0;1;799795,4284;5826996,032;13,41853434;52,5104626
204907;11;7;7100102;2018;9;10;4;2;5;2;0;1;1;0;0;0;0;0;795004,9798;5825637,166;13,34694883;52,50089312
204908;11;3;3200207;2018;9;14;1;3;5;3;0;1;1;0;0;0;0;0;798602,405;5835162,229;13,40834984;52,584315
204909;11;1;1100205;2018;9;10;4;3;5;2;0;1;1;0;0;0;0;0;796964,6167;5827041,749;13,37698613;52,51242083
204910;11;4;4200311;2018;9;15;4;2;6;4;0;0;0;1;1;0;0;0;790365,8678;5826008,78;13,27912358;52,50671306
204911;11;8;8200730;2018;9;15;1;3;3;6;0;0;1;0;0;0;0;0;801477,6213;5817982,596;13,43510217;52,4287459
204912;11;5;5200423;2018;9;14;1;3;5;2;0;0;1;0;0;0;0;0;780874,0292;5828325,651;13,14160237;52,53245756
204913;11;4;4300619;2018;9;13;6;3;2;6;0;0;1;0;1;0;0;0;792492,0733;5827169,464;13,31138155;52,51598252
204914;11;11;11300619;2018;9;14;1;3;1;7;0;0;1;0;0;0;0;0;803824,7027;5828977,127;13,47953314;52,5259894
204915;11;8;8300934;2018;9;14;4;3;2;6;0;0;1;0;0;0;0;0;802714,8394;5818129,154;13,45337625;52,42937639
204916;11;1;1100308;2018;9;12;6;3;1;5;0;1;1;0;0;0;0;0;797602,745;5828411,256;13,38758675;52,52434904
204917;11;1;1401044;2018;9;10;4;3;1;5;0;0;1;0;0;0;0;0;796402,3296;5831513,731;13,3727125;52,5528134
204918;11;6;6300527;2018;9;14;1;3;5;5;0;0;1;0;0;0;0;0;791028,3522;5818729,233;13,28250521;52,44109842
204919;11;3;3400620;2018;9;15;4;3;0;3;0;1;1;0;0;0;0;0;797006,919;5833769,454;13,38362257;52,57270387
204920;11;8;8100417;2018;9;15;4;3;5;2;0;1;1;0;0;0;0;0;802348,1271;5822761,626;13,45219229;52,47110067
204921;11;4;4200207;2018;9;13;1;2;5;2;0;1;1;0;0;0;0;0;784992,0316;5822726,159;13,19735433;52,48011479
204922;11;3;3500936;2018;9;14;4;3;6;4;0;0;1;1;0;0;0;0;801850,8902;5831401,455;13,45272952;52,54881499
204923;11;2;2500830;2018;9;13;1;3;5;3;0;0;1;0;0;0;0;0;802443,2634;5827416,172;13,45781348;52,51276675
204924;11;1;1300732;2018;9;14;4;3;6;4;0;0;1;1;0;0;0;0;797177,0262;5831956,747;13,38450157;52,55636237
204925;11;1;1200517;2018;9;14;4;3;5;3;0;1;1;0;0;0;0;0;793622,9486;5829145,337;13,32974381;52,53308754
204926;11;5;5200631;2018;9;11;1;3;5;2;0;1;1;0;0;0;0;0;784737,5705;5827492,889;13,19769361;52,52298639
204927;11;7;7400823;2018;9;10;1;3;5;2;0;0;1;0;0;0;1;0;796915,6015;5822288,546;13,3720305;52,46983982
204928;11;8;8100206;2018;9;14;4;3;5;3;0;0;1;0;1;0;0;0;800613,0543;5823773,627;13,42763795;52,48112918
204929;11;6;6400737;2018;9;10;1;3;5;3;0;1;0;0;0;0;0;0;787701,6465;5821696,216;13,23625505;52,46945986
204930;11;1;1100205;2018;9;8;6;3;1;5;0;1;1;0;0;0;0;1;797450,0193;5826850,195;13,38394658;52,51043929
204931;11;9;9200819;2018;9;21;1;2;4;2;2;0;1;0;0;0;1;0;810031,6719;5820425,846;13,56278151;52,4458619
204932;11;4;4501043;2018;9;10;4;3;1;5;0;1;0;0;0;0;1;0;792617,4928;5824842,332;13,31117915;52,49505317
204933;11;3;3601139;2018;9;9;4;3;1;5;0;1;1;0;0;0;0;0;798837,383;5831884,701;13,40885472;52,55480805
204934;11;1;1200628;2018;9;7;1;2;8;1;0;0;1;0;0;0;0;0;795798,3316;5828245,83;13,36092096;52,52384808
204935;11;11;11300721;2018;9;9;4;3;5;3;0;1;0;0;0;0;0;0;805311,8915;5829107,1;13,50150594;52,52632352
204936;11;2;2100104;2018;9;8;4;3;1;5;0;1;1;0;0;0;0;0;799233,4936;5826008,902;13,40939169;52,50192294
204937;11;1;1400942;2018;9;21;1;3;0;7;2;0;1;0;1;0;0;0;794917,828;5831053,461;13,35047218;52,54949328
204938;11;9;9200512;2018;9;6;1;2;1;1;0;0;1;0;0;0;0;0;808809,7261;5821599,315;13,54594447;52,45706996
204939;11;12;12400619;2018;9;8;4;3;0;1;0;1;0;0;0;0;0;0;789438,415;5836229,657;13,27440787;52,59883745
204940;11;7;7501031;2018;9;7;4;3;5;2;0;1;1;0;0;0;0;0;799105,5296;5819853,579;13,40199228;52,44681892
204941;11;6;6300525;2018;9;18;1;3;5;2;0;0;1;0;1;0;0;0;789561,8204;5815407,556;13,25811423;52,41209662
204942;11;4;4501042;2018;9;17;1;3;1;5;0;1;1;0;0;0;1;0;794543,4677;5825968,084;13,34046231;52,50410891
204943;11;4;4200206;2018;9;5;4;3;0;2;2;1;0;0;0;0;1;0;788928,0581;5826101,636;13,25807891;52,50830893
204944;11;2;2400623;2018;9;1;1;3;0;1;2;1;0;0;0;0;0;0;800594,9485;5827065,865;13,43034291;52,51064856
204945;11;2;2200210;2018;9;8;6;3;5;3;0;0;1;0;1;0;0;1;798162,3124;5824813,212;13,39258738;52,49179143
204946;11;1;1100415;2018;9;11;1;2;0;1;0;1;0;0;0;0;0;0;798414,5471;5829198,878;13,40022381;52,53096529
204947;11;7;7400928;2018;9;0;4;2;5;3;2;0;1;0;1;0;0;0;800154,9898;5821504,118;13,41887113;52,46103846
204948;11;2;2300315;2018;9;21;4;3;2;2;2;0;1;0;0;0;0;0;800406,8881;5825797,395;13,42643565;52,49938243
204949;11;1;1100310;2018;9;16;1;3;2;6;0;0;1;0;1;0;0;0;799476,5228;5828775,918;13,41545158;52,52659171
204950;11;8;8200832;2018;9;10;4;1;6;2;0;0;0;1;0;1;0;0;801021,4856;5817078,883;13,42760041;52,42089668
204951;11;4;4501152;2018;9;17;3;3;6;4;0;1;0;1;0;0;0;0;793974,582;5824485,385;13,33079649;52,49112407
204952;11;7;7400825;2018;9;15;1;3;3;6;0;0;1;0;1;0;0;0;797573,9228;5820789,482;13,3803569;52,45604409
204953;11;3;3601245;2018;9;20;1;2;5;2;2;0;1;0;1;0;0;0;800232,8321;5831185,534;13,42874338;52,54777381
204954;11;3;3400619;2018;9;16;3;3;5;3;0;0;1;0;1;0;0;0;795862,8518;5835595,229;13,36842012;52,58969311
204955;11;11;11501340;2018;9;17;1;2;0;1;0;1;0;0;0;0;0;0;807249,2672;5824244,267;13,52548681;52,48165398
204956;11;8;8200725;2018;9;8;6;2;5;2;0;0;1;0;1;0;0;1;800647,0248;5819368,793;13,4241693;52,44162812
204957;11;1;1100310;2018;9;20;7;3;6;4;1;1;0;1;0;0;0;0;798929,7311;5828540,431;13,40720399;52,52478099
204958;11;8;8300935;2018;9;15;3;3;5;2;0;1;1;0;0;0;0;0;802297,4317;5817829,24;13,44698459;52,42691899
204959;11;5;5300736;2018;9;13;7;3;1;1;0;0;1;0;0;0;0;0;786975,9488;5829857,133;13,23263638;52,54300975
204960;11;10;10200524;2018;9;7;6;3;5;3;0;0;1;0;0;0;0;1;813394,1411;5830258,175;13,62133949;52,53205281
204961;11;3;3200308;2018;9;12;7;3;6;7;0;0;1;1;0;0;0;0;798967,7481;5837840,081;13,41614364;52,60811688
204962;11;10;10400837;2018;9;15;3;3;5;3;0;1;1;0;0;0;0;0;810451,233;5824684,506;13,57289632;52,48378838
204963;11;12;12200515;2018;9;15;3;3;5;2;0;1;1;0;0;0;0;0;789987,0148;5834773,325;13,28120996;52,58548923
204964;11;8;8100419;2018;9;13;7;3;5;3;0;0;1;0;0;0;0;0;802381,4367;5824041,054;13,45384123;52,48254982
204965;11;1;1300836;2018;9;15;3;3;6;4;0;1;0;1;0;0;0;0;796682,0091;5830794,537;13,37618287;52,54621435
204966;11;1;1100308;2018;9;14;3;3;1;1;0;0;1;0;1;0;0;0;797456,5143;5828847,653;13,3858281;52,52834061
204967;11;2;2300316;2018;9;12;7;3;1;5;0;1;1;0;0;0;1;0;801284,259;5826172,412;13,4396607;52,50226011
204968;11;4;4400835;2018;9;7;6;2;0;5;0;1;1;0;0;0;0;1;793379,1286;5822237,354;13,32007327;52,47129162
204969;11;1;1400940;2018;9;11;7;3;5;2;0;1;1;0;0;0;0;0;794599,3835;5832285,143;13,34688244;52,56070668
204970;11;4;4200311;2018;9;14;3;2;3;6;0;0;1;0;1;0;0;0;790186,0308;5826052,819;13,27651974;52,50720357
204971;11;11;11100309;2018;9;11;7;3;5;2;0;1;1;0;0;0;0;0;805420,4366;5833323,318;13,50697768;52,56404982
204972;11;7;7300619;2018;9;6;6;3;5;3;1;1;1;0;0;0;0;1;795032,3668;5821873,362;13,34401991;52,46713827
204973;11;6;6300632;2018;9;15;3;2;5;3;0;1;0;0;0;0;0;0;791935,5553;5817211,945;13,29448919;52,42701234
204974;11;4;4200310;2018;9;13;3;3;5;2;0;1;1;0;0;0;0;0;789335,2673;5826421,034;13,26433976;52,5109566
204975;11;4;4200310;2018;9;11;7;3;2;6;0;0;1;0;0;0;0;0;789092,8908;5826981,367;13,26126506;52,51610866
204976;11;4;4400727;2018;9;13;3;3;1;5;0;1;1;0;0;0;0;0;791401,1211;5824365,251;13,29289564;52,49142696
204977;11;7;7601547;2018;9;13;3;3;2;2;0;1;1;0;0;0;0;0;799496,2767;5812661,233;13,40128901;52,38213465
204978;11;1;1401049;2018;9;11;7;3;5;2;0;0;1;0;0;0;0;0;795887,205;5831929,475;13,36550762;52,55682021
204979;11;4;4300416;2018;9;11;7;2;2;3;0;1;1;0;0;0;0;0;791287,7345;5826062,486;13,29271477;52,50670312
204980;11;2;2400522;2018;9;16;5;3;5;7;0;0;1;0;0;0;0;0;801720,0564;5828640,115;13,44829886;52,52413754
204981;11;10;10100209;2018;9;13;3;3;2;6;0;0;1;0;0;0;0;0;809937,939;5831682,464;13,57187979;52,54679271
204982;11;7;7100206;2018;9;10;7;3;2;7;0;1;1;0;0;0;0;0;796301,488;5824307,236;13,36481013;52,48826907
204983;11;1;1401049;2018;9;12;3;3;5;2;0;1;1;0;0;0;0;0;795964,6284;5831980,797;13,36669208;52,55723819
204984;11;4;4501153;2018;9;6;7;3;2;4;1;0;1;1;1;0;0;0;794192,9915;5823101,373;13,33278256;52,47859944
204985;11;9;9200818;2018;9;13;5;3;2;2;0;0;1;0;0;0;0;0;809766,258;5820692,624;13,55913616;52,44840314
204986;11;9;9401635;2018;9;10;7;3;9;1;0;0;1;0;0;0;0;0;816639,205;5817422,433;13,65683667;52,41516359
204987;11;6;6300634;2018;9;12;3;3;2;6;0;0;1;0;0;0;0;0;792722,7029;5818026,423;13,30674597;52,43389348
204988;11;9;9502043;2018;9;18;7;2;4;6;0;0;1;0;0;0;0;0;810947,9805;5822194,848;13,57786735;52,46119463
204989;11;12;12400722;2018;9;14;5;3;9;1;0;0;1;0;0;0;0;0;790641,146;5837379,968;13,29312567;52,60850822
204990;11;1;1100102;2018;9;12;3;3;5;2;0;1;1;0;0;0;0;0;796012,8981;5826207,685;13,36226119;52,50546151
204991;11;1;1300732;2018;9;18;7;3;6;4;0;0;0;1;0;0;1;0;797702,175;5832880,715;13,39305367;52,5643577
204992;11;7;7400927;2018;9;14;3;3;5;2;0;0;1;0;0;1;0;0;798896,8372;5821214,565;13,40014884;52,45913258
204993;11;4;4500936;2018;9;16;3;3;3;6;0;0;1;0;1;0;0;0;792294,0431;5825437,103;13,30695031;52,50055848
204994;11;5;5200528;2018;9;10;3;3;2;6;0;0;1;0;0;0;0;0;782927,3598;5826879,71;13,17056239;52,5184308
204995;11;6;6100207;2018;9;18;7;3;5;2;0;0;1;0;0;0;0;0;794261,5308;5820263,25;13,33128615;52,45312007
204996;11;1;1100103;2018;9;18;7;3;5;2;0;0;1;0;0;0;0;0;795182,2404;5825905,128;13,34979016;52,50319936
204997;11;4;4300619;2018;9;9;3;3;6;4;0;0;0;1;1;0;0;0;792261,3773;5827417,339;13,30820925;52,51832833
204998;11;1;1100416;2018;9;17;7;3;5;7;0;0;1;0;1;0;0;0;798356,6387;5829696,818;13,39981963;52,53546033
204999;11;4;4501045;2018;9;16;7;3;5;2;0;1;1;0;0;0;0;0;793475,5207;5824733,03;13,32368527;52,49361264
205000;11;7;7100101;2018;9;9;3;3;0;1;0;0;1;0;1;0;0;0;794880,0835;5825575,622;13,34505972;52,50040893
205001;11;3;3601243;2018;9;22;3;2;5;3;2;1;1;0;0;0;0;0;799689,3423;5831264,513;13,42082358;52,54878098
205002;11;2;2100106;2018;9;16;7;3;2;6;0;1;1;0;0;0;0;0;799653,1206;5825662,495;13,41524354;52,49858766
205003;11;8;8200831;2018;9;21;3;3;5;3;2;1;0;0;0;0;1;0;800160,783;5817057,179;13,41496208;52,42117488
205004;11;8;8100209;2018;9;16;5;3;6;4;0;1;0;1;0;0;0;0;801849,756;5822383,831;13,44453579;52,46799003
205005;11;12;12100101;2018;9;20;3;3;5;3;1;0;1;0;1;0;0;0;796265,7332;5832379,151;13,37147616;52,56064528
205006;11;2;2300419;2018;9;15;7;3;5;3;0;1;1;0;0;0;0;0;801232,245;5825619,231;13,4383964;52,49733055
205007;11;8;8100207;2018;9;19;3;3;6;7;0;0;1;1;0;0;0;0;801306,5755;5823561,151;13,43762736;52,47884249
205008;11;5;5200632;2018;9;9;3;3;2;6;0;0;1;0;0;0;0;0;785599,7618;5828042,721;13,21083931;52,52746517
205009;11;4;4200207;2018;9;15;7;2;0;1;0;1;0;0;0;0;0;0;789826,6761;5824917,558;13,27025173;52,49721675
205010;11;1;1100416;2018;9;15;7;3;5;3;0;1;0;0;1;0;0;0;798126,5914;5829905,427;13,39662516;52,53745612
205011;11;1;1100308;2018;9;19;3;3;5;2;0;1;1;0;0;0;0;0;796941,4973;5828909,968;13,37831423;52,52917996
205012;11;8;8100417;2018;9;13;7;3;6;4;0;0;0;1;0;0;1;0;802241,8217;5822905,258;13,45076217;52,47244689
205013;11;7;7300517;2018;9;20;5;3;6;7;2;1;0;1;0;0;0;0;794404,1677;5822398,237;13,33526234;52,47218239
205014;11;4;4300623;2018;9;15;7;3;1;5;0;1;1;0;0;0;0;0;792456,2641;5826261,616;13,31005753;52,50786312
205015;11;2;2200212;2018;9;0;3;3;5;2;2;1;1;0;0;0;0;0;799770,6943;5824491,289;13,41591655;52,488025
205016;11;11;11200410;2018;9;9;3;3;5;3;0;1;1;0;0;0;0;0;804974,7079;5833032,79;13,50015527;52,56169586
205017;11;6;6200311;2018;9;21;7;2;0;6;2;1;1;0;0;0;0;0;795823,1635;5818310,563;13,35247144;52,43477268
205018;11;11;11300620;2018;9;9;3;2;0;3;0;0;1;0;1;0;0;0;803538,7976;5829741,887;13,47603001;52,53300297
205019;11;10;10200421;2018;9;18;3;2;6;4;0;0;1;1;0;0;0;0;812377,2834;5830961,272;13,60705838;52,53893697
205020;11;10;10100104;2018;9;22;7;3;5;2;2;0;1;0;0;0;1;0;809959,6868;5833989,207;13,57435348;52,56745211
205021;11;1;1100311;2018;9;21;7;2;2;6;2;1;1;0;0;0;0;0;800052,9393;5828095,523;13,42330886;52,52017616
205022;11;1;1300733;2018;9;9;3;2;5;3;0;1;0;0;0;1;0;0;797674,3862;5831310,16;13,39123638;52,55029494
205023;11;12;12500825;2018;9;9;3;2;5;2;0;1;0;0;0;0;1;0;791841,5587;5834653,118;13,30839966;52,58341992
205024;11;6;6200421;2018;9;19;7;3;5;7;2;0;1;0;1;0;0;0;793287,7268;5817006,258;13,31413875;52,42444524
205025;11;7;7200307;2018;9;19;7;3;2;6;0;0;1;0;1;0;0;0;794950,3774;5824650,999;13,34527355;52,49208231
205026;11;3;3500934;2018;9;8;3;3;0;1;0;0;0;0;1;0;0;0;801057,2726;5831414,547;13,44107268;52,5493715
205027;11;5;5100103;2018;9;13;7;3;5;3;0;1;1;0;0;0;0;0;785208,3767;5831862,668;13,20836587;52,56191926
205028;11;11;11401136;2018;9;19;5;3;5;2;1;1;1;0;0;0;0;0;805898,1007;5825851,253;13,50712749;52,49681496
205029;11;4;4501148;2018;9;13;7;3;0;2;0;1;1;0;0;0;0;0;792837,5617;5823210,159;13,31297733;52,48030317
205030;11;7;2200207;2018;9;8;3;3;2;6;0;0;1;0;1;0;0;0;797138,9412;5824763,923;13,3775148;52,49190763
205031;11;7;7400927;2018;9;6;3;3;5;7;0;0;1;0;0;0;1;0;798794,6932;5821822,988;13,39919461;52,46464219
205032;11;11;11300618;2018;9;8;3;3;2;6;0;0;1;0;0;0;0;0;802449,312;5828881,582;13,45923464;52,52589776
205033;11;2;2100102;2018;9;1;7;3;5;7;2;0;1;0;0;0;1;0;798322,0649;5825625,229;13,39566054;52,49898286
205034;11;2;2500728;2018;9;18;3;3;2;6;1;0;1;0;1;0;0;0;802900,0718;5827649,473;13,46473669;52,51460432
205035;11;3;3701554;2018;9;20;7;1;0;7;1;1;0;0;0;1;0;0;799114,8688;5830271,855;13,41148277;52,54019906
205036;11;6;6400844;2018;9;19;5;2;5;2;0;1;1;0;0;0;0;0;792355,0426;5820818,798;13,30379691;52,45912351
205037;11;12;12200309;2018;9;23;6;3;2;6;2;0;1;0;0;0;0;1;793255,511;5832589,265;13,3273837;52,5641584
205038;11;9;9200818;2018;9;18;3;3;2;6;1;0;1;0;1;0;0;0;809777,0355;5820607,81;13,55921559;52,44763695
205039;11;5;5100316;2018;9;20;6;3;6;7;1;0;0;1;0;1;0;0;784986,5202;5829051,594;13,20268923;52,5368316
205040;11;3;3100103;2018;9;18;5;3;5;3;0;1;1;0;0;0;0;0;804436,178;5840688,804;13,49927346;52,63061316
205041;11;7;7200307;2018;9;18;3;3;5;2;1;1;1;0;0;0;0;0;794963,3163;5824306,103;13,34515827;52,48898356
205042;11;2;2200212;2018;9;20;6;3;1;5;2;1;1;0;0;0;0;0;799869,6955;5824462,415;13,41734424;52,48771183
205043;11;1;1100311;2018;9;22;6;3;5;2;2;0;1;0;0;0;0;0;799734,446;5827561,896;13,41814812;52,51556819
205044;11;6;6300525;2018;9;8;3;3;0;1;0;1;0;0;0;0;0;0;790234,9453;5814947,731;13,26758438;52,40761764
205045;11;10;10100205;2018;9;7;6;3;0;3;0;0;0;0;1;1;0;1;806950,727;5832584,259;13,52879955;52,55656583
205046;11;4;4500936;2018;9;18;3;3;5;2;0;0;1;0;0;0;0;0;792309,7036;5825385,011;13,30713463;52,50008311
205047;11;6;6100101;2018;9;19;6;2;6;7;2;0;1;1;0;0;0;0;793451,7452;5820672,975;13,3197637;52,45722847
205048;11;9;9200715;2018;9;18;3;3;2;6;0;0;1;0;0;0;0;0;809337,736;5818509,287;13,55083023;52,4290789
205049;11;5;5400945;2018;9;7;3;3;4;2;0;1;1;0;0;0;0;0;780055,8171;5819247,508;13,12194052;52,45147594
205050;11;8;8100209;2018;9;19;6;3;3;6;1;1;0;0;1;0;0;0;802092,0397;5822441,483;13,44814378;52,46837286
205051;11;5;5200630;2018;9;19;6;3;5;2;0;1;1;0;0;0;0;0;784148,8035;5827297,437;13,18887206;52,52154111
205052;11;2;2400521;2018;9;18;6;3;5;3;0;1;1;0;0;0;0;0;800459,645;5828466,641;13,4296202;52,52327866
205053;11;5;5200527;2018;9;17;3;3;5;3;0;1;1;0;0;0;0;0;782319,0391;5827350,057;13,16202025;52,52296342
205054;11;1;1300733;2018;9;18;6;3;2;4;0;0;1;1;1;0;0;0;797342,7407;5831210,678;13,38627052;52,54958434
205055;11;9;9301025;2018;9;7;3;3;2;6;0;0;1;0;0;0;1;0;809171,8508;5815154,256;13,54529938;52,39910486
205056;11;3;3200205;2018;9;18;6;2;5;3;0;0;1;0;1;0;0;0;798160,222;5836121,647;13,40270618;52,59315727
205057;11;1;1100103;2018;9;17;3;3;3;6;0;0;1;0;1;0;0;0;795554,8587;5825769,384;13,35514333;52,50178081
205058;11;12;12200310;2018;9;17;3;3;2;6;0;0;1;0;0;0;0;0;792065,1339;5832942,088;13,31018284;52,56796122
205059;11;7;7100101;2018;9;18;6;3;5;2;0;0;1;0;1;0;0;0;794928,0091;5825680,79;13,34585684;52,50132579
205060;11;8;8401243;2018;9;16;3;3;6;4;0;0;1;1;0;0;0;0;805671,9554;5817010,031;13,4957125;52,41770202
205061;11;9;9200512;2018;9;16;3;3;2;6;0;0;1;0;0;0;0;0;809365,828;5821509,808;13,55401979;52,45595335
205062;11;1;1401048;2018;9;17;6;3;1;5;0;1;1;0;0;0;1;0;795173,0248;5831295,898;13,35444041;52,5515283
205063;11;9;9200819;2018;9;15;6;3;1;5;0;1;0;0;0;0;0;0;810194,9118;5820381,451;13,56513444;52,44537147
205064;11;1;1200522;2018;9;16;3;3;2;2;0;1;1;0;0;0;0;0;793964,2263;5828206,564;13,33393057;52,52448804
205065;11;4;4200310;2018;9;15;6;3;0;1;0;0;0;0;1;0;0;0;789374,3855;5826181,557;13,26470636;52,50878887
205066;11;4;4200311;2018;9;14;6;3;3;6;0;0;1;0;0;0;0;0;790556,3096;5825380,169;13,28137304;52,50097613
205067;11;6;6300632;2018;9;0;3;3;5;3;2;0;1;0;0;0;0;0;792757,09;5817474,668;13,30676726;52,42892866
205068;11;8;8200726;2018;9;18;3;3;0;1;0;0;0;0;1;0;0;0;801266,8018;5819689,738;13,43354936;52,44416378
205069;11;7;7300517;2018;9;14;6;3;2;6;0;0;1;0;0;0;0;0;794419,2915;5822327,46;13,33542189;52,47153975
205070;11;4;4300624;2018;9;0;3;3;5;7;2;0;1;0;0;0;0;0;792788,4736;5826108,119;13,31480337;52,50630887
205071;11;4;4501042;2018;9;23;3;3;5;3;2;0;1;0;0;0;0;0;793976,9656;5826178,339;13,33232581;52,50629925
205072;11;1;1200628;2018;9;14;6;3;5;3;0;0;1;0;0;0;0;0;795724,5278;5828198,65;13,35979435;52,52346518
205073;11;11;11100102;2018;9;13;6;3;6;7;0;0;0;1;0;0;1;0;808300,5489;5834044,382;13,55000353;52,56888868
205074;11;2;2200213;2018;9;22;3;3;6;7;2;0;1;1;0;0;0;0;799669,3067;5825300,872;13,41515593;52,49533737
205075;11;1;1100311;2018;9;1;6;3;5;3;2;1;1;0;0;0;0;0;799746,807;5827565,503;13,41833299;52,51559372
205076;11;12;12400722;2018;9;15;3;2;1;7;0;0;1;0;1;0;0;0;790831,4654;5837630,336;13,29614839;52,61065091
205077;11;4;4501150;2018;9;9;6;3;5;2;0;1;0;0;0;0;1;1;793436,0842;5823923,222;13,32239295;52,48637423
205078;11;8;8300934;2018;9;13;3;3;5;2;0;1;1;0;0;0;0;0;802776,0258;5818729,004;13,4548166;52,43471906
205079;11;12;12100205;2018;9;9;6;3;0;1;0;0;0;1;1;0;0;1;793576,8916;5832520,528;13,33205055;52,56336901
205080;11;12;12400722;2018;9;6;3;3;5;3;0;1;1;0;0;0;0;0;790883,2405;5838373,081;13,29756399;52,61728171
205081;11;6;6300528;2018;9;7;6;3;2;1;0;0;1;0;0;0;1;1;789244,889;5817131,139;13,25495757;52,42771699
205082;11;1;1200519;2018;9;9;6;2;5;2;0;1;0;0;1;0;0;0;794052,1686;5828470,242;13,33545625;52,52680433
205083;11;11;11401135;2018;9;19;2;3;5;3;1;1;1;0;0;0;0;0;805525,3887;5825984,202;13,50177629;52,49821527