OBJECTID;LAND;BEZ;LOR_ab_2021;UJAHR;UMONAT;USTUNDE;UWOCHENTAG;UKATEGORIE;UART;UTYP1;ULICHTVERH;IstRad;IstPKW;IstFuss;IstKrad;IstGkfz;IstSonstig;USTRZUSTAND;LINREFX;LINREFY;XGCSWGS84;YGCSWGS84
205084;11;4;4501043;2018;9;17;2;3;5;2;0;0;1;0;0;0;0;0;792412,2458;5824956,371;13,30826461;52,49618551
205085;11;12;12200411;2018;9;9;6;3;2;6;0;0;1;0;0;1;0;1;793215,4431;5832378,31;13,32660785;52,56228888
205086;11;8;8200831;2018;9;16;2;3;5;2;0;0;1;0;0;0;1;0;799653,0538;5816431,646;13,40695793;52,41584603
205087;11;7;7400825;2018;9;17;2;3;0;2;0;0;1;1;0;0;0;0;797635,2857;5821061,007;13,38149936;52,45844461
205088;11;4;4300622;2018;9;9;6;3;2;6;0;0;1;0;0;0;0;1;793656,697;5826067,299;13,32752271;52,50547631
205089;11;4;4200310;2018;9;9;6;3;2;7;0;0;1;0;1;0;0;1;790010,2442;5826392,811;13,27423321;52,51034513
205090;11;3;3300516;2018;9;17;2;3;2;6;0;0;1;0;0;0;0;0;800837,2346;5834740,04;13,44085268;52,57929979
205091;11;11;11300619;2018;9;9;6;3;2;6;0;1;1;0;0;0;0;1;803270,458;5828973,827;13,47138552;52,5262684
205092;11;8;8100209;2018;9;17;2;3;5;2;0;1;1;0;0;0;0;0;801859,5144;5822386,125;13,44468108;52,4680052
205093;11;4;4501153;2018;9;20;4;3;5;7;2;1;1;0;0;0;0;0;794190,4101;5823111,7;13,33275377;52,47869341
205094;11;6;6100205;2018;9;0;7;3;2;2;2;0;1;0;0;0;0;0;796072,9852;5819856,413;13,35750513;52,44849495
205095;11;11;11300722;2018;9;13;4;2;0;1;0;0;0;0;1;0;0;0;803777,8636;5827912,598;13,47787266;52,51647446
205096;11;5;5200632;2018;9;10;6;2;9;1;0;0;0;0;0;0;1;0;786155,0887;5827231,241;13,21830461;52,51989839
205097;11;12;12100205;2018;9;19;4;3;5;2;2;1;1;0;0;0;0;0;794539,102;5833158,71;13,34677129;52,56857013
205098;11;7;7400721;2018;9;23;7;3;5;3;2;0;1;0;0;0;0;1;797254,9712;5822955,326;13,37760602;52,47563228
205099;11;1;1100102;2018;9;20;7;3;6;4;2;0;0;1;1;0;0;0;796523,2368;5827962,259;13,37132158;52,5209124
205100;11;3;3400721;2018;9;19;4;3;0;3;1;1;1;0;0;0;0;0;798244,0469;5833445,156;13,40153165;52,56912053
205101;11;1;1401044;2018;9;19;7;2;5;2;1;0;1;0;0;0;1;0;796318,1861;5831640,616;13,37158834;52,55399657
205102;11;3;3601243;2018;9;17;4;3;1;5;0;1;1;0;0;0;0;0;799417,1701;5831751,703;13,41726097;52,55329751
205103;11;2;2400625;2018;9;19;7;3;2;6;0;1;1;0;0;0;0;0;801199,2929;5826553,392;13,43875738;52,50572182
205104;11;2;2400623;2018;9;17;4;3;3;2;0;1;1;0;0;0;0;0;800575,518;5827015,748;13,4300122;52,51021004
205105;11;1;1200517;2018;9;13;4;3;2;6;0;0;1;0;1;0;0;0;793063,6741;5828567,782;13,32101314;52,52821102
205106;11;4;4400727;2018;9;17;7;3;5;2;0;1;1;0;0;0;0;0;790960,1739;5823006,557;13,28523334;52,47948141
205107;11;1;1100206;2018;9;20;5;2;0;1;2;1;0;0;0;0;0;0;798199,2752;5827955,025;13,39594431;52,5199336
205108;11;7;7400720;2018;9;15;7;3;2;2;0;0;1;0;0;0;1;0;797761,442;5823954,551;13,38593332;52,48431333
205109;11;3;3400829;2018;9;13;7;3;5;3;0;1;1;0;0;0;0;0;799993,7421;5833017,541;13,42688367;52,5643263
205110;11;3;3500934;2018;9;11;4;3;5;2;0;1;1;0;0;0;0;0;801056,7983;5831435,323;13,44108454;52,54955799
205111;11;3;11200512;2018;9;18;5;3;2;7;1;0;1;0;0;0;0;0;802848,7424;5831389,389;13,4673897;52,54815304
205112;11;7;7400823;2018;9;11;4;3;5;2;0;1;0;0;0;0;1;0;797349,3107;5822066,065;13,37819828;52,46760962
205113;11;1;1401045;2018;9;11;7;3;6;4;0;0;1;1;0;0;0;0;796892,0661;5831550,873;13,37994768;52,5528796
205114;11;12;12100205;2018;9;23;7;2;8;1;2;0;0;0;1;0;0;0;794831,4477;5833065,651;13,35098946;52,56757768
205115;11;2;2400625;2018;9;16;5;3;5;3;0;1;1;0;0;0;0;0;801756,9663;5826236,156;13,44666141;52,50257025
205116;11;6;6300525;2018;9;11;4;3;1;5;0;1;0;0;0;0;1;0;789776,8315;5815381,091;13,26124365;52,41174557
205117;11;1;1100416;2018;9;19;6;3;6;4;1;1;0;1;0;0;0;0;798757,4789;5829621,347;13,40564394;52,53456427
205118;11;4;4501153;2018;9;15;5;3;6;4;0;1;0;1;0;0;0;0;794434,6536;5823919,635;13,33705328;52,48580448
205119;11;2;2400522;2018;9;10;4;3;5;3;0;1;1;0;0;0;0;0;801743,8946;5828382,062;13,44841504;52,5218114
205120;11;12;12200412;2018;9;23;6;3;5;2;2;0;1;0;1;0;0;0;791132,172;5833966,674;13,29735626;52,57764617
205121;11;3;3601449;2018;9;9;4;3;5;3;0;0;1;0;0;0;0;0;801415,9892;5830921,172;13,44589925;52,544751
205122;11;1;1100310;2018;9;10;4;3;1;5;0;1;0;0;0;0;1;0;799250,5018;5828649,041;13,41201571;52,52557855
205123;11;8;8100102;2018;9;18;6;3;1;5;0;1;1;0;0;0;0;0;800465,4514;5823629,268;13,4253409;52,47991646
205124;11;8;8100206;2018;9;19;6;3;5;2;0;1;1;0;0;0;0;0;800617,3586;5823774,652;13,42770206;52,48113599
205125;11;4;4501041;2018;9;10;5;3;6;7;0;0;1;1;0;0;0;0;793289,7707;5825469,914;13,32160597;52,50031836
205126;11;4;4501043;2018;9;8;4;3;5;3;0;0;1;0;0;0;0;0;792609,876;5824955,755;13,31116691;52,49607406
205127;11;2;2400521;2018;9;19;6;3;4;6;1;1;0;0;0;0;0;0;800655,0331;5828465,721;13,43249058;52,52316272
205128;11;4;4300622;2018;9;8;6;3;1;5;0;1;1;0;0;0;0;0;793754,2642;5826076,686;13,32896435;52,50550794
205129;11;3;3500934;2018;9;9;4;3;1;5;0;1;1;0;0;0;0;0;800543,8427;5831814,713;13,43388565;52,55324178
205130;11;2;2300314;2018;9;9;4;3;2;2;0;1;1;0;0;0;0;0;799984,327;5826187,948;13,42058126;52,50311556
205131;11;10;10100316;2018;9;23;6;2;5;3;2;1;1;0;0;0;0;0;810167,8469;5831721,914;13,57529624;52,54701539
205132;11;10;10200423;2018;9;16;4;3;6;4;0;0;1;1;0;0;0;0;813041,7204;5831123,461;13,616976;52,54000909
205133;11;2;2500831;2018;9;16;4;3;2;6;0;1;1;0;0;0;0;0;803068,7042;5827455,866;13,46703779;52,51277537
205134;11;10;10200421;2018;9;16;4;2;6;4;0;0;1;1;0;0;0;0;812222,3187;5830684,846;13,60452122;52,53654869
205135;11;2;2100104;2018;9;22;6;3;2;2;2;0;1;0;0;0;0;0;799300,8746;5826174,077;13,41052986;52,50336654
205136;11;10;10300734;2018;9;16;4;2;5;2;0;1;1;0;0;0;0;0;808956,757;5826425,433;13,55257279;52,50023788
205137;11;2;2100104;2018;9;15;4;3;5;2;0;1;1;0;0;0;0;0;799292,6658;5826222,021;13,41045238;52,50380079
205138;11;12;12100206;2018;9;10;6;3;5;7;0;1;1;0;0;0;0;0;794125,0056;5833877,339;13,34131656;52,57523602
205139;11;9;9200510;2018;9;9;6;3;2;2;0;0;1;0;0;0;0;0;805672,0463;5824133,232;13,50223217;52,48154396
205140;11;2;2200210;2018;9;8;5;3;0;1;0;1;0;0;0;0;0;0;798369,1579;5825302,057;13,39606273;52,49606028
205141;11;3;3200309;2018;9;15;4;3;1;5;0;1;1;0;0;0;0;0;800616,8776;5836754,315;13,43943811;52,59747565
205142;11;7;7300618;2018;9;9;6;3;0;6;0;0;1;0;0;1;0;0;794343,7279;5821974,765;13,33400147;52,46841874
205143;11;2;2200210;2018;9;15;4;3;5;3;0;1;1;0;0;0;0;0;798718,5666;5824698,719;13,40065336;52,49046103
205144;11;2;2100106;2018;9;15;4;3;3;6;0;1;0;0;0;0;0;0;798596,1517;5825583,8;13,39964904;52,4984616
205145;11;5;5300841;2018;9;9;6;2;1;5;0;1;1;0;0;0;0;0;789888,2488;5829235,378;13,27491839;52,53589397
205146;11;6;6200312;2018;9;14;4;3;5;3;0;1;1;0;0;0;0;0;794430,1303;5818843,384;13,33250872;52,44030082
205147;11;1;1200629;2018;9;9;6;3;0;6;0;1;1;0;0;0;0;0;794450,5614;5827709,567;13,3406383;52,51977035
205148;11;9;9100409;2018;9;15;4;3;2;6;0;0;1;0;0;0;0;0;805746,3794;5818843,067;13,4984789;52,43408921
205149;11;8;8100418;2018;9;18;6;2;6;4;1;1;0;1;0;0;0;0;802116,1921;5823638,033;13,44958201;52,47908432
205150;11;6;6200421;2018;9;8;6;3;6;7;0;1;0;1;0;0;0;0;794125,7147;5817635,156;13,32698015;52,4296333
205151;11;4;4300518;2018;9;16;4;3;2;6;0;0;1;0;0;0;0;0;791355,8357;5828696,072;13,29602187;52,53027658
205152;11;6;6400844;2018;9;0;6;3;0;5;2;1;1;0;0;0;0;0;791301,5048;5821512,655;13,2889405;52,46590657
205153;11;4;4300623;2018;9;18;6;3;2;6;0;0;1;0;1;0;0;0;792307,9844;5826109,867;13,30774573;52,5065822
205154;11;1;1100309;2018;9;10;6;3;0;1;0;1;0;0;0;0;0;0;799038,6265;5828956,153;13,40917817;52,52844761
205155;11;8;8100206;2018;9;6;5;2;5;7;0;0;1;0;1;0;0;0;800949,1794;5823860,272;13,43265076;52,48172067
205156;11;4;4300619;2018;9;15;4;3;0;1;0;1;0;0;0;0;0;0;791971,6326;5827402,083;13,30393785;52,51834676
205157;11;4;4500937;2018;9;8;6;3;5;5;0;0;1;0;1;0;0;0;791327,1866;5825077,84;13,29243293;52,49785475
205158;11;8;8100311;2018;9;18;6;2;3;6;0;1;0;0;0;0;1;0;800676,999;5824384,907;13,42912806;52,48657308
205159;11;4;4500937;2018;9;13;4;2;0;4;0;0;0;1;0;1;1;0;791452,007;5825068,584;13,29425833;52,49770513
205160;11;1;1100309;2018;9;15;5;2;3;6;0;1;1;0;0;0;0;0;798902,139;5829041,789;13,40724919;52,52929007
205161;11;8;8300934;2018;9;17;4;3;6;4;0;0;1;1;0;0;0;0;803647,1971;5818077,077;13,46700012;52,42839297
205162;11;2;2200213;2018;9;8;6;3;6;4;0;1;0;1;0;0;0;1;800342,8033;5824554,407;13,42437389;52,48827633
205163;11;7;7200308;2018;9;17;4;3;5;2;0;1;0;0;1;0;0;0;794718,6879;5823910,479;13,341216;52,48556915
205164;11;6;6100205;2018;9;19;5;3;1;5;2;1;1;0;0;0;0;0;795527,5355;5819721,531;13,3493832;52,44758092
205165;11;11;11501340;2018;9;16;4;3;5;3;0;0;1;0;0;0;0;0;807372,7106;5824559,211;13,52758922;52,48440709
205166;11;10;10100312;2018;9;17;6;3;2;6;0;1;1;0;0;0;0;0;807961,6504;5829232,433;13,5405572;52,52595652
205167;11;8;8100105;2018;9;7;6;3;6;4;0;0;1;1;0;0;0;0;800926,7905;5821919,729;13,43057142;52,46433927
205168;11;7;7300516;2018;9;16;5;3;2;7;0;0;1;0;0;0;0;0;794043,0803;5821649,992;13,32930219;52,46566919
205169;11;1;1100205;2018;9;12;4;3;5;7;0;0;1;0;0;0;0;0;796957,1686;5826782,854;13,3766457;52,51010417
205170;11;10;10400836;2018;9;7;6;3;5;3;0;1;1;0;0;0;0;1;811009,4667;5827597,047;13,58380966;52,50957127
205171;11;7;7100205;2018;9;15;5;3;5;3;0;1;1;0;0;0;0;0;796422,6064;5824866,118;13,36708587;52,49321318
205172;11;11;11401136;2018;9;12;4;3;2;2;0;0;1;0;0;0;0;0;805402,457;5826057,65;13,50003837;52,49894235
205173;11;11;11300721;2018;9;7;6;2;5;3;0;0;1;0;1;0;0;0;805197,6993;5828973,814;13,49970561;52,52519289
205174;11;11;11100101;2018;9;17;4;3;2;6;0;0;1;0;0;0;0;0;806600,6203;5836505,028;13,52727673;52,59190108
205175;11;2;2200210;2018;9;11;4;3;5;3;0;1;0;0;0;0;0;0;798137,283;5824852,092;13,39225461;52,49215361
205176;11;2;2100102;2018;9;7;6;3;0;1;0;0;0;0;1;0;0;0;798101,8657;5826213,979;13,3929534;52,50438059
205177;11;11;11100102;2018;9;17;5;2;5;2;0;1;1;0;0;0;0;0;808265,3157;5834028,266;13,54947035;52,5687642
205178;11;1;1100416;2018;9;17;4;2;0;1;0;1;0;0;0;0;0;0;798742,3168;5829590,615;13,40539344;52,53429711
205179;11;2;2300418;2018;9;16;6;3;3;6;0;1;1;0;0;0;0;0;801175,8765;5825154,465;13,43714838;52,49319586
205180;11;2;2500833;2018;9;9;4;3;3;6;0;1;0;0;0;0;1;0;802108,4556;5827355,752;13,45283998;52,51241074
205181;11;1;1300834;2018;9;8;4;3;6;2;0;0;0;1;0;0;1;0;797694,0089;5830705,667;13,39098307;52,54486572
205182;11;12;12500824;2018;9;16;6;3;5;3;0;0;1;0;0;0;0;0;791056,738;5836280,645;13,29827905;52,59843073
205183;11;4;4500937;2018;9;18;5;3;0;7;0;0;1;0;0;0;1;0;791671,2947;5825129,549;13,29753284;52,49813452
205184;11;4;4501041;2018;9;9;4;3;5;2;0;1;1;0;0;0;0;0;792961,8239;5825713,037;13,3170025;52,50267404
205185;11;1;1100309;2018;9;16;6;3;6;6;0;1;0;1;0;0;0;0;798002,6745;5828813,989;13,39382504;52,52774058
205186;11;12;12200412;2018;9;15;6;2;5;2;0;0;1;0;1;0;0;0;791002,7797;5833725,012;13,29524003;52,57554894
205187;11;1;1100310;2018;9;16;5;3;6;4;0;1;0;1;0;0;0;0;798685,5199;5828161,221;13,40327452;52,52151575
205188;11;4;4200311;2018;9;9;4;3;0;3;0;0;1;0;1;0;0;0;790039,8054;5826133,576;13,27444167;52,50800533
205189;11;4;4300622;2018;9;20;6;3;1;5;2;1;0;0;0;0;1;0;793853,1095;5826245,879;13,33056583;52,50697144
205190;11;8;8100419;2018;9;7;4;3;5;3;0;0;1;0;1;0;0;0;802032,062;5824296,962;13,44894393;52,48503691
205191;11;1;1200629;2018;9;15;6;3;5;2;0;0;1;0;1;0;0;0;794322,1398;5827392,008;13,33847012;52,51699296
205192;11;11;11200513;2018;9;6;4;3;5;3;0;1;1;0;0;0;0;0;804727,266;5831202,333;13,4948362;52,54542906
205193;11;1;1100311;2018;9;16;4;3;6;7;0;1;0;1;0;0;0;0;799454,5891;5827994,77;13,41442591;52,51960197
205194;11;12;12200308;2018;9;15;6;2;1;5;0;1;1;0;0;0;0;0;792956,9645;5833650,923;13,32392959;52,57383634
205195;11;1;1200626;2018;9;15;6;3;1;5;0;1;1;0;0;0;0;0;794966,2791;5828284,708;13,34872704;52,52464735
205196;11;7;7400823;2018;9;10;5;3;6;7;0;1;0;1;0;0;0;0;797008,0069;5822212,159;13,37331885;52,46910485
205197;11;1;1300835;2018;9;5;4;3;2;6;1;0;1;0;0;0;0;0;797879,9685;5829870,836;13,3929687;52,53728091
205198;11;3;3100101;2018;9;14;6;3;6;2;0;0;0;1;0;0;1;0;803852,8269;5841450,042;13,49138095;52,6377623
205199;11;5;5100209;2018;9;12;5;2;5;2;0;0;1;0;0;0;0;0;783691,566;5830172,695;13,18460548;52,54755923
205200;11;8;8100312;2018;9;13;6;3;5;7;0;1;1;0;0;0;0;0;800984,3773;5824424,191;13,43367666;52,48675584
205201;11;5;5300838;2018;9;13;6;3;2;6;0;0;1;0;1;0;0;0;788033,501;5830919,826;13,24910949;52,55197916
205202;11;9;9100407;2018;9;15;4;1;8;1;0;0;0;0;1;0;0;0;805131,6887;5821482,691;13,4918758;52,45809046
205203;11;8;8100417;2018;9;14;3;3;5;2;0;0;1;0;0;0;0;0;802486,8526;5823151,427;13,45458184;52,47451768
205204;11;4;4501153;2018;9;11;6;3;5;2;0;1;1;0;0;0;0;0;794007,4947;5823930,96;13,33079072;52,48613619
205205;11;4;4300622;2018;9;12;3;3;6;4;0;0;1;1;0;0;0;0;793584,8796;5826421,499;13,32678002;52,5086902
205206;11;2;2300315;2018;9;11;3;3;5;2;0;1;1;0;0;0;0;0;800489,8968;5825778,958;13,42763816;52,49917147
205207;11;7;7400824;2018;9;9;6;2;6;4;0;0;1;1;0;0;0;0;797810,5202;5821882,352;13,38480363;52,46571162
205208;11;3;3601450;2018;9;20;5;3;3;6;2;1;0;0;0;0;0;0;801839,5567;5829916,443;13,45121367;52,53551114
205209;11;2;2100106;2018;9;7;5;3;5;3;0;1;1;0;0;0;0;0;799444,7509;5825658,822;13,4121799;52,49866911
205210;11;4;4300622;2018;9;11;3;3;5;2;0;0;0;0;1;0;0;0;793818,27;5826705,001;13,33045926;52,511106
205211;11;3;3601348;2018;9;17;5;3;5;3;0;1;1;0;0;0;0;0;799839,0079;5830805,413;13,42260973;52,54458357
205212;11;4;4300622;2018;9;14;5;3;5;3;0;0;1;0;0;0;0;0;793162,2278;5826885,512;13,32097907;52,51307718
205213;11;9;9100304;2018;9;16;5;3;2;6;0;0;1;0;0;0;1;0;804365,1952;5821746,749;13,48087043;52,46088454
205214;11;10;10200421;2018;9;22;5;3;6;4;2;0;1;1;0;0;0;1;812181,5385;5830916,883;13,60413989;52,53865136
205215;11;4;4300517;2018;9;11;3;3;2;6;0;0;1;0;0;0;0;0;791702,4841;5827826,218;13,30035444;52,5222931
205216;11;5;5200631;2018;9;10;3;3;1;5;0;1;1;0;0;0;0;0;784856,1998;5827701,685;13,19961623;52,52479649
205217;11;4;4100101;2018;9;22;5;3;6;2;2;0;1;1;0;0;0;1;790399,4396;5829046,577;13,28226897;52,53392922
205218;11;6;6100205;2018;9;10;3;3;5;2;0;0;1;0;1;0;0;0;795229,3519;5819846,006;13,34511844;52,44885788
205219;11;9;9100101;2018;9;22;5;3;5;2;2;1;1;0;0;0;0;0;802349,6895;5824751,002;13,45401913;52,48893069
205220;11;2;2500830;2018;9;9;3;3;5;3;0;1;1;0;0;0;0;0;802445,0467;5827424,217;13,45784698;52,51283786
205221;11;1;1100310;2018;9;9;3;3;5;2;0;1;1;0;0;0;0;0;799135,6982;5828465,406;13,41016337;52,52399554
205222;11;5;5100316;2018;9;19;5;3;0;7;0;0;0;0;1;0;0;0;784590,2531;5829496,522;13,19724364;52,54102791
205223;11;1;1401046;2018;9;9;3;3;5;2;0;1;0;0;1;0;0;0;794884,6056;5830241,458;13,34926271;52,54223231
205224;11;7;7100102;2018;9;9;3;3;0;6;0;0;0;0;1;0;1;0;795091,4765;5824926,925;13,34759015;52,49447954
205225;11;1;1300733;2018;9;19;5;3;5;2;2;0;1;0;0;0;0;1;797353,048;5831201,919;13,38641424;52,5495002
205226;11;2;2200210;2018;9;19;5;3;2;6;2;0;1;0;1;0;0;1;798106,501;5825435,726;13,39232483;52,49740199
205227;11;10;10100209;2018;9;6;5;3;1;5;1;1;1;0;0;0;0;0;809513,169;5832172,574;13,56609245;52,55142634
205228;11;2;2200212;2018;9;6;3;3;6;4;1;1;0;1;0;0;0;0;799186,537;5824591,414;13,40742891;52,48924293
205229;11;4;4500938;2018;9;11;5;3;1;5;0;1;1;0;0;0;0;1;791454,4246;5825007,545;13,29424043;52,49715663
205230;11;3;3400721;2018;9;14;5;3;1;5;0;0;1;0;1;0;0;0;798142,7272;5833060,456;13,39969539;52,56572776
205231;11;2;2100106;2018;9;19;5;3;5;3;1;0;1;0;0;0;0;0;798597,7572;5825578,617;13,39966797;52,49841426
205232;11;7;7501134;2018;9;8;3;2;0;7;0;0;1;1;0;0;0;0;798244,2165;5818946,323;13,38854685;52,43915689
205233;11;6;6200420;2018;9;15;5;3;2;6;0;0;1;0;0;0;0;0;792838,8837;5816452,239;13,30707179;52,41971892
205234;11;8;8401244;2018;9;6;3;3;5;2;0;1;1;0;0;0;0;0;806241,698;5816373,601;13,50348172;52,41167952
205235;11;4;4300623;2018;9;15;5;3;2;6;0;0;1;0;0;0;0;0;792075,1078;5826468,038;13,30463863;52,50991785
205236;11;8;8200831;2018;9;0;5;3;1;5;1;0;1;0;0;0;1;0;799250,5799;5816606,034;13,4012137;52,41762939
205237;11;12;12100204;2018;9;8;3;3;1;5;0;0;1;0;0;0;0;0;795108,8562;5832471,47;13,35454195;52,56210106
205238;11;8;8100104;2018;9;13;5;3;3;2;0;1;1;0;0;0;0;0;800878,7365;5822453,257;13,43034728;52,46914794
205239;11;5;5200632;2018;9;14;5;3;2;6;0;0;1;0;0;0;0;0;785905,0925;5827987,778;13,21528058;52,52681251
205240;11;1;1100416;2018;9;11;5;3;5;7;0;0;1;0;0;0;0;1;798501,7064;5829461,247;13,40174049;52,53326934
205241;11;1;1300733;2018;9;6;6;3;0;2;1;1;0;0;0;0;1;0;797662,0866;5831882,427;13,39156859;52,55543128
205242;11;10;10200629;2018;9;8;3;3;3;6;0;1;1;0;0;0;0;0;810493,224;5827972,621;13,57657778;52,51323102
205243;11;8;8200624;2018;9;18;5;3;4;6;0;0;1;0;0;0;0;0;800923,8792;5821469,166;13,43012249;52,46030232
205244;11;1;1300733;2018;9;11;5;3;5;2;0;1;0;0;0;1;0;1;797108,2445;5831770,618;13,38332341;52,55473147
205245;11;9;9200819;2018;9;11;3;3;0;1;0;0;0;0;1;0;0;0;809898,5022;5820054,569;13,56048404;52,44261009
205246;11;10;10100316;2018;9;18;5;3;9;1;1;0;1;0;0;0;0;1;809867,5066;5831001,079;13,57020886;52,54072653
205247;11;7;7100101;2018;9;4;5;3;5;3;2;0;1;0;1;0;0;0;794975,5296;5824930,163;13,34589011;52,49457124
205248;11;7;7200307;2018;9;15;3;3;1;5;0;1;1;0;0;0;0;0;794959,5316;5824125,446;13,3449428;52,48736614
205249;11;7;7200409;2018;9;10;5;3;0;7;0;0;1;0;1;0;0;1;795079,4493;5824346,058;13,34689908;52,48927897
205250;11;8;8401244;2018;9;17;3;2;5;2;0;0;1;0;0;0;0;0;805679,6022;5816741,496;13,49557933;52,41529097
205251;11;2;2400521;2018;9;17;3;3;3;2;0;0;0;0;1;0;1;0;800425,8611;5827974,935;13,42867965;52,51888998
205252;11;1;1400942;2018;9;10;5;3;5;3;0;0;1;0;0;0;0;1;794649,9643;5830525,288;13,34606456;52,54490357
205253;11;2;2400623;2018;9;17;5;3;2;6;0;0;1;0;0;0;0;0;800568,0007;5826981,832;13,42987114;52,50991019
205254;11;4;4501147;2018;9;9;5;2;5;3;0;1;1;0;0;0;0;1;792875,4236;5824328,469;13,31451587;52,4903082
205255;11;4;4200207;2018;9;13;5;3;3;6;0;1;1;0;0;0;0;0;785073,8399;5824447,265;13,20002796;52,49550361
205256;11;2;2100102;2018;9;9;5;3;5;3;0;1;0;0;0;0;0;1;798034,9391;5825825,941;13,39162298;52,50093888
205257;11;4;4100101;2018;9;17;3;3;5;2;0;1;1;0;0;0;0;0;791214,8302;5829726,371;13,2948519;52,53958843
205258;11;1;1200623;2018;9;0;5;3;5;3;2;0;1;0;0;0;0;0;795484,5828;5829578,649;13,35749457;52,53596578
205259;11;3;3500936;2018;9;17;3;3;1;5;0;0;1;0;0;0;0;0;802065,7209;5831349,707;13,4558411;52,5482321
205260;11;1;1100206;2018;9;9;5;3;2;2;0;0;1;0;0;0;0;1;797187,7186;5827528,52;13,38069876;52,51666268
205261;11;5;5300736;2018;9;21;3;2;5;3;2;0;1;0;0;0;0;0;786908,1723;5830092,669;13,23184315;52,54515717
205262;11;6;6400737;2018;9;21;3;3;8;7;2;0;1;0;0;0;0;0;785141,8549;5819144,425;13,19649415;52,44792238
205263;11;1;1100310;2018;9;9;5;3;5;3;0;1;0;0;0;0;0;1;799134,8605;5828913,569;13,41055421;52,52801311
205264;11;12;12601031;2018;9;19;3;3;2;2;1;0;1;0;0;0;0;0;793158,0067;5836815,294;13,32968766;52,60209476
205265;11;1;1100308;2018;9;8;5;3;3;6;0;1;1;0;0;0;0;1;797066,8744;5829301,315;13,38050673;52,53261964
205266;11;1;1200517;2018;9;18;3;3;5;7;0;0;1;0;1;0;0;0;794581,221;5829740,712;13,34435809;52,53790759
205267;11;3;3500936;2018;9;18;3;3;5;3;0;1;0;0;0;0;1;0;801852,906;5831378,02;13,45273786;52,54860383
205268;11;12;12601032;2018;9;8;5;3;5;3;0;0;1;0;0;0;0;1;792791,9761;5837478,412;13,32488508;52,60823645
205269;11;12;12500926;2018;9;7;5;3;5;7;0;0;1;0;1;0;0;1;793194,7975;5835923,894;13,32944002;52,59408409
205270;11;9;9301126;2018;9;12;5;3;5;3;0;0;1;0;0;0;0;0;811048,7941;5816925,192;13,57444303;52,41391276
205271;11;1;1100205;2018;9;18;3;3;6;4;0;1;0;1;0;0;0;0;797082,5977;5826529,318;13,37826217;52,5077632
205272;11;11;11300725;2018;9;6;5;3;6;4;1;0;1;1;0;0;0;0;805209,869;5828127,182;13,49910759;52,5175982
205273;11;8;8100209;2018;9;17;5;3;5;2;0;1;0;0;0;0;1;0;801875,2185;5822389,857;13,44491493;52,46802997
205274;11;5;5100211;2018;9;18;5;3;5;3;1;0;1;0;0;0;0;1;783242,7468;5830286,439;13,17810132;52,54881264
205275;11;1;1200522;2018;9;18;3;3;5;2;0;0;0;0;1;0;1;0;794320,5689;5828363,956;13,33930709;52,52570672
205276;11;2;2500729;2018;9;17;3;3;6;4;0;0;1;1;0;0;0;0;803478,501;5827733,477;13,47331112;52,5150357
205277;11;1;1100313;2018;9;18;5;3;5;3;0;0;1;0;1;0;0;1;800502,023;5826841,632;13,42877533;52,50868988
205278;11;10;10100314;2018;9;16;3;3;1;5;0;1;1;0;0;0;0;0;808974,4101;5830930,027;13,55701594;52,5405969
205279;11;3;3601245;2018;9;15;3;2;5;2;0;0;1;0;1;0;0;0;800750,5305;5831300,608;13,43645931;52,54851969
205280;11;3;3100103;2018;9;8;5;2;0;1;0;0;0;0;1;0;0;1;804432,2282;5840673,554;13,49920123;52,6304787
205281;11;5;5200633;2018;9;8;5;3;2;6;0;0;1;0;0;1;0;1;783948,489;5826596,929;13,18532969;52,51536459
205282;11;1;1100416;2018;9;7;5;3;5;3;0;1;1;0;0;0;0;0;798527,8918;5830051,461;13,40265556;52,53854543
205283;11;4;4300414;2018;9;15;3;3;5;3;0;0;1;0;0;0;0;0;790980,864;5826664,066;13,2887321;52,51226003
205284;11;2;2400520;2018;9;14;3;3;5;7;0;0;1;0;1;0;0;0;801245,2964;5828799,821;13,44146695;52,52583152
205285;11;1;1300836;2018;9;18;5;3;2;1;0;0;1;0;1;0;0;1;796740,9392;5830479,819;13,3767682;52,54336117
205286;11;12;12100205;2018;9;11;5;3;0;1;0;0;0;0;1;0;0;1;795447,2132;5834164,334;13,36102691;52,57709247
205287;11;3;3300517;2018;9;9;5;3;1;5;0;0;1;0;1;0;0;0;803579,2727;5834135,86;13,48064251;52,572362
205288;11;1;1300730;2018;9;14;3;3;5;2;0;0;1;0;0;0;0;0;796658,9429;5832057,764;13,3769724;52,55755033
205289;11;10;10200629;2018;9;10;5;3;0;1;0;0;0;0;1;0;0;1;810838,4428;5829018,685;13,58262583;52,52240862
205290;11;5;5300737;2018;9;16;5;3;2;6;0;0;1;0;0;0;1;0;786964,4788;5829548,947;13,23220149;52,54025272
205291;11;7;7400824;2018;9;16;5;3;5;3;0;1;1;0;0;0;0;0;797826,3689;5822204,281;13,38532357;52,46858872
205292;11;2;2300314;2018;9;13;3;3;5;3;0;0;1;0;0;0;0;0;799717,6782;5826305,02;13,41676998;52,50431146
205293;11;7;7601442;2018;9;12;3;3;5;3;0;0;1;0;0;0;0;0;799384,7699;5815385,265;13,40208921;52,40661331
205294;11;4;4300412;2018;9;16;5;3;5;2;0;1;1;0;0;0;0;0;791028,2083;5827413,101;13,29008295;52,51894984