OBJECTID;LAND;BEZ;LOR_ab_2021;UJAHR;UMONAT;USTUNDE;UWOCHENTAG;UKATEGORIE;UART;UTYP1;ULICHTVERH;IstRad;IstPKW;IstFuss;IstKrad;IstGkfz;IstSonstig;USTRZUSTAND;LINREFX;LINREFY;XGCSWGS84;YGCSWGS84
205506;11;1;1100207;2018;9;10;3;2;5;3;0;1;1;0;0;0;0;0;798581,7431;5826874,258;13,40059465;52,51003671
205507;11;7;7601339;2018;9;21;2;2;5;3;1;1;1;0;0;0;0;0;795806,9778;5816017,335;13,35020616;52,41422409
205508;11;5;5300737;2018;9;15;5;2;5;3;0;0;1;0;1;0;0;0;787989,5668;5829743,762;13,24744347;52,54145851
205509;11;4;4501045;2018;9;19;2;3;2;1;1;0;1;0;1;0;0;1;793490,2676;5824764,428;13,32392952;52,49388618
205510;11;12;12200411;2018;9;9;4;3;0;6;0;1;0;0;0;0;1;0;792503,7807;5832027,232;13,31582971;52,5595244
205511;11;4;4300416;2018;9;17;2;3;5;3;0;1;1;0;0;0;0;1;791577,1431;5826514,816;13,29736299;52,51060361
205512;11;1;1100103;2018;9;18;2;3;5;7;1;0;1;0;1;0;0;1;795998,3935;5826091,446;13,36194477;52,5044274
205513;11;1;1100206;2018;9;17;3;3;5;2;0;1;0;0;0;0;0;0;797184,1382;5827523,815;13,38064194;52,51662246
205514;11;6;6400844;2018;9;17;2;3;1;5;0;0;1;0;0;0;0;0;790492,4183;5821286,418;13,27686718;52,4643091
205515;11;3;3200205;2018;9;18;5;3;5;2;1;1;1;0;0;0;0;0;797201,9233;5835579,189;13,38811423;52,58881935
205516;11;4;4200310;2018;9;16;2;3;0;7;1;0;1;0;1;0;0;1;789808,7933;5826366,334;13,27125009;52,51021483
205517;11;9;9200511;2018;9;17;4;2;5;3;0;0;1;0;0;0;0;0;807851,5362;5822049,084;13,53230183;52,46164137
205518;11;3;3601453;2018;9;17;2;3;0;3;0;0;1;0;0;0;0;0;802946,3429;5828615,234;13,46629593;52,52323459
205519;11;4;4501042;2018;9;17;2;3;3;6;0;1;0;0;0;0;0;1;794120,5269;5826091,899;13,33435852;52,50544699
205520;11;1;1100311;2018;9;15;3;3;2;6;0;0;1;0;0;0;0;0;799729,9653;5827600,221;13,41811681;52,51591418
205521;11;9;9100305;2018;9;21;2;3;2;7;2;0;1;0;1;0;0;1;804984,5947;5822653,911;13,49078786;52,46866977
205522;11;1;1100416;2018;9;10;4;3;0;3;0;1;1;0;0;0;0;0;798734,7222;5829552,852;13,40524787;52,53396278
205523;11;3;3100101;2018;9;21;2;3;0;7;2;0;0;0;1;1;0;1;800454,081;5840966,205;13,4408677;52,63531689
205524;11;6;6100101;2018;9;13;2;2;2;1;0;0;1;0;1;0;0;0;793168,1103;5820823,464;13,31573346;52,45872978
205525;11;9;9301025;2018;9;7;4;3;0;6;0;0;1;0;1;0;0;1;811475,499;5815934,195;13,57977476;52,40478923
205526;11;6;6100205;2018;9;13;2;2;5;7;0;0;1;0;1;0;0;0;794819,6419;5820047,052;13,33928467;52,45088124
205527;11;9;9200510;2018;9;8;3;3;3;6;0;0;1;0;0;0;0;0;806203,7902;5822168,557;13,50823449;52,4636379
205528;11;1;1300733;2018;9;12;2;3;6;4;0;0;0;1;0;1;0;0;797145,1998;5831874,049;13,38395947;52,55563845
205529;11;8;8100209;2018;9;17;5;3;5;2;0;0;1;0;1;0;0;0;801719,0259;5822128,689;13,44238647;52,46577535
205530;11;1;1100309;2018;9;12;2;2;5;3;0;0;1;0;1;0;0;0;797993,2308;5828907,251;13,39376983;52,52858171
205531;11;3;3100103;2018;9;15;4;3;3;6;0;1;1;0;0;0;0;0;804729,7048;5840720,372;13,50362603;52,63073148
205532;11;8;8401139;2018;9;12;2;3;6;7;0;0;1;1;0;0;0;0;803013,2858;5819354,05;13,45886259;52,44019001
205533;11;4;4501042;2018;9;12;2;3;0;6;0;0;1;0;0;0;1;0;794290,6351;5825970,283;13,33675005;52,50426505
205534;11;9;9300920;2018;9;13;3;3;2;7;0;0;1;0;0;0;0;0;808508,838;5817297,519;13,53755999;52,41868694
205535;11;7;7200307;2018;9;12;2;3;2;1;0;0;1;0;0;0;1;0;794968,0194;5824011,615;13,3449667;52,48634112
205536;11;2;2400625;2018;9;15;6;3;5;3;0;1;0;0;1;0;0;0;801554,3214;5826341,681;13,44378058;52,50362811
205537;11;4;4501153;2018;9;11;6;3;5;2;0;1;1;0;0;0;0;0;794012,6354;5823813,357;13,33076247;52,48507916
205538;11;1;1100308;2018;9;8;3;3;3;6;0;1;1;0;0;0;0;0;797050,1576;5828335,717;13,37939831;52,52397325
205539;11;2;2400521;2018;9;11;2;3;5;2;0;1;1;0;0;0;0;0;800426,9598;5827980,902;13,42870118;52,51894285
205540;11;1;1100102;2018;9;13;5;3;5;3;0;0;1;0;0;0;0;0;796013,2641;5826207,659;13,36226654;52,50546107
205541;11;1;1100206;2018;9;8;6;3;5;2;0;1;0;0;0;0;1;0;797155,9861;5827685,169;13,3803724;52,51808416
205542;11;6;6300524;2018;9;8;3;3;5;2;0;0;1;0;0;0;0;0;787530,4174;5817387,128;13,23003166;52,43091588
205543;11;5;5100317;2018;9;15;5;3;6;4;0;1;0;1;0;0;0;0;785297,8036;5828685,028;13,20695159;52,53338213
205544;11;2;2300315;2018;9;8;2;3;5;3;0;0;1;0;0;0;0;0;800788,4425;5825815,567;13,43205592;52,49933514
205545;11;7;7400823;2018;9;23;4;2;3;6;2;1;1;0;0;0;0;0;797327,9795;5821865,811;13,37770676;52,46582615
205546;11;7;7601545;2018;9;11;2;3;0;3;0;0;1;0;1;0;0;0;800501,5314;5814127,156;13,41732837;52,39472437
205547;11;1;1400937;2018;9;11;2;3;0;2;0;1;1;0;0;0;0;1;793668,8401;5832202,69;13,33312184;52,56047021
205548;11;6;6200421;2018;9;10;3;3;5;3;0;1;1;0;0;0;0;0;793734,2611;5817592,696;13,32120184;52,42946298
205549;11;5;5100317;2018;9;9;2;3;2;6;0;0;1;0;0;0;0;0;786543,6192;5828254,606;13,22489697;52,52886956
205550;11;4;1200629;2018;9;8;6;2;5;2;0;1;1;0;0;0;0;0;794178,3131;5827075,762;13,33607703;52,51423561
205551;11;7;7400720;2018;9;9;5;3;1;5;0;1;1;0;0;0;0;0;797296,2713;5822685,933;13,37797218;52,47319497
205552;11;1;1100101;2018;9;8;3;3;5;2;0;1;1;0;0;0;0;0;795230,5272;5826625,853;13,35113864;52,50963398
205553;11;3;3200310;2018;9;8;2;3;5;3;0;1;1;0;0;0;0;0;799442,9943;5837762,662;13,42307086;52,60716137
205554;11;6;6300528;2018;9;13;5;2;6;4;0;0;1;1;0;0;0;0;790204,2127;5815151,533;13,2673105;52,4094611
205555;11;10;10100311;2018;9;8;2;3;2;6;0;0;0;0;1;0;1;0;807627,4236;5830741,111;13,53704238;52,53966591
205556;11;6;6200312;2018;9;10;4;3;2;2;0;0;1;0;0;0;0;0;794380,0985;5819087,821;13,33199012;52,44251903
205557;11;7;7100102;2018;9;8;2;3;5;3;0;0;1;0;0;0;0;0;795205,707;5825596,04;13,34986087;52,50041591
205558;11;4;4300622;2018;9;8;2;3;0;3;0;1;0;0;0;0;1;1;792922,5016;5826762,278;13,31734813;52,51210123
205559;11;6;6400735;2018;9;7;2;3;2;2;0;0;1;0;0;0;0;1;782019,5591;5815644,508;13,14772181;52,41815928
205560;11;3;3501037;2018;9;13;4;3;5;2;0;1;1;0;0;0;0;0;802357,5274;5833214,088;13,46182965;52,56478039
205561;11;12;12500930;2018;9;6;2;3;2;2;2;0;1;0;0;0;0;1;792861,3178;5835184,844;13,32387758;52,5876386
205562;11;8;8200727;2018;9;5;2;3;8;1;2;0;1;0;0;0;0;1;801321,0773;5819542,51;13,43421273;52,44281422
205563;11;8;8300934;2018;9;16;2;3;2;6;0;0;1;0;0;0;1;0;802694,3659;5818768,297;13,45365463;52,43511644
205564;11;12;12200310;2018;9;22;5;2;5;3;2;0;1;0;0;0;0;0;792341,7931;5833911,202;13,31510742;52,57650041
205565;11;4;4400726;2018;9;17;3;3;5;2;0;1;1;0;0;0;0;0;790850,4752;5824616,627;13,28502769;52,49397423
205566;11;8;8401244;2018;9;5;1;3;5;3;2;0;1;0;0;0;0;0;805917,7555;5816207,934;13,49858251;52,41037582
205567;11;1;1100308;2018;9;12;5;3;0;7;0;1;0;0;0;0;0;0;796869,321;5828791,451;13,37714757;52,5281569
205568;11;8;8100419;2018;9;23;1;3;5;3;2;0;1;0;0;0;0;1;802288,8678;5823895,576;13,45235033;52,48129715
205569;11;12;12100101;2018;9;8;4;2;5;2;0;0;1;0;1;0;0;0;796665,0127;5832659,751;13,37759982;52,56294314
205570;11;5;5100208;2018;9;19;1;3;6;2;2;0;1;1;0;0;0;1;781956,1969;5830607,346;13,15945047;52,55235749
205571;11;7;7601544;2018;9;8;3;2;6;6;0;0;1;1;0;0;0;0;799573,2173;5813979,399;13,40359401;52,39390837
205572;11;2;2400521;2018;9;19;1;3;5;3;2;0;1;0;0;0;0;1;800413,0948;5828046,968;13,42855712;52,51954266
205573;11;4;4300414;2018;9;17;5;3;5;2;0;1;1;0;0;0;0;0;791509,2953;5826850,138;13,29665981;52,51364599
205574;11;9;9200715;2018;9;7;3;3;2;6;0;0;1;0;0;0;0;0;809546,9901;5818307,506;13,55371137;52,42715221
205575;11;7;7100205;2018;9;19;1;2;6;4;1;0;1;1;0;0;0;1;795991,7481;5824977,095;13,36085677;52,49444181
205576;11;5;5100211;2018;9;19;5;2;1;5;1;0;0;0;1;1;0;0;782998,4336;5830351,502;13,17456332;52,54952299
205577;11;1;1100308;2018;9;18;1;3;5;3;1;0;1;0;0;1;0;1;797259,2229;5829088,249;13,38314352;52,53060488
205578;11;9;9100101;2018;9;17;4;3;5;2;0;1;1;0;0;0;0;0;802326,6514;5825299,393;13,45417842;52,4938587
205579;11;1;1400942;2018;9;17;1;3;5;3;0;0;1;0;0;0;0;1;794934,0363;5830796,389;13,35048222;52,54718007
205580;11;9;9300920;2018;9;17;1;3;2;6;0;0;1;0;0;0;0;1;808757,5311;5817816,511;13,54168421;52,42319794
205581;11;3;3200308;2018;9;11;4;2;2;2;0;0;1;0;0;0;0;1;800186,5757;5836568,232;13,43293553;52,59604547
205582;11;3;3701657;2018;9;16;1;3;5;3;1;1;0;0;0;0;1;1;800140,4885;5830723,022;13,42696769;52,54367907
205583;11;3;3300412;2018;9;7;3;3;5;2;0;0;1;0;1;0;0;0;802687,3699;5838959,499;13,47193054;52,61609147
205584;11;5;5100210;2018;9;16;5;3;6;7;0;0;1;1;0;0;0;0;783807,9862;5830584,677;13,18666988;52,55119246
205585;11;9;9100202;2018;9;15;1;3;2;2;0;0;1;0;0;0;1;1;802660,702;5824420,22;13,45828532;52,48579358
205586;11;3;3500936;2018;9;15;4;3;0;2;0;1;0;0;0;0;1;0;802768,7281;5831650,094;13,46645098;52,55053416
205587;11;10;10100104;2018;9;13;1;3;0;3;0;1;1;0;0;0;0;1;810170,7185;5833675,474;13,57716375;52,56452044
205588;11;2;2400521;2018;9;12;1;3;2;2;0;0;1;0;0;0;0;0;801253,477;5827865,501;13,44074096;52,51745255
205589;11;11;11400931;2018;9;12;1;2;5;3;0;1;1;0;0;0;0;0;805431,1453;5827324,347;13,50162163;52,51027899
205590;11;7;7200308;2018;9;16;4;3;2;6;0;0;1;0;0;0;0;0;794993,4479;5823508,806;13,34489514;52,48182003
205591;11;4;4400832;2018;9;11;1;3;3;6;0;1;1;0;0;0;0;0;791962,0514;5821883,738;13,29896098;52,46888072
205592;11;4;4400727;2018;9;5;1;2;6;4;2;0;1;1;0;0;0;0;791678,3763;5823750,314;13,29642944;52,48576602
205593;11;7;7100205;2018;9;20;3;3;5;2;2;1;1;0;0;0;0;0;796422,2953;5824864,499;13,36707986;52,49319883
205594;11;4;4501042;2018;9;3;1;2;9;1;2;0;1;0;0;0;0;0;794278,0393;5825951,884;13,33654875;52,5041069
205595;11;9;9200819;2018;9;15;6;3;5;3;0;1;1;0;0;0;0;0;810127,2781;5819519,586;13,56334273;52,43768602
205596;11;4;4501042;2018;9;23;6;3;0;7;2;0;1;0;0;0;0;0;793934,2598;5825910,556;13,33146199;52,50392173
205597;11;6;6100207;2018;9;19;3;3;5;2;1;1;1;0;0;0;0;0;794084,2157;5820368,519;13,32877701;52,45415919
205598;11;12;12601134;2018;9;0;1;2;2;2;2;0;0;0;0;0;1;1;794054,7366;5836553,867;13,34265806;52,59926703
205599;11;4;4300517;2018;9;17;5;3;5;3;0;0;1;0;0;0;0;0;791905,6112;5828208,295;13,30367519;52,52560964
205600;11;4;4300622;2018;9;8;1;3;5;3;0;1;1;0;0;0;0;0;793246,1092;5826749,901;13,32209209;52,5118164
205601;11;6;6200421;2018;9;19;4;3;5;3;2;0;1;0;0;0;0;0;793631,3796;5818099,543;13,32013809;52,43406195
205602;11;6;6200312;2018;9;18;1;3;0;1;1;0;0;0;1;0;0;1;794897,7265;5819408,762;13,3398669;52,44511719
205603;11;1;1100207;2018;9;22;1;3;5;3;2;0;1;0;0;0;1;1;797900,9065;5826570,619;13,39032056;52,50768719
205604;11;7;7200307;2018;9;18;3;3;5;3;0;1;1;0;0;0;0;0;794669,3914;5824241,307;13,34078462;52,48856143
205605;11;7;7501031;2018;9;16;7;3;5;7;0;0;1;0;0;0;0;0;798440,8792;5820499,309;13,39281869;52,45297033
205606;11;1;1100309;2018;9;14;6;3;6;4;0;1;0;1;0;0;0;0;798117,967;5828448,681;13,395192;52,52440304
205607;11;9;9200510;2018;9;8;5;2;3;6;0;1;1;0;0;0;0;0;806566,5609;5822255,332;13,51363728;52,4642122
205608;11;5;5300840;2018;9;7;3;3;2;6;0;0;1;0;0;0;0;0;788212,6088;5829377,763;13,2504057;52,53805926
205609;11;1;1401043;2018;9;15;7;3;6;4;0;0;1;1;0;0;0;0;795590,5826;5830808,548;13,36014711;52,54693323
205610;11;12;12200307;2018;9;12;3;3;2;6;0;0;1;0;1;0;0;0;793516,0207;5833939,905;13,33241124;52,57612566
205611;11;12;12400619;2018;9;15;7;3;5;3;0;0;1;0;0;0;0;0;787060,2751;5837076,712;13,24012728;52,60769235
205612;11;9;9200511;2018;9;15;6;3;5;2;0;1;1;0;0;0;0;0;806893,9403;5821973,718;13,51818215;52,46150453
205613;11;3;3500936;2018;9;14;5;3;1;5;0;1;0;0;0;0;1;0;802624,5542;5831588,994;13,46427546;52,55006664
205614;11;7;8200831;2018;9;5;3;3;6;2;2;0;1;1;0;0;0;0;799289,4108;5816264,721;13,40147776;52,41454871
205615;11;11;11200411;2018;9;14;7;3;5;3;0;0;1;0;0;0;0;0;805841,8535;5831859,594;13,51182674;52,55069507
205616;11;8;8100209;2018;9;11;5;3;5;3;0;1;1;0;0;0;0;0;801377,4469;5821949,262;13,43721155;52,46435561
205617;11;7;7400720;2018;9;17;1;3;5;3;0;0;1;0;1;0;0;0;797350,6044;5823593,286;13,3795788;52,48129886
205618;11;1;1401049;2018;9;13;7;3;5;2;0;0;1;0;0;0;0;0;795896,6047;5831930,895;13,36564713;52,55682783
205619;11;2;2500727;2018;9;12;4;3;0;5;0;1;0;0;0;0;1;0;802673,1869;5828062,87;13,4617795;52,51843551
205620;11;7;7300619;2018;9;12;7;3;3;6;0;1;1;0;0;0;0;1;795311,6607;5821712,324;13,34797683;52,46554378
205621;11;7;7100206;2018;9;17;1;3;6;4;0;0;1;1;0;0;0;0;796590,4021;5824354,075;13,36909437;52,48853205
205622;11;1;1200517;2018;9;12;7;2;5;3;0;0;1;0;1;0;0;0;793413,294;5828222,438;13,32584734;52,52492711
205623;11;3;3300517;2018;9;17;3;3;4;1;0;0;1;0;0;0;0;0;802691,9802;5833510,245;13,46701902;52,56724894
205624;11;9;9200613;2018;9;11;7;3;2;6;0;0;1;0;0;0;0;0;806872,7723;5821168,677;13,51713163;52,4543014
205625;11;2;2500836;2018;9;16;1;3;4;6;0;1;1;0;0;0;0;0;803317,9599;5825828,377;13,46921683;52,49804995
205626;11;3;3501038;2018;9;20;5;2;0;3;2;1;1;0;0;0;0;0;803401,8921;5831692,646;13,47579937;52,55056325
205627;11;9;9401534;2018;9;12;1;3;2;6;0;0;1;0;0;0;1;0;810854,1244;5820525,6;13,57493663;52,44628893
205628;11;12;12500926;2018;9;9;7;3;5;3;0;0;1;0;0;0;0;1;793837,0212;5835501,45;13,33851909;52,58995058
205629;11;9;9501939;2018;9;15;1;3;2;6;0;1;0;0;0;0;0;0;810783,861;5821278,913;13,57460698;52,45307977
205630;11;12;12601032;2018;9;19;5;2;0;1;1;0;0;0;1;0;0;0;793170,31;5837677,494;13,33063256;52,60981718
205631;11;6;6300528;2018;9;14;1;3;5;3;0;0;1;0;1;0;0;0;790798,2898;5817320,265;13,27790447;52,42858911
205632;11;4;4501042;2018;9;8;7;3;5;3;0;1;1;0;0;0;0;0;793922,9494;5826057,515;13,33142557;52,50524523
205633;11;2;2200213;2018;9;13;1;3;3;6;0;0;1;0;1;0;0;0;800170,442;5824647,774;13,42192713;52,48920801
205634;11;3;3400725;2018;9;12;5;2;5;3;0;1;1;0;0;0;0;0;799996,6671;5835731,041;13,42938198;52,58864637
205635;11;9;9200510;2018;9;11;1;2;0;7;0;1;0;0;0;0;0;0;805594,3944;5822683,64;13,49976413;52,46859547
205636;11;8;8100313;2018;9;2;7;3;1;1;2;0;1;0;0;0;0;0;801925,41;5824540,79;13,44759895;52,48728135
205637;11;1;1100207;2018;9;9;4;3;2;6;0;0;1;0;1;0;0;0;798384,1084;5827469,33;13,39822472;52,51547889
205638;11;2;2300316;2018;9;1;7;3;6;4;2;0;1;1;0;0;0;0;801635,924;5826049,051;13,44471409;52,50096013
205639;11;11;11401034;2018;9;19;1;2;5;3;2;0;1;0;0;0;0;0;807525,5077;5827496,331;13,53254388;52,51064373
205640;11;8;8100104;2018;9;2;7;3;6;7;2;0;1;1;0;0;0;1;800338,7389;5822235,178;13,42222543;52,46749032
205641;11;8;8100520;2018;9;16;3;3;6;4;0;0;1;1;0;0;0;0;803082,6533;5822599,162;13,46282529;52,46923749
205642;11;11;11400931;2018;9;21;7;2;5;2;2;0;1;0;1;0;0;0;805695,4267;5827208,299;13,50539711;52,50909089
205643;11;9;9401534;2018;9;15;1;2;1;1;0;0;1;0;0;0;0;0;811138,8576;5820262,403;13,57886753;52,44376833
205644;11;11;11300721;2018;9;18;5;2;5;2;0;0;1;0;1;0;0;0;806113,1312;5830152,363;13,51424205;52,53524214
205645;11;9;9501737;2018;9;18;1;2;8;1;0;0;0;0;1;0;0;0;815524,3268;5821872,475;13,64469834;52,45568312
205646;11;5;5200631;2018;9;21;7;3;2;6;2;0;1;0;0;0;0;1;784639,5461;5827842,749;13,19655219;52,52617443
205647;11;6;6400844;2018;9;14;1;3;0;1;0;0;0;0;1;0;0;0;790391,0206;5820857,549;13,27500569;52,46051809
205648;11;12;12601235;2018;9;17;4;2;5;2;0;0;1;0;0;0;1;0;795278,883;5836367,862;13,3605138;52,59693631
205649;11;10;10200629;2018;9;20;7;3;5;2;2;0;1;0;0;0;0;0;810958,269;5828192,395;13,58361395;52,5149356
205650;11;5;5200527;2018;9;23;1;3;5;3;2;0;0;0;0;0;1;0;782248,4891;5827617,957;13,16121055;52,52540205
205651;11;4;4200311;2018;9;18;7;2;5;3;0;1;1;0;0;0;0;0;790297,702;5826006,399;13,27811999;52,506728
205652;11;1;1100309;2018;9;19;3;3;0;2;0;1;1;0;0;0;0;0;798185,5659;5828524,347;13,39625328;52,52504432
205653;11;8;8100311;2018;9;17;7;3;6;4;0;0;1;1;0;0;0;0;800563,4955;5824425,224;13,42749788;52,48699696
205654;11;1;1200518;2018;9;1;7;2;8;1;2;0;1;0;0;0;0;0;793537,95;5829090,939;13,32844627;52,53264567
205655;11;4;4300518;2018;9;16;3;3;5;2;0;1;0;0;0;1;0;0;792022,2902;5828894,175;13,3059926;52,53169589
205656;11;2;2100102;2018;9;1;7;2;5;3;2;0;1;0;0;0;0;0;798181,2893;5826512,315;13,39438728;52,5070114
205657;11;7;7400721;2018;9;7;4;3;5;2;0;1;1;0;0;0;0;0;798135,6325;5823963,696;13,39143563;52,48419112
205658;11;11;11300620;2018;9;22;7;3;5;2;2;0;1;0;0;0;0;1;803549,4961;5829752,579;13,47619701;52,53309284
205659;11;12;12200515;2018;9;16;7;3;5;2;0;0;1;0;0;0;0;0;789912,125;5835693,736;13,28091318;52,59378059
205660;11;2;2100103;2018;9;10;3;3;3;6;0;0;1;0;0;0;1;0;798482,8499;5826522,108;13,39882603;52,50693428
205661;11;9;9401534;2018;9;11;6;3;5;7;0;0;1;0;0;0;0;0;811023,3185;5820660,8;13,57754394;52,44740432
205662;11;2;2200213;2018;9;15;7;2;6;7;0;0;1;1;0;0;0;0;800303,7902;5824559,433;13,42380557;52,48834283
205663;11;7;7400823;2018;9;6;5;2;2;2;2;0;1;0;1;1;0;0;797277,9878;5821226,479;13,37640359;52,46012237
205664;11;5;5200420;2018;9;15;7;3;5;3;0;0;1;0;1;0;0;0;783415,4077;5828539,431;13,17915047;52,53305881
205665;11;8;8100103;2018;9;7;6;3;5;3;0;1;1;0;0;0;0;0;800683,1071;5822914,963;13,42789218;52,47339409
205666;11;6;6300528;2018;9;15;7;3;0;1;0;0;0;0;1;0;0;0;790145,1039;5816121,588;13,26728484;52,41818933
205667;11;8;8100314;2018;9;15;4;3;5;2;0;1;1;0;0;0;0;0;800329,7449;5824358,517;13,42400563;52,48652767
205668;11;4;4300517;2018;9;22;6;3;6;4;2;1;0;1;0;0;0;1;791431,0538;5828393,01;13,29686191;52,52751946
205669;11;5;5100104;2018;9;22;7;3;1;1;2;0;1;0;0;0;0;0;785657,1112;5831712,565;13,21483845;52,56033823
205670;11;1;1300733;2018;9;7;6;3;5;3;0;1;1;0;0;0;0;0;797140,9444;5831804,109;13,38383428;52,55501384
205671;11;7;7501134;2018;9;13;3;3;1;5;0;1;1;0;0;0;0;0;799271,1875;5818693,009;13,40338316;52,43632526
205672;11;9;9100101;2018;9;7;6;3;5;7;0;1;1;0;0;0;0;0;802416,1671;5825505,893;13,45568038;52,49565997
205673;11;5;5300735;2018;9;21;7;3;2;6;2;0;1;0;0;0;0;0;786569,4552;5830554,882;13,22726077;52,54947948
205674;11;6;6100205;2018;9;15;6;3;2;6;0;0;1;0;0;0;0;0;795842,2357;5819512,812;13,35381541;52,44553971
205675;11;1;1100310;2018;9;0;6;3;0;1;2;1;0;0;0;0;0;0;799182,8592;5827742,487;13,4102062;52,51748978
205676;11;6;6300528;2018;9;13;7;3;5;2;0;1;1;0;0;0;0;0;789040,1309;5816687,526;13,25157112;52,42384798
205677;11;7;7200409;2018;9;16;3;2;5;3;0;1;1;0;0;0;0;0;795512,176;5824438,328;13,35333555;52,48987203
205678;11;1;1100416;2018;9;7;6;3;4;6;0;1;0;0;0;0;0;0;798302,9045;5829412,56;13,39877463;52,53294176
205679;11;7;7501031;2018;9;19;7;3;5;7;2;0;1;0;1;0;0;0;799275,8113;5820141,153;13,40474794;52,44930346
205680;11;7;7501031;2018;9;14;5;3;5;7;0;1;1;0;0;0;0;0;798256,7887;5820503,342;13,39012126;52,45310696
205681;11;2;2200209;2018;9;18;7;3;0;6;1;0;1;0;1;0;0;0;797749,0954;5824294,587;13,38605579;52,4873681
205682;11;12;12200310;2018;9;22;6;3;2;6;2;0;1;0;0;0;1;1;792318,9;5833922,615;13,31478061;52,57661502
205683;11;11;11400931;2018;9;14;4;2;2;6;0;0;1;0;0;0;1;0;806623,865;5827318,881;13,5191363;52,50956092
205684;11;1;1401049;2018;9;21;6;3;9;1;2;0;1;0;0;0;0;1;795747,615;5831894,493;13,36342344;52,55658245
205685;11;3;3601140;2018;9;17;5;3;5;2;0;1;0;0;0;0;1;0;798412,0284;5831802,077;13,40252519;52,55430068
205686;11;1;1300836;2018;9;13;7;3;6;4;0;0;1;1;0;0;0;0;797186,3098;5831115,098;13,38388472;52,54881295
205687;11;11;11200513;2018;9;20;6;3;5;3;2;0;1;0;1;0;0;1;804291,3791;5830761,277;13,48802416;52,54171969
205688;11;4;4200203;2018;9;15;4;2;0;7;0;1;0;0;0;0;0;1;787916,9794;5827822,168;13,24471156;52,52426891
205689;11;1;1100207;2018;9;20;6;3;5;3;2;0;1;0;1;0;0;1;798482,2103;5826666,33;13,39894595;52,50822738
205690;11;7;7100102;2018;9;17;7;3;5;3;0;1;1;0;0;0;0;0;795109,128;5825316,999;13,34819497;52,49796674
205691;11;9;9200818;2018;9;17;6;3;5;3;1;0;1;0;0;0;0;1;809764,2502;5820698,193;13,55911187;52,44845419
205692;11;5;5300737;2018;9;10;3;3;3;6;0;0;1;0;1;0;0;0;787557,248;5829435,492;13,24081956;52,53892305
205693;11;10;10200422;2018;9;7;6;3;2;6;0;0;1;0;0;0;0;0;812102,2368;5831497,516;13,60351985;52,54389989
205694;11;6;6400737;2018;9;13;7;3;5;3;0;0;1;0;0;0;0;0;785886,7911;5817771,291;13,20625074;52,43522176
205695;11;5;5200632;2018;9;14;6;3;3;6;0;0;1;0;0;0;0;0;785757,8745;5828013,769;13,21313877;52,52712272
205696;11;8;8401246;2018;9;17;5;3;5;3;0;1;0;0;0;0;0;0;806358,6806;5817130,823;13,50588932;52,41840068
205697;11;5;5200629;2018;9;16;7;2;6;4;0;0;1;1;0;0;0;0;784583,2259;5828266,89;13,19608731;52,53000669
205698;11;4;4200311;2018;9;16;3;3;0;2;0;1;0;0;0;1;0;0;790075,7772;5825290,584;13,27423574;52,50042865
205699;11;6;6400841;2018;9;9;6;3;5;3;0;0;1;0;0;0;0;0;789857,8651;5818789,33;13,26538546;52,44225889
205700;11;8;8100102;2018;9;13;7;3;1;5;0;1;1;0;0;0;0;0;800345,4649;5823692,863;13,42363671;52,48055249
205701;11;6;6300634;2018;9;18;5;2;1;1;0;0;1;0;0;0;0;0;791003,504;5817806,837;13,28133765;52,4328422
205702;11;2;2200212;2018;9;16;7;2;0;7;0;0;0;0;1;0;0;0;799506,23;5824517,409;13,41205676;52,48840428
205703;11;9;9300920;2018;9;19;6;3;6;2;2;0;1;1;0;0;0;1;808578,4366;5817501,92;13,53876865;52,42047956
205704;11;10;10300734;2018;9;11;4;3;5;2;0;0;1;0;0;0;0;0;809625,7839;5825728,156;13,56174909;52,49360994
205705;11;10;10300731;2018;9;16;6;2;5;2;0;1;1;0;0;0;0;0;809184,9745;5830215,142;13,55944573;52,53407091
205706;11;7;7300618;2018;9;12;7;2;1;5;0;0;1;0;0;0;0;0;794475,6916;5821901,843;13,33587414;52,46769392
205707;11;2;2100104;2018;9;19;6;2;5;3;2;1;1;0;0;0;0;1;799287,4743;5826212,22;13,41036731;52,50371579
205708;11;4;4200308;2018;9;16;3;3;5;2;0;0;1;0;0;0;0;0;789170,4448;5827539,164;13,26288965;52,52106834
205709;11;4;4400835;2018;9;18;6;3;0;1;0;0;0;0;1;0;0;1;793390,9438;5822122,972;13,32014612;52,47025988
205710;11;4;4501041;2018;9;11;7;3;0;1;0;0;0;0;1;0;0;0;793364,5092;5825686,046;13,32289424;52,50221573
205711;11;12;12400721;2018;9;9;7;3;5;3;0;0;1;0;0;0;0;0;790589,5762;5839725,496;13,29442728;52,62956288
205712;11;7;7400822;2018;9;18;6;3;5;2;1;0;1;0;0;0;0;1;796743,3395;5821975,392;13,36922347;52,46712628
205713;11;4;4100101;2018;9;18;6;3;2;6;2;0;1;0;0;0;1;1;790436,4966;5829041,123;13,28280899;52,53386058
205714;11;8;8300934;2018;9;7;7;3;6;7;0;1;0;1;0;0;0;0;802769,3041;5818416,866;13,45443537;52,43192506
205715;11;2;2300314;2018;9;9;5;3;0;6;0;1;1;0;0;0;0;0;799958,2866;5825960,148;13,41999357;52,50108801