OBJECTID;LAND;BEZ;LOR_ab_2021;UJAHR;UMONAT;USTUNDE;UWOCHENTAG;UKATEGORIE;UART;UTYP1;ULICHTVERH;IstRad;IstPKW;IstFuss;IstKrad;IstGkfz;IstSonstig;USTRZUSTAND;LINREFX;LINREFY;XGCSWGS84;YGCSWGS84
205716;11;1;1100313;2018;9;3;7;3;9;1;2;0;1;0;0;0;0;0;800142,9619;5826618,755;13,42329971;52,50688982
205717;11;11;11300721;2018;9;16;3;2;5;7;0;0;1;0;1;0;0;0;805185,6098;5829454,694;13,49996932;52,5295095
205718;11;12;12200515;2018;9;17;6;3;0;1;0;0;0;0;1;0;0;1;789723,72;5834703,561;13,27727361;52,58500408
205719;11;11;11100102;2018;9;4;7;3;3;6;2;1;0;0;0;0;1;0;807076,9556;5834114,608;13,53207188;52,57020962
205720;11;5;5200423;2018;9;16;5;3;5;3;0;0;1;0;1;0;0;0;781753,6732;5828440,799;13,15463369;52,53303602
205721;11;6;6400844;2018;9;23;6;2;5;3;2;0;1;0;1;0;0;0;792681,356;5821720,046;13,30937621;52,46702837
205722;11;11;11501238;2018;9;17;6;3;2;2;0;0;1;0;0;0;0;1;803849,9026;5826137,462;13,47731071;52,5005243
205723;11;3;3601346;2018;9;8;4;2;0;1;0;0;0;0;1;0;0;0;799349,6917;5830828,408;13,41543638;52,54505874
205724;11;5;5100316;2018;9;17;6;2;6;4;0;0;1;1;0;0;0;1;784758,176;5828816,886;13,19913056;52,53484658
205725;11;4;4300414;2018;9;22;6;2;5;3;2;0;1;0;0;0;0;0;791801,6996;5826846,249;13,30095307;52,51345477
205726;11;4;4500937;2018;9;15;3;3;2;1;0;0;1;0;0;0;0;0;791729,5457;5825169,992;13,29842392;52,49846595
205727;11;6;6200315;2018;9;17;6;3;2;7;0;1;1;0;0;0;0;0;795465,3291;5817838,808;13,34680616;52,43073709
205728;11;1;1401048;2018;9;21;6;2;5;3;2;0;1;0;1;0;0;0;795612,5322;5831719;13,36128044;52,55508267
205729;11;1;1401045;2018;9;10;5;3;2;6;0;0;1;0;0;0;0;0;796726,5481;5831622,7;13,3775778;52,55361364
205730;11;12;12200515;2018;9;19;6;3;5;3;2;0;1;0;0;0;0;0;790048,4851;5834571,386;13,28193796;52,5836461
205731;11;1;1100310;2018;9;17;6;3;2;7;0;1;1;0;0;0;0;1;798641,5489;5828133,959;13,4026039;52,52129547
205732;11;3;3300413;2018;9;19;6;3;5;3;2;1;1;0;0;0;0;0;803440,9949;5838508,013;13,48261352;52,61162476
205733;11;4;4501146;2018;9;16;4;3;5;3;0;0;1;0;0;0;0;0;793294,365;5823932,953;13,3203204;52,48653762
205734;11;5;5300736;2018;9;16;6;3;5;3;0;0;1;0;0;1;0;1;785862,451;5829240,41;13,21573105;52,53806572
205735;11;11;11200410;2018;9;17;6;3;5;3;0;1;1;0;0;0;0;0;805964,2649;5832533,444;13,51424748;52,5566655
205736;11;1;1100313;2018;9;19;5;3;5;2;1;1;0;0;1;0;0;0;800357,7338;5826761,173;13,4265831;52,50804816
205737;11;2;2300316;2018;9;17;6;3;6;4;0;0;1;1;0;0;0;0;800705,3127;5826218,663;13,43119899;52,50299402
205738;11;2;2400624;2018;9;15;6;3;5;3;0;1;1;0;0;0;0;0;801313,004;5827450,055;13,44123936;52,51369597
205739;11;1;1200629;2018;9;17;6;3;2;6;0;0;1;0;0;0;0;0;794930,9546;5827871,069;13,34784107;52,5209585
205740;11;9;9200512;2018;9;12;4;2;2;2;0;0;1;0;1;0;0;0;809410,2297;5821504,122;13,55466589;52,45587726
205741;11;5;5200420;2018;9;15;6;2;3;6;0;0;1;0;1;0;0;0;782678,8856;5828553,559;13,16833325;52,53356799
205742;11;9;9300920;2018;9;17;6;3;5;3;0;0;1;0;0;0;0;0;809024,4732;5816414,913;13,54430327;52,41048611
205743;11;1;1100206;2018;9;15;6;3;5;5;0;1;1;0;0;0;0;0;798031,5547;5827091,815;13,39270653;52,5122877
205744;11;10;10400941;2018;9;15;4;3;5;3;0;1;1;0;0;0;0;0;812399,3603;5824300,624;13,60113205;52,47923732
205745;11;12;12500824;2018;9;15;6;3;5;2;0;0;1;0;0;0;0;0;790689,3942;5835381,432;13,29208146;52,59056595
205746;11;3;3601346;2018;9;16;6;3;2;6;0;1;1;0;0;0;0;0;799400,5718;5831066,182;13,41639878;52,54716204
205747;11;11;11300620;2018;9;15;3;3;5;3;0;1;1;0;0;0;0;0;803967,7276;5829283,248;13,4819147;52,52865333
205748;11;1;1100311;2018;9;21;6;3;0;6;2;0;1;0;1;0;0;0;799616,9871;5827976,822;13,41679601;52,5193519
205749;11;8;8200623;2018;9;18;5;3;5;3;0;1;1;0;0;0;0;0;802552,7593;5821041,057;13,45363601;52,4555658
205750;11;2;2500833;2018;9;19;6;3;5;3;1;1;1;0;0;0;0;0;802671,5006;5827235,422;13,46100208;52,5110201
205751;11;10;10200421;2018;9;14;6;3;5;3;0;1;1;0;0;0;0;0;812116,5281;5830643,447;13,60292766;52,5362383
205752;11;5;5100313;2018;9;16;6;3;6;4;0;0;0;1;0;0;1;0;785390,8568;5830604,547;13,20996877;52,55054355
205753;11;12;12601236;2018;9;15;4;3;5;2;0;0;1;0;0;0;0;0;793852,4875;5836157,322;13,33932862;52,59582164
205754;11;7;7400927;2018;9;15;6;3;5;3;0;0;1;0;0;0;0;0;798634,4199;5820659,692;13,39580178;52,45430228
205755;11;1;1100205;2018;9;11;6;3;6;2;0;0;1;1;0;0;0;0;797585,5302;5826522,103;13,38564412;52,50742442
205756;11;11;11200410;2018;9;14;6;3;2;2;0;0;1;0;1;0;0;0;805218,4495;5832226,198;13,5029981;52,55433035
205757;11;5;5100316;2018;9;13;3;3;0;2;0;0;1;0;1;0;0;0;784956,7328;5828819,826;13,2020525;52,53476916
205758;11;3;3500933;2018;9;15;6;3;5;3;0;0;1;0;0;0;0;0;802176,8242;5832405,878;13,45843589;52,55763683
205759;11;11;11100309;2018;9;10;6;3;5;3;0;0;1;0;0;0;0;0;805296,0996;5833209,57;13,50504439;52,56310012
205760;11;1;1300733;2018;9;7;6;3;5;3;1;0;1;1;1;0;0;0;797150,988;5831889,856;13,38405874;52,55577698
205761;11;9;9501737;2018;9;20;6;1;8;1;2;0;0;0;1;0;0;0;815260,5197;5824463,388;13,64327651;52,47905179
205762;11;2;2100102;2018;9;15;6;3;5;2;0;0;1;0;0;0;0;0;798406,9447;5826432,694;13,39763082;52,50617432
205763;11;9;9100407;2018;9;22;3;3;8;1;2;0;1;0;0;0;0;0;805793,1236;5819542,679;13,49980434;52,44033339
205764;11;2;2300418;2018;9;14;6;3;5;3;0;1;0;0;0;0;1;0;801079,7293;5824970,529;13,43557027;52,49160024
205765;11;7;7601547;2018;9;9;6;2;5;3;0;1;1;0;0;0;0;0;800053,7864;5812707,345;13,40949692;52,38224302
205766;11;1;1100206;2018;9;16;6;3;2;6;0;1;1;0;0;0;0;0;797892,453;5827459,016;13,39099156;52,51565519
205767;11;1;1100206;2018;9;12;6;3;0;1;0;1;0;0;0;0;0;0;797893,0644;5827840,888;13,39134247;52,51907786
205768;11;5;5100316;2018;9;14;6;3;2;6;0;0;1;0;0;1;0;0;785279,3079;5829297,45;13,2072054;52,53888273
205769;11;5;5200524;2018;9;15;3;3;2;6;0;0;1;0;0;0;0;0;779449,0047;5827854,206;13,12025267;52,52896269
205770;11;4;4501042;2018;9;14;6;3;5;2;0;0;1;0;1;1;0;0;794096,2071;5826098,72;13,33400727;52,50552125
205771;11;7;7300517;2018;9;13;6;3;5;3;0;1;1;0;0;0;0;0;794234,732;5822037,868;13,33245722;52,46904314
205772;11;3;3200309;2018;9;15;5;3;5;3;0;0;1;0;0;0;1;0;800135,8181;5837716,454;13,43322937;52,60636513
205773;11;12;12500926;2018;9;13;6;3;2;6;0;0;1;0;0;0;0;0;792929,4255;5835308,637;13,32498948;52,58871166
205774;11;4;4300624;2018;9;14;6;3;5;3;0;1;0;0;0;0;1;0;793248,8852;5826078,199;13,32154111;52,50579337
205775;11;8;8100419;2018;9;22;4;3;5;3;2;0;1;0;0;0;0;0;802290,8536;5823886,167;13,45237095;52,48121171
205776;11;5;5300736;2018;9;14;6;3;1;5;0;1;1;0;0;0;0;0;786796,5861;5829891,675;13,2300286;52,54341389
205777;11;1;1200517;2018;9;13;6;3;2;2;0;0;1;0;0;0;0;0;792584,4038;5828772,516;13,31414861;52,53030383
205778;11;8;8200832;2018;9;13;6;3;2;2;0;1;0;0;0;0;1;0;801747,3178;5817033,659;13,43820086;52,4200916
205779;11;6;6400737;2018;9;10;3;3;2;2;0;0;1;0;1;0;0;1;787136,364;5817205,235;13,22409543;52,42949203
205780;11;2;2400522;2018;9;13;6;3;2;6;0;0;1;0;0;1;0;0;802123,3184;5827734,708;13,45340239;52,51579909
205781;11;9;9100304;2018;9;13;6;3;6;4;0;0;0;1;1;0;0;0;804792,9871;5822355,092;13,48770297;52,46609849
205782;11;1;1401049;2018;9;14;6;2;6;2;0;0;0;1;0;0;1;0;796003,5147;5831415,401;13,36675985;52,55214885
205783;11;4;4300518;2018;9;9;5;3;5;3;0;0;1;0;0;0;0;0;792111,7232;5827724,676;13,30627987;52,52116371
205784;11;6;6300527;2018;9;9;6;3;5;2;0;1;1;0;0;0;0;0;790766,1642;5817688,934;13,27775387;52,43191138
205785;11;11;11300620;2018;9;15;3;2;1;7;0;0;1;0;0;0;0;0;804000,1563;5829610,456;13,48269046;52,53156789
205786;11;5;5200633;2018;9;13;6;3;2;6;0;0;1;0;1;0;0;0;784114,5178;5826569,792;13,18774663;52,5150348
205787;11;11;11401137;2018;9;13;6;3;5;2;0;1;1;0;0;0;0;0;807065,0498;5825810,667;13,52422588;52,49579595
205788;11;6;6300528;2018;9;13;5;2;5;2;0;0;1;0;1;0;0;0;790613,8189;5815215,559;13,27337096;52,40981783
205789;11;1;1200520;2018;9;9;6;3;2;6;0;1;1;0;0;0;0;0;794572,7689;5828565,673;13,34319249;52,52737876
205790;11;4;4501043;2018;9;12;6;3;3;6;0;1;1;0;0;0;0;0;792948,8838;5825315,626;13,31646281;52,49911834
205791;11;12;12601235;2018;9;12;6;3;5;7;0;0;1;0;1;0;0;0;795222,0919;5836357,051;13,35966814;52,59687024
205792;11;10;10100311;2018;9;15;3;3;2;1;0;0;1;0;0;0;0;0;806844,5351;5830354,59;13,52517824;52,53664325
205793;11;1;1100102;2018;9;12;6;2;5;2;0;1;0;0;0;0;1;0;795420,2531;5827461,912;13,35466828;52,51702587
205794;11;1;1100207;2018;9;12;6;3;2;6;0;1;0;0;0;0;0;0;798613,7969;5827010,31;13,40118762;52,51123869
205795;11;6;6400735;2018;9;11;5;3;5;3;0;1;1;0;0;0;0;0;783328,5475;5815963,368;13,16718824;52,42034224
205796;11;12;12200414;2018;9;8;6;3;2;6;0;0;1;0;0;0;0;0;791076,6736;5831108,502;13,29403187;52,55205287
205797;11;6;6100206;2018;9;11;6;3;5;2;0;1;1;0;0;0;0;0;794927,5949;5819447,33;13,34033913;52,44544682
205798;11;2;2200211;2018;9;12;4;3;6;4;0;0;0;1;0;0;1;0;798550,1677;5824234,682;13,39776478;52,48639367
205799;11;12;12200515;2018;9;11;6;3;5;3;0;0;1;0;0;0;0;0;789705,0415;5834697,613;13,27699349;52,58496071
205800;11;7;7501135;2018;9;16;6;3;0;2;0;0;0;0;0;0;1;0;799052,689;5816809,509;13,39849438;52,41956146
205801;11;10;10200421;2018;9;10;6;3;2;2;0;0;1;0;0;0;0;0;812213,3179;5830912,605;13,60460292;52,53859482
205802;11;5;5100315;2018;9;15;3;3;2;6;0;0;1;0;0;0;0;0;784503,6082;5829861,529;13,19628211;52,54434582
205803;11;8;8100311;2018;9;9;6;3;0;3;0;1;1;0;0;0;0;0;800512,7684;5824557,801;13,4268726;52,48821321
205804;11;7;7100205;2018;9;12;6;3;5;3;0;1;1;0;0;0;0;0;796347,0189;5825091,49;13,36617625;52,49527448
205805;11;2;2300315;2018;9;21;5;3;3;6;2;0;1;0;1;0;0;0;800465,9091;5825793,42;13,4272989;52,49931431
205806;11;4;4501045;2018;9;16;6;3;2;6;0;0;1;0;0;0;0;0;794189,7513;5825423,129;13,33478463;52,49941452
205807;11;3;3601245;2018;9;9;6;3;6;4;0;0;0;1;0;1;0;0;800580,494;5831433,79;13,43407977;52,54980727
205808;11;7;7100102;2018;9;12;5;3;0;1;0;1;0;0;0;0;0;0;794984,462;5825083,313;13,34615691;52,4959393
205809;11;11;11200514;2018;9;8;4;3;5;2;0;1;1;0;0;0;0;0;803359,0372;5830082,922;13,47369928;52,53615964
205810;11;4;4500939;2018;10;12;6;3;5;2;0;0;1;0;0;0;0;0;792441,1069;5824104,278;13,30794062;52,48853122
205811;11;8;8100209;2018;10;14;3;3;5;3;0;0;1;0;0;0;0;0;801477,3991;5822067,87;13,43878551;52,46536359
205812;11;2;2100106;2018;10;15;6;3;5;2;0;0;1;0;0;0;0;0;799062,6486;5825597,201;13,40651257;52,49832628
205813;11;8;8100312;2018;10;19;3;3;1;5;2;1;1;0;0;0;0;0;801307,9322;5824549,627;13,43854069;52,48770168
205814;11;9;9200715;2018;10;11;6;1;5;2;0;1;0;0;0;1;0;0;807217,1524;5818310,968;13,51955677;52,42849635
205815;11;6;6200422;2018;10;13;3;3;2;6;0;0;1;0;0;0;0;0;794417,6754;5817373,188;13,33103134;52,42712782
205816;11;11;11501238;2018;10;19;3;3;5;3;2;1;1;0;0;0;0;0;804473,5357;5825743,194;13,48610913;52,49664304
205817;11;1;1100207;2018;10;14;5;3;6;4;0;0;1;1;0;0;0;0;798008,6329;5826788,791;13,39209843;52,509584
205818;11;2;2100106;2018;10;13;3;3;5;3;0;1;1;0;0;0;0;0;798828,8482;5825603,239;13,40308413;52,49850847
205819;11;6;6300525;2018;10;17;5;3;5;3;0;1;1;0;0;0;0;0;789714,6804;5815446,969;13,26038946;52,41236909
205820;11;1;1300733;2018;10;18;3;3;1;5;2;1;1;0;0;0;1;0;797123,2077;5831400,268;13,38321201;52,55140357
205821;11;7;7601546;2018;10;16;5;3;5;3;0;0;1;0;0;0;0;0;799256,5781;5812610,149;13,39773216;52,38180768
205822;11;5;5200528;2018;10;13;3;3;5;2;0;0;1;0;1;0;0;0;783640,149;5825875,791;13,18018332;52,50905914
205823;11;11;11200411;2018;10;16;5;3;2;6;0;0;0;0;1;0;0;0;805859,8052;5831369,91;13,51163968;52,54629633
205824;11;8;8100311;2018;10;12;3;3;5;2;0;0;1;0;0;0;1;0;800766,361;5824341,067;13,43040058;52,48613091
205825;11;3;3701660;2018;10;16;5;3;5;2;0;0;1;0;1;0;0;0;800736,104;5829153,211;13,43430366;52,52928014
205826;11;3;3200205;2018;10;18;3;2;5;3;1;0;1;0;1;0;0;0;798159,0704;5836390,453;13,40293122;52,59556734
205827;11;12;12100101;2018;10;16;5;3;1;5;0;0;1;0;1;0;0;0;796386,6566;5832747,86;13,37358411;52,56388455
205828;11;10;10400940;2018;10;18;3;2;5;2;0;1;1;0;0;0;0;0;812389,078;5824302,056;13,60098248;52,47925603
205829;11;1;1200522;2018;10;17;3;3;6;4;0;0;0;1;0;0;1;0;794466,3055;5828354,087;13,34144031;52,52553955
205830;11;1;1100310;2018;10;15;5;3;5;3;0;1;1;0;0;0;0;0;798946,4164;5828386,91;13,4073112;52,52339575
205831;11;4;4100101;2018;10;12;3;3;5;2;0;0;1;0;0;0;0;0;791670,3186;5830692,298;13,30239705;52,54800414
205832;11;4;4400728;2018;10;15;5;3;5;3;0;0;1;0;0;0;0;0;790127,881;5823850,514;13,27374704;52,48749048
205833;11;9;9200511;2018;10;17;3;2;5;3;0;1;0;0;0;0;0;0;806696,1436;5822033,118;13,51533453;52,46214794
205834;11;8;8200728;2018;10;15;5;3;1;5;0;0;1;0;1;0;0;0;803676,545;5819417,501;13,46864795;52,44039082
205835;11;6;6400841;2018;10;15;5;3;2;6;0;0;1;0;0;0;0;0;789620,2236;5818163,115;13,2613563;52,43677053
205836;11;8;8100419;2018;10;16;3;3;5;2;0;1;1;0;0;0;0;0;802524,4167;5824227,578;13,45610956;52,48414245
205837;11;1;1300733;2018;10;13;5;3;5;2;0;0;1;0;0;0;0;0;797356,3011;5831199,155;13,3864596;52,54947365
205838;11;1;1100205;2018;10;16;3;3;5;3;0;0;1;0;0;0;0;0;797402,2857;5826957,454;13,38334115;52,51142677
205839;11;2;2100106;2018;10;13;5;3;5;3;0;0;0;0;1;0;1;0;799436,9588;5825651,167;13,41205858;52,49860476
205840;11;2;2200207;2018;10;11;3;3;1;5;0;1;1;0;0;0;0;0;796909,379;5825771,918;13,37504202;52,5010682
205841;11;10;10100313;2018;10;9;5;3;2;6;0;0;1;0;1;0;0;0;808463,3107;5831149,334;13,54970728;52,54285182
205842;11;10;10100311;2018;10;16;3;3;6;2;0;0;1;1;0;0;0;0;806709,2216;5829146,091;13,5220745;52,5258887
205843;11;2;2400623;2018;10;10;5;3;2;6;0;0;1;0;1;0;0;0;800560,7131;5827025,047;13,42980311;52,51030155
205844;11;4;4300620;2018;10;9;5;3;0;2;0;1;1;0;0;0;0;0;793146,978;5827763,67;13,32152876;52,52095771
205845;11;9;9200512;2018;10;10;3;2;5;3;0;0;1;0;0;0;1;0;809406,2744;5821504,41;13,55460813;52,45588208
205846;11;5;5100317;2018;10;8;5;3;2;7;0;0;1;0;0;0;0;0;787324,2506;5828087,634;13,23622842;52,52696166
205847;11;10;10300731;2018;10;6;3;3;2;6;2;0;1;0;0;0;0;0;809629,0181;5830271,912;13,56602419;52,5343276
205848;11;1;1300836;2018;10;8;5;3;5;3;0;1;1;0;0;0;0;0;795656,7589;5829913,211;13,36032332;52,53887145
205849;11;3;3400826;2018;10;8;5;3;6;7;0;1;0;1;0;0;1;0;798539,7829;5832661,336;13,40517681;52,56193265
205850;11;6;6400838;2018;10;9;3;2;8;1;0;0;1;0;0;0;0;0;788032,6017;5821621,055;13,24104881;52,4686116
205851;11;8;8100310;2018;10;8;5;2;6;7;0;0;1;1;0;0;0;0;800374,2055;5825114,133;13,42533953;52,49327609
205852;11;6;6200423;2018;10;8;5;3;4;1;0;0;1;0;0;0;0;0;795103,0561;5815679,423;13,3395885;52,41157481
205853;11;11;11400929;2018;10;21;3;3;0;1;2;0;0;0;1;0;0;0;804487,848;5826392,439;13,48691285;52,50245399
205854;11;10;10100206;2018;10;7;5;3;5;2;0;1;1;0;0;0;0;0;810056,1517;5832604,028;13,57447799;52,554984
205855;11;7;7100101;2018;10;18;3;3;0;1;1;0;0;0;1;0;0;0;794976,5049;5824938,863;13,34591213;52,49464871
205856;11;5;5200423;2018;10;6;5;2;5;2;1;0;1;0;0;0;0;0;781982,3394;5828468,482;13,15801936;52,53316598
205857;11;1;1100207;2018;10;9;3;3;5;3;0;1;1;0;0;0;0;0;797890,4811;5826670,858;13,39025711;52,50859141
205858;11;8;8100103;2018;10;4;5;3;5;3;2;0;1;0;0;0;0;0;800617,6441;5823148,68;13,42714194;52,47552501
205859;11;5;5100314;2018;10;9;3;3;6;4;0;0;1;1;0;0;0;0;785184,3009;5829660,398;13,20611993;52,54218661
205860;11;4;4300622;2018;10;9;3;2;5;3;0;0;1;0;1;0;0;0;792920,3213;5826961,134;13,31749113;52,51388508
205861;11;2;2100102;2018;10;8;3;3;5;2;0;1;1;0;0;0;0;0;798183,262;5826500,126;13,39440534;52,50690106
205862;11;6;6400838;2018;10;2;5;3;7;7;2;0;0;0;1;0;0;0;787978,5472;5819704,938;13,2386022;52,4514609
205863;11;7;7601341;2018;10;8;5;3;5;2;0;0;1;0;0;0;1;0;796712,5096;5815823,236;13,36330922;52,41199404
205864;11;1;1200623;2018;10;7;3;3;2;6;0;0;0;0;1;0;1;0;795494,7479;5829561,262;13,35762854;52,5358044
205865;11;5;5100317;2018;10;8;5;3;2;6;0;0;1;0;0;1;1;0;787458,7537;5828074,167;13,23819396;52,52677002
205866;11;5;5200631;2018;10;8;3;3;6;4;0;0;1;1;0;0;0;0;785018,7565;5827629,538;13,20194395;52,52406466
205867;11;8;8401242;2018;10;12;5;3;2;2;0;0;1;0;1;0;0;0;805066,8259;5817095,701;13,48692023;52,41880747
205868;11;6;6300633;2018;10;7;3;3;5;2;1;1;1;0;0;0;0;0;793208,0182;5819520,806;13,31517541;52,44703037
205869;11;8;8100418;2018;10;11;5;3;5;3;0;1;1;0;0;0;0;0;802112,8818;5823649,596;13,44954389;52,47918979
205870;11;2;2200212;2018;10;7;3;3;0;7;0;0;1;0;1;0;0;0;799680,3053;5824491,033;13,41458909;52,48807234
205871;11;6;6100204;2018;10;11;5;3;2;2;0;0;1;0;0;0;0;0;795417,5198;5820121,138;13,34812254;52,45122261
205872;11;1;1200628;2018;10;10;3;3;8;1;0;0;1;0;0;0;0;0;796020,6496;5828137,063;13,36409143;52,52275242
205873;11;1;1200629;2018;10;22;5;3;5;2;2;1;1;0;0;0;0;0;794497,4077;5827803,046;13,34140949;52,52058304
205874;11;4;4501148;2018;10;18;3;3;2;6;1;0;1;0;0;0;0;0;792866,6887;5823215,578;13,31340976;52,48033613
205875;11;2;2200210;2018;10;7;2;3;5;3;1;0;1;0;0;0;1;0;798486,497;5825227,952;13,39771963;52,49533187
205876;11;2;2100102;2018;10;18;5;3;5;3;1;1;1;0;0;0;0;0;798248,402;5826086,082;13,39499136;52,50315408
205877;11;7;7200308;2018;10;9;2;3;4;6;0;1;0;0;0;0;0;0;794969,6283;5823128,802;13,34420922;52,47842641
205878;11;1;2400623;2018;10;18;5;3;5;3;0;1;1;0;0;0;0;0;800271,9173;5827633,01;13,42610907;52,51590997
205879;11;12;12200309;2018;10;19;2;3;5;2;2;0;1;0;0;0;1;0;792866,5316;5832734,733;13,32178995;52,56567182
205880;11;4;4300414;2018;10;17;5;3;5;2;0;1;1;0;0;0;0;0;790946,3572;5826751,539;13,28830154;52,51306264
205881;11;1;1100310;2018;10;17;2;3;3;2;1;1;1;0;0;0;0;0;799341,8552;5827559,686;13,41237792;52,51576399
205882;11;1;1100310;2018;10;17;5;2;5;3;0;1;1;0;0;0;0;0;799517,9189;5828123,132;13,41547205;52,52071776
205883;11;8;8200624;2018;10;17;2;3;6;7;0;1;0;1;0;0;0;0;800884,7429;5820919,424;13,42905277;52,45539631
205884;11;9;9300920;2018;10;17;5;2;5;2;0;1;1;0;0;0;0;0;808159,0395;5816992,372;13,53215165;52,41614921
205885;11;10;10400939;2018;10;17;2;3;5;3;0;1;1;0;0;0;0;0;813197,2638;5827255,155;13,61561956;52,50525601
205886;11;3;3400723;2018;10;16;5;2;1;5;0;0;1;0;1;0;0;0;799337,6255;5833884,438;13,41801526;52,57245773
205887;11;11;11501340;2018;10;16;2;3;2;6;0;0;1;0;0;0;0;0;807270,7135;5824439,002;13,5259811;52,48338715
205888;11;1;1100415;2018;10;16;2;3;0;7;0;1;1;0;0;0;0;0;798177,2473;5829351,999;13,3968733;52,53246767
205889;11;3;3601142;2018;10;10;5;3;5;3;0;1;1;0;0;0;0;0;799177,4026;5831224,202;13,41325983;52,54870105
205890;11;12;12200310;2018;10;16;2;3;2;6;0;0;1;0;0;0;0;0;792163,2914;5833375,044;13,31200834;52,57178983
205891;11;8;8100314;2018;10;10;5;3;5;2;0;1;0;0;0;0;1;0;801011,0798;5823894,039;13,43359;52,48198921
205892;11;9;9200512;2018;10;16;2;2;4;7;0;0;1;0;0;0;0;0;809904,4438;5821725,634;13,56212152;52,45758242
205893;11;11;11200514;2018;10;20;4;2;0;7;2;1;0;0;0;0;0;0;804579,4122;5830043,991;13,49160075;52,53513011
205894;11;2;2300314;2018;10;18;4;3;6;4;2;0;0;1;1;0;0;1;799858,1758;5825839,495;13,41841453;52,50006156
205895;11;8;8401241;2018;10;16;2;3;5;3;0;0;1;0;1;0;0;0;803896,115;5818952,85;13,47144583;52,43610424
205896;11;1;1401045;2018;10;17;4;2;2;6;1;0;1;0;0;0;0;0;796654,0718;5831920,016;13,37677765;52,55631823
205897;11;12;12200309;2018;10;23;2;3;0;3;2;0;1;0;1;0;0;0;792497,3894;5832858,499;13,31646852;52,56697979
205898;11;11;11501238;2018;10;2;4;3;5;7;2;0;1;0;0;0;0;0;804901,8445;5825230,501;13,49192956;52,4918089
205899;11;4;4501153;2018;10;7;4;2;5;3;1;0;1;0;0;0;0;1;793943,5492;5823434,147;13,32941362;52,48171692
205900;11;3;3400721;2018;10;8;4;3;6;4;0;0;0;1;1;0;0;1;797709,4104;5833331,191;13,39356436;52,56839166
205901;11;2;2400521;2018;10;15;2;3;5;5;0;1;1;0;0;0;0;0;800618,231;5828253,792;13,43175823;52,52128344
205902;11;3;3601142;2018;10;17;4;3;6;4;0;0;1;1;0;0;0;0;799137,8938;5830367,72;13,41190757;52,54104571
205903;11;1;1100311;2018;10;20;2;3;5;2;1;1;0;0;0;0;1;0;799583,3828;5828042,773;13,41636163;52,5199615
205904;11;4;4501041;2018;10;16;4;3;0;3;0;0;1;0;1;0;0;0;792839,9669;5825508,06;13,31503212;52,5009019
205905;11;1;1100309;2018;10;15;2;3;0;1;0;1;0;0;0;0;0;0;798652,4812;5828502,528;13,4030955;52,52459318
205906;11;6;6300633;2018;10;15;4;2;6;7;0;0;1;1;0;0;0;1;793252,9;5819168,988;13,3155251;52,44385233
205907;11;4;4501149;2018;10;17;5;3;2;2;0;1;1;0;0;0;0;0;793570,9636;5824276,854;13,32468513;52,48947189
205908;11;3;3601244;2018;10;19;2;3;2;6;1;0;1;0;1;0;0;0;799984,0248;5831082,02;13,42499162;52,54698305
205909;11;1;1300732;2018;10;15;4;3;2;6;0;0;1;0;0;0;0;1;797505,1299;5832674,089;13,38996997;52,56261328
205910;11;6;6400843;2018;10;14;4;3;2;2;0;0;1;0;0;0;0;0;791280,5316;5819860,758;13,28719134;52,45110839
205911;11;1;1100102;2018;10;19;2;2;5;2;2;0;1;0;1;0;0;0;796779,189;5826113,988;13,37343459;52,50420533
205912;11;1;1401045;2018;10;14;4;3;2;6;0;0;1;0;0;0;0;0;797047,2912;5831893,342;13,38253682;52,5558648
205913;11;12;12200309;2018;10;15;5;3;0;3;0;1;1;0;0;0;0;0;793322,2743;5832664,438;13,32843228;52,56479632
205914;11;5;5300737;2018;10;19;2;3;6;7;1;0;1;1;0;0;0;0;787502,9113;5830128,97;13,24062077;52,54516909
205915;11;6;6300526;2018;10;13;4;3;0;2;0;0;0;0;1;0;0;1;789329,9173;5817264,682;13,25632017;52,42886931
205916;11;2;2400623;2018;10;14;2;3;5;2;0;1;1;0;0;0;0;0;800602,5549;5827108,656;13,4304933;52,51102791
205917;11;4;4200311;2018;10;13;5;3;5;3;0;0;1;0;1;0;0;0;789932,7527;5825100,088;13,27196882;52,49879683
205918;11;1;1100415;2018;10;12;4;3;5;2;0;0;1;0;0;0;0;1;798314,6762;5829373,227;13,39891236;52,53258275
205919;11;4;4200310;2018;10;13;5;3;3;6;0;0;1;0;0;1;0;0;789966,1397;5826185,323;13,27340439;52,50850841
205920;11;1;1400938;2018;10;15;2;3;5;2;0;1;1;0;0;0;0;0;793963,8495;5830886,619;13,33629578;52,54851331
205921;11;4;4500937;2018;10;12;5;3;5;2;0;1;0;0;0;0;1;0;791017,1067;5824861,076;13,28768871;52,4960769
205922;11;1;1100101;2018;10;18;2;3;2;6;1;0;1;0;1;0;0;0;794513,972;5826094,432;13,34014077;52,50525746
205923;11;3;3200308;2018;10;12;5;3;5;2;0;1;1;0;0;0;0;0;799054,8846;5837549,178;13,41716373;52,6054615
205924;11;3;3601244;2018;10;11;4;3;2;7;0;0;1;0;0;0;0;1;799972,4039;5831087,45;13,42482566;52,54703812