OBJECTID;LAND;BEZ;LOR_ab_2021;UJAHR;UMONAT;USTUNDE;UWOCHENTAG;UKATEGORIE;UART;UTYP1;ULICHTVERH;IstRad;IstPKW;IstFuss;IstKrad;IstGkfz;IstSonstig;USTRZUSTAND;LINREFX;LINREFY;XGCSWGS84;YGCSWGS84
205925;11;2;2200209;2018;10;16;5;3;0;2;0;1;1;0;0;0;0;0;797472,8723;5824559,274;13,38223603;52,4898913
205926;11;4;4501149;2018;10;14;2;3;2;6;0;0;1;0;0;0;0;0;793458,9039;5824520,637;13,32325415;52,49171756
205927;11;4;4200311;2018;10;11;5;3;3;6;0;0;1;0;0;0;1;0;790424,096;5825979,413;13,27995347;52,5064188
205928;11;12;12100204;2018;10;16;5;3;5;2;0;1;1;0;0;0;0;0;795064,8062;5832482,666;13,35390396;52,56222529
205929;11;2;2400623;2018;10;9;2;3;5;3;0;1;0;0;0;0;0;0;800614,4524;5827116,145;13,43067485;52,51108848
205930;11;9;9200510;2018;10;11;4;3;5;2;0;0;1;0;0;0;0;1;806434,0592;5822979,987;13,51235847;52,47078114
205931;11;4;4501045;2018;10;12;2;3;9;1;0;0;1;1;0;0;0;0;793500,8655;5825110,368;13,32438997;52,49698169
205932;11;1;1100206;2018;10;2;4;3;5;2;2;0;0;0;0;0;1;1;798557,44;5827792,93;13,40106185;52,51828467
205933;11;6;6300631;2018;10;16;5;3;2;2;0;1;1;0;0;0;0;0;791479,7561;5816159,441;13,28688758;52,41781952
205934;11;4;4501045;2018;10;11;2;3;2;7;0;1;1;0;0;0;0;0;793476,0105;5824888,902;13,32382978;52,4950097
205935;11;4;4501147;2018;10;23;3;3;5;7;2;0;1;0;1;0;0;1;792892,1727;5824294,469;13,31473197;52,48999442
205936;11;11;11501340;2018;10;6;2;3;2;2;0;0;1;0;0;0;1;0;807350,5185;5825186,613;13,52784199;52,49004244
205937;11;9;9200715;2018;10;16;5;3;1;5;0;1;1;0;0;0;0;0;808277,564;5818729,455;13,53548958;52,43165045
205938;11;7;7400822;2018;10;21;3;3;6;2;2;0;0;1;0;0;1;1;796876,5168;5820710,058;13,37005277;52,45571137
205939;11;9;9100101;2018;10;15;5;3;5;3;0;1;1;0;0;0;0;0;802336,3353;5825301,343;13,45432239;52,49387082
205940;11;9;9200512;2018;10;11;2;3;5;2;0;1;1;0;0;0;0;0;809419,9166;5821478,217;13,55478399;52,45563962
205941;11;2;2500832;2018;10;20;3;3;0;5;2;1;0;0;0;0;1;1;803602,9329;5827394,976;13,47483036;52,51193256
205942;11;4;4300416;2018;10;15;5;3;3;6;0;1;1;0;0;0;0;0;791430,8831;5826078,418;13,29483186;52,5067695
205943;11;6;6400838;2018;10;11;2;3;5;2;0;1;1;0;0;0;0;0;788152,3109;5818746,929;13,24032577;52,44278017
205944;11;4;4300416;2018;10;23;3;3;6;2;2;0;1;1;0;0;0;1;791995,6717;5825982,465;13,30304554;52,5056073
205945;11;12;12400722;2018;10;8;2;3;5;2;0;0;1;0;0;0;0;0;790783,3741;5837618,003;13,29542932;52,61056607
205946;11;7;7601340;2018;10;16;3;3;0;3;2;0;1;0;1;0;0;1;796536,7396;5815644,316;13,36057408;52,41048539
205947;11;7;7100101;2018;10;15;5;3;2;7;0;0;1;0;1;0;0;0;794557,493;5825767,523;13,34049092;52,50230343
205948;11;1;1300733;2018;10;8;2;3;5;3;0;0;1;0;0;0;0;0;797406,2024;5831554,721;13,38751185;52,55263361
205949;11;4;4200308;2018;10;12;3;3;2;6;0;0;1;0;0;0;0;0;790088,3416;5827345,212;13,27621106;52,51884199
205950;11;8;8100206;2018;10;7;2;3;5;3;0;0;1;0;0;0;0;0;800417,3229;5823872,031;13,42485309;52,48211892
205951;11;10;10400940;2018;10;15;5;3;6;4;0;0;1;1;0;0;0;0;812377,8762;5824064,121;13,6005952;52,47713025
205952;11;7;7601238;2018;10;6;2;3;5;7;2;0;1;0;1;0;0;0;797757,3574;5817230,815;13,37987803;52,42404434
205953;11;3;3601142;2018;10;13;3;3;1;5;0;1;1;0;0;0;0;1;799112,5043;5831096,839;13,41219087;52,54759508
205954;11;1;1100311;2018;10;15;5;3;6;4;0;0;1;1;0;0;0;0;799681,5609;5827573,188;13,41738127;52,51569847
205955;11;4;4300517;2018;10;5;2;3;5;3;2;0;1;0;0;0;0;0;791915,5742;5828208,596;13,30382189;52,525607
205956;11;8;8401241;2018;10;15;5;3;5;2;0;1;0;0;1;0;0;0;803930,404;5819011,369;13,47200189;52,43660969
205957;11;1;1100310;2018;10;13;3;3;0;1;0;0;0;0;1;0;0;1;799570,4682;5828235,498;13,41634543;52,52169608
205958;11;4;4300623;2018;10;14;5;2;6;4;0;0;1;1;0;0;0;0;792115,9499;5826594,871;13,30535004;52,51103301
205959;11;2;2200208;2018;10;4;2;3;5;3;2;0;1;0;0;0;0;0;797937,016;5825274,764;13,38969162;52,49605171
205960;11;3;3601452;2018;10;13;3;3;5;3;0;0;1;0;0;0;0;1;801741,2237;5829169,344;13,44909015;52,52886933
205961;11;8;8401243;2018;10;10;2;1;6;4;0;0;0;1;0;1;0;0;805576,5886;5818540,786;13,49571285;52,43147486
205962;11;4;4100102;2018;10;13;3;3;3;6;0;0;1;0;0;0;0;0;791180,5275;5829185,124;13,29387327;52,53475455
205963;11;2;2500833;2018;10;13;1;3;2;2;0;1;1;0;0;0;0;0;802110,6052;5827355,32;13,45287117;52,51240567
205964;11;9;9200717;2018;10;16;5;3;5;3;0;0;1;0;0;1;0;0;809736,5743;5819249,379;13,55736315;52,43548585
205965;11;6;6100102;2018;10;12;3;3;6;7;0;0;1;1;0;0;0;0;793554,2639;5821117,642;13,32165918;52,46115971
205966;11;5;5100317;2018;10;11;5;3;2;6;0;0;1;0;0;0;1;0;787576,8731;5828026,859;13,23988938;52,52628358
205967;11;12;12200308;2018;10;3;1;3;1;5;2;0;1;0;0;0;0;0;793126,8929;5833205,569;13,32603624;52,56975249
205968;11;5;5300838;2018;10;14;5;3;2;6;0;0;1;0;0;0;0;0;787969,8572;5830545,171;13,24784848;52,54865389
205969;11;9;9301025;2018;10;11;5;3;5;2;0;0;1;0;0;0;0;0;811089,541;5815581,399;13,57379181;52,40184698
205970;11;10;10200417;2018;10;19;1;2;6;4;1;0;1;1;0;0;0;0;811345,9415;5831862,593;13,59274566;52,5476041
205971;11;12;12200412;2018;10;23;3;3;6;2;2;0;1;1;0;0;0;1;790982,3676;5833811,56;13,29501563;52,57633573
205972;11;3;3501038;2018;10;14;5;3;5;2;0;0;1;0;0;0;0;0;803638,8953;5832000,295;13,47956538;52,55318854
205973;11;10;10300734;2018;10;16;1;3;6;4;0;0;1;1;0;0;0;0;809594,3776;5824139,17;13,55981209;52,4793877
205974;11;3;3701657;2018;10;10;5;3;5;3;0;0;1;0;0;0;0;0;800297,722;5830045,059;13,42866653;52,53751568
205975;11;5;5100316;2018;10;11;3;3;2;2;0;0;1;0;0;0;0;0;784798,9084;5828796,883;13,19971232;52,53464595
205976;11;9;9200510;2018;10;9;5;3;3;2;0;0;1;0;0;0;0;0;806245,762;5823199,457;13,50979653;52,4728537
205977;11;7;7100206;2018;10;16;1;2;0;6;0;0;1;0;1;0;0;0;796584,815;5824848,386;13,36945229;52,49296612
205978;11;4;4300623;2018;10;11;3;3;2;6;0;0;1;0;0;0;1;0;792116,7294;5826113,463;13,304939;52,50671687
205979;11;11;11400929;2018;10;11;3;3;5;3;0;1;1;0;0;0;0;0;804998,818;5826570,498;13,49458042;52,50376449
205980;11;4;4300622;2018;10;16;1;3;0;6;0;0;1;0;0;0;0;0;792894,874;5826970,803;13,31712572;52,51398543
205981;11;11;11501238;2018;10;10;3;3;5;7;0;0;1;0;0;0;1;0;804769,438;5825408,433;13,49014816;52,49347757
205982;11;5;5200631;2018;10;16;5;2;2;6;0;0;1;0;0;0;0;0;784776,123;5826942,116;13,19778875;52,51802801
205983;11;2;2200208;2018;10;15;1;3;1;5;0;1;1;0;0;0;0;0;797265,1046;5825110,336;13,37967666;52,49494417
205984;11;1;1300732;2018;10;20;3;3;5;3;2;0;0;0;1;0;1;1;797634,6657;5832825,962;13,39201153;52,56390382
205985;11;2;2400625;2018;10;15;1;3;2;6;0;0;1;0;0;0;0;0;801410,0442;5826753,32;13,44203408;52,50739741
205986;11;11;11501238;2018;10;9;5;3;2;6;0;0;1;0;1;0;0;0;803973,2305;5826073,79;13,47906383;52,49988495
205987;11;8;8200726;2018;10;20;3;3;6;2;2;0;1;1;0;0;0;1;802362,9002;5819912,374;13,44982868;52,44555432
205988;11;7;7501133;2018;10;8;5;3;2;2;0;0;1;0;0;0;1;0;798155,2329;5819054,764;13,3873384;52,44017746
205989;11;7;7200308;2018;10;14;7;3;6;7;0;1;0;1;0;0;0;0;794923,757;5823923,793;13,34423903;52,48557777
205990;11;2;2100104;2018;10;8;5;3;0;6;0;0;0;0;0;0;1;0;798762,2777;5826416,764;13,40283629;52,50583707
205991;11;4;4300619;2018;10;10;3;3;6;7;0;0;1;1;0;0;0;0;792321,9389;5827245,631;13,30894837;52,51675655
205992;11;1;1200626;2018;10;8;5;3;6;7;0;0;1;1;0;0;0;0;795000,3517;5828147,024;13,34910567;52,52339469
205993;11;1;1100206;2018;10;23;7;3;6;2;2;0;1;1;0;0;0;0;797683,7351;5827915,191;13,38833301;52,51985821
205994;11;5;5100316;2018;10;8;3;3;0;2;0;0;0;0;0;0;1;0;784833,3087;5829014,232;13,2004044;52,53657672
205995;11;4;4200311;2018;10;8;3;3;5;2;0;1;1;0;0;0;0;0;790493,1603;5826551,384;13,28146736;52,51150978
205996;11;1;1100308;2018;10;22;7;3;3;6;2;1;0;0;0;0;1;0;797575,3882;5828577,294;13,38733329;52,5258523
205997;11;5;5300737;2018;10;21;3;2;8;1;2;0;1;0;0;0;0;1;788044,2401;5829364,82;13,24791889;52,53803224
205998;11;8;8401241;2018;10;7;5;3;6;4;1;0;0;1;1;0;0;0;804043,626;5819186,877;13,47382195;52,43811982
205999;11;4;4200310;2018;10;7;3;3;2;2;0;1;1;0;0;0;0;0;789638,2713;5826254,713;13,26864736;52,50930468
206000;11;5;5100316;2018;10;16;5;3;0;1;0;0;0;0;1;0;0;0;784975,6543;5828845,264;13,20235252;52,53498734
206001;11;7;7300619;2018;10;21;7;3;1;1;2;0;1;0;0;0;1;0;795091,7791;5821437,031;13,34450613;52,46319475
206002;11;9;9100304;2018;10;20;3;2;5;3;2;0;1;0;1;0;0;1;804668,2578;5822163,638;13,48569781;52,46445211
206003;11;2;2100101;2018;10;20;3;3;6;2;2;0;1;1;0;0;0;1;797595,9349;5825945,752;13,38528181;52,50225243
206004;11;11;11300722;2018;10;6;3;3;5;3;1;0;1;0;0;0;0;0;803856,7281;5828652,674;13,4797073;52,52306359
206005;11;9;9100409;2018;10;15;5;3;0;1;0;0;0;0;1;0;0;0;806799,5471;5818374,637;13,51349238;52,42930131
206006;11;1;1100205;2018;10;19;3;3;5;3;2;1;1;0;0;0;0;1;796940,528;5826780,293;13,37639894;52,51009027
206007;11;6;6100207;2018;10;20;7;3;5;2;2;1;1;0;0;0;0;0;793474,4312;5820157,881;13,3196439;52,45259863
206008;11;7;7200308;2018;10;20;5;3;0;3;2;1;1;0;0;0;0;0;795011,0914;5823759,975;13,34537646;52,48406206
206009;11;3;3400830;2018;10;19;3;3;5;2;1;0;1;0;0;0;0;1;800022,796;5833422,319;13,42767708;52,56793841
206010;11;4;4300416;2018;10;19;5;3;5;2;2;0;1;0;1;0;0;0;791942,7161;5826105,526;13,30237546;52,50673886
206011;11;4;4300416;2018;10;19;7;3;3;6;1;0;1;0;0;0;0;0;791913,1757;5826307,286;13,30211838;52,50856341
206012;11;1;1300733;2018;10;12;5;3;5;3;0;1;0;0;0;0;1;0;797160,4822;5831919,307;13,38422474;52,55603579
206013;11;2;2100102;2018;10;6;3;3;5;3;2;0;1;0;0;0;0;1;798346,9795;5825553,209;13,39596196;52,49832367
206014;11;8;8200624;2018;10;16;4;3;5;3;0;0;1;0;0;0;0;0;801177,8321;5820599,008;13,43306408;52,4523629
206015;11;12;12400618;2018;10;19;7;3;8;2;2;0;1;0;0;0;0;0;787325,0141;5837839,478;13,24468845;52,61439095
206016;11;1;1100313;2018;10;18;3;3;5;3;1;0;1;0;1;0;0;1;799772,6411;5826556,94;13,41780415;52,50653934
206017;11;1;1100309;2018;10;8;7;3;6;4;0;1;0;1;0;0;0;0;798473,222;5828621,574;13,40056797;52,52575843
206018;11;6;6300634;2018;10;14;4;3;6;4;0;0;1;1;0;0;0;0;792427,4763;5818410,559;13,30275172;52,43749514
206019;11;8;8100209;2018;10;17;7;3;1;5;1;1;1;0;0;0;0;0;801386,217;5821914,595;13,43730895;52,46404005
206020;11;2;2300315;2018;10;18;3;3;6;4;1;0;1;1;0;0;0;1;800489,6631;5825778,919;13,4276347;52,49917125
206021;11;4;4501042;2018;10;17;7;3;6;2;0;0;1;1;0;0;0;0;794084,5593;5826105,72;13,33384233;52,50559028
206022;11;5;5200629;2018;10;15;4;2;2;6;0;0;1;0;0;0;0;0;784468,2233;5828750,463;13,19481043;52,53440246
206023;11;1;1300836;2018;10;16;7;3;1;7;0;0;1;0;1;0;0;0;797238,4283;5831203,281;13,38473002;52,54957496
206024;11;12;12200411;2018;10;17;3;3;2;6;1;0;1;0;0;0;0;1;792918,0107;5832171,454;13,32205;52,56059461
206025;11;11;11200411;2018;10;10;7;3;6;7;0;0;1;1;0;0;0;0;804712,342;5831775,425;13,49514262;52,55057371
206026;11;2;2200209;2018;10;9;4;3;5;2;0;1;1;0;0;0;0;0;797101,6907;5824472,478;13,3767079;52,4893154
206027;11;1;1200520;2018;10;17;3;3;5;2;0;1;1;0;0;0;0;1;794554,3032;5829064,71;13,34336323;52,53186226
206028;11;11;11100308;2018;10;16;4;2;0;4;0;0;1;1;0;0;0;0;804526,5364;5833815,334;13,49428254;52,56896018
206029;11;12;12500929;2018;10;9;7;3;1;5;0;0;1;0;0;0;0;0;794209,9175;5838283,436;13,34648024;52,61468722
206030;11;11;11400931;2018;10;15;4;3;5;2;0;1;1;0;0;0;0;0;806465,9092;5826869,657;13,5164026;52,50562363
206031;11;5;5100103;2018;10;17;3;3;5;3;0;1;1;0;0;0;0;1;785246,174;5832264,726;13,20926762;52,56550424
206032;11;3;3601141;2018;10;19;4;3;2;6;2;0;1;0;0;0;0;0;798700,6241;5831792,476;13,40676057;52,55405642
206033;11;1;1100102;2018;10;2;7;3;5;2;2;1;1;0;0;0;0;0;796021,2;5827563,314;13,36358893;52,51760899
206034;11;5;5100316;2018;10;17;3;3;6;4;0;0;1;1;0;0;0;1;784971,6967;5829175,816;13,2025778;52,53795313
206035;11;10;10100316;2018;10;0;7;3;5;3;2;1;1;0;0;0;0;0;810699,9339;5831975,975;13,58335548;52,54898895
206036;11;1;1100309;2018;10;19;4;2;5;7;2;0;1;0;1;0;0;0;798409,2003;5829042,653;13,400005;52,52956787
206037;11;7;7501031;2018;10;11;7;2;5;3;0;0;1;0;0;1;0;0;799459,6631;5820510,752;13,40777656;52,45251575
206038;11;7;7400823;2018;10;17;3;3;2;6;0;0;1;0;1;0;0;1;797258,876;5820967,634;13,37589265;52,45781248
206039;11;2;2500833;2018;10;18;4;3;3;6;1;1;0;0;0;0;1;0;802697,4349;5827237,587;13,46138503;52,51102511
206040;11;4;4300517;2018;10;11;7;2;2;6;0;0;1;0;0;0;0;0;791433,682;5828442,35;13,29694379;52,52796038
206041;11;9;9200512;2018;10;19;4;3;6;6;2;0;1;1;0;0;0;0;809927,5308;5821645,625;13,56238595;52,45685231
206042;11;3;3300516;2018;10;16;3;3;5;2;0;1;0;0;0;0;1;1;800132,0773;5833862,177;13,42968262;52,57182072
206043;11;1;1100308;2018;10;19;4;2;6;4;2;0;1;1;0;0;0;0;797540,1725;5828737,538;13,38695912;52,52730791
206044;11;4;4500936;2018;10;16;7;3;5;3;0;1;1;0;0;0;0;0;792051,5457;5825772,253;13,30368201;52,50369288
206045;11;5;5300736;2018;10;16;3;3;2;6;0;0;1;0;1;0;0;1;786029,6286;5829189,563;13,21814546;52,53752211
206046;11;1;1100309;2018;10;15;7;3;6;4;0;0;0;1;0;0;1;0;798489,5552;5828386,772;13,40059726;52,52364481
206047;11;4;4200207;2018;10;14;3;2;4;1;0;0;1;0;0;0;1;1;785260,7614;5821577,748;13,20031836;52,46967775
206048;11;2;2300419;2018;10;19;4;3;0;7;1;1;1;0;0;0;0;0;801803,6865;5825773,582;13,44692842;52,49839832
206049;11;6;6100206;2018;10;15;7;3;5;2;0;0;1;0;0;0;0;0;794723,2316;5820057,08;13,33787893;52,45102312
206050;11;1;1401045;2018;10;15;3;3;2;6;0;0;1;0;1;0;0;1;796646,0246;5831920,584;13,3766598;52,55632771
206051;11;6;6200422;2018;10;18;4;3;5;3;1;0;1;0;0;0;1;0;794475,1766;5816589,064;13,33118435;52,42006751
206052;11;2;2500834;2018;10;15;7;3;6;4;0;1;0;1;0;0;0;0;801974,9014;5826927,592;13,4504895;52,50864707
206053;11;6;6300526;2018;10;14;3;3;5;2;0;1;1;0;0;0;0;1;789518,2721;5817755,43;13,25950766;52,43316944
206054;11;10;10400837;2018;10;14;7;3;2;6;0;0;1;0;0;0;0;0;810875,6532;5826993,093;13,58128034;52,50423524
206055;11;8;8100418;2018;10;18;4;3;1;5;2;1;1;0;0;0;0;0;801992,8195;5824039,859;13,44813487;52,48275417
206056;11;9;9401534;2018;10;14;7;3;3;6;0;1;0;0;0;0;0;0;811337,5545;5820158,637;13,58168482;52,44272534
206057;11;7;7601341;2018;10;14;3;2;5;2;0;0;1;0;0;0;0;1;797613,3519;5815560,465;13,37628109;52,40914955
206058;11;2;2200211;2018;10;18;4;3;2;6;1;1;0;0;0;0;0;0;798541,6413;5824513,102;13,39788899;52,48889401
206059;11;6;6200316;2018;10;14;7;3;5;2;0;0;1;0;0;0;0;0;796010,5617;5817695,079;13,35467512;52,4291539
206060;11;3;3500933;2018;10;17;4;3;0;1;0;1;0;0;0;0;0;0;802296,9797;5832635,717;13,46041221;52,55963016
206061;11;5;5300737;2018;10;0;3;2;1;5;2;0;1;0;0;1;1;0;787615,9033;5829427,12;13,24167477;52,53881703
206062;11;2;2400625;2018;10;17;4;3;5;2;0;1;1;0;0;0;0;0;801514,7158;5826374,146;13,44322824;52,50394099
206063;11;9;9501737;2018;10;13;7;3;5;3;0;1;0;0;0;0;0;0;814595,3509;5821417,231;13,63064302;52,45213917
206064;11;5;5100316;2018;10;18;3;3;0;1;1;0;1;0;1;0;0;1;785352,892;5829281,82;13,20827399;52,53870407
206065;11;6;6200314;2018;10;16;3;3;0;1;0;0;0;0;1;0;0;1;795177,7007;5817563,777;13,34234509;52,42842685
206066;11;7;7400823;2018;10;13;7;3;2;6;0;0;1;0;0;1;0;0;796884,322;5822315,072;13,37159498;52,47009461
206067;11;11;11200513;2018;10;9;3;3;5;3;0;0;1;0;0;0;0;0;804202,5855;5830669,229;13,48663462;52,54094429
206068;11;8;8100520;2018;10;17;4;3;0;6;0;0;1;0;1;0;0;0;803146,054;5822751,053;13,46389378;52,47056371
206069;11;12;12200412;2018;10;12;7;3;5;2;0;1;1;0;0;0;0;0;791233,164;5834075,732;13,29893823;52,57856981
206070;11;4;4500936;2018;10;13;2;3;6;2;0;0;1;1;0;0;0;0;792090,8044;5825279,784;13,30382679;52,49925698
206071;11;4;4501153;2018;10;11;7;2;2;1;0;0;1;0;0;0;1;0;793911,4607;5823061,486;13,32861396;52,47839345
206072;11;10;10100209;2018;10;17;4;3;2;7;0;0;1;0;1;0;0;0;810011,4823;5832303,62;13,57354073;52,55231734
206073;11;6;6100205;2018;10;16;2;3;0;2;0;1;1;0;0;0;0;1;795778,1921;5819921,444;13,35323765;52,44923747
206074;11;10;10100311;2018;10;17;4;3;2;6;0;0;1;0;0;0;0;0;807715,0954;5829178,281;13,5368843;52,52561042
206075;11;12;12100204;2018;10;17;2;3;5;3;0;1;1;0;0;0;0;0;795077,7402;5832468,472;13,35408159;52,56209105
206076;11;1;1100310;2018;10;20;6;3;5;3;2;1;1;0;0;0;0;0;799124,1773;5827846,055;13,40943709;52,5184503
206077;11;11;11501340;2018;10;16;4;3;2;2;0;1;1;0;0;0;0;0;807993,795;5823864,98;13,53606538;52,47783539
206078;11;4;4501148;2018;10;17;2;3;0;2;0;1;1;0;0;0;0;1;793328,4475;5823399,056;13,32035109;52,48173311
206079;11;1;1300835;2018;10;16;4;3;6;7;0;0;1;1;0;0;0;0;797777,8423;5830230,455;13,39178969;52,54056024
206080;11;10;10400835;2018;10;19;6;3;5;2;2;1;1;0;0;0;0;0;811685,1286;5828600,597;13,59467306;52,51817875
206081;11;8;8401241;2018;10;15;4;3;2;6;0;0;1;0;0;0;1;0;804115,7263;5819328,773;13,47500845;52,43935153
206082;11;8;8100415;2018;10;22;2;3;6;4;2;1;0;1;0;0;0;0;801624,5658;5823760,379;13,44247564;52,48045268
206083;11;4;4200311;2018;10;15;4;3;2;6;0;0;1;0;1;0;1;0;790038,5352;5825238,338;13,27364314;52,49998005
206084;11;7;7601238;2018;10;18;6;3;5;3;2;0;1;0;1;0;0;0;798478,1394;5816784,898;13,39004885;52,4196545
206085;11;3;11300617;2018;10;20;2;3;5;3;2;1;1;0;0;0;0;0;802552,4603;5829317,305;13,4611469;52,52974587
206086;11;11;11401136;2018;10;17;2;2;5;3;0;1;1;0;0;0;0;1;806029,7514;5826502,289;13,50965892;52,50257596
206087;11;3;3400724;2018;10;18;6;3;5;3;0;1;1;0;0;0;0;0;800010,5715;5834507,955;13,42847942;52,57767595
206088;11;4;4200311;2018;10;17;2;2;2;2;0;1;1;0;0;0;0;0;790653,2557;5826707,699;13,28395631;52,51282587
206089;11;2;2300315;2018;10;15;4;3;6;4;0;0;0;1;1;0;0;0;800769,5705;5826090,258;13,43202683;52,50180767
206090;11;1;1200521;2018;10;18;6;3;6;4;1;0;1;1;0;0;0;0;793894,972;5828319,546;13,33301258;52,52553819
206091;11;7;7400720;2018;10;15;2;3;5;2;0;1;1;0;0;0;0;0;797291,4518;5822594,461;13,37781991;52,47237763
206092;11;4;4100102;2018;10;17;6;3;0;2;0;0;1;0;1;0;0;0;791208,5338;5829136,854;13,29424271;52,53430684
206093;11;1;1200623;2018;10;15;4;3;3;6;0;0;1;0;0;0;1;0;795482,998;5829581,36;13,35747368;52,53599094
206094;11;4;4501043;2018;10;22;2;3;5;2;2;0;1;0;1;0;0;0;792547,3201;5824686,702;13,3100118;52,49369561
206095;11;2;2500833;2018;10;15;4;3;5;2;0;1;1;0;0;0;0;0;802988,8135;5826884,408;13,46534395;52,50769786
206096;11;1;3701556;2018;10;23;6;3;6;4;2;0;1;1;0;0;0;0;799514,2549;5828846,706;13,41606986;52,52720549
206097;11;12;12400617;2018;10;22;4;3;5;3;2;0;1;0;0;0;0;0;785500,4;5837385,751;13,21742131;52,61128464
206098;11;6;6100102;2018;10;15;2;3;6;4;0;0;1;1;0;0;0;0;793774,9718;5821131,068;13,32491018;52,46116146
206099;11;8;8300934;2018;10;21;4;2;5;3;2;0;1;0;1;0;0;0;802769,065;5818725,831;13,45471164;52,43469447
206100;11;12;12200414;2018;10;22;6;2;6;4;2;0;1;1;0;0;0;0;791928,8247;5831499,964;13,30690869;52,55510616
206101;11;6;6200312;2018;10;21;6;3;5;3;2;1;1;0;0;0;0;0;794339,9411;5819040,492;13,33135932;52,44211636
206102;11;11;11501339;2018;10;20;4;3;3;6;2;0;1;0;0;1;0;0;807182,8961;5825638,286;13,52579737;52,49418474
206103;11;6;6300527;2018;10;12;4;2;5;3;0;1;1;0;0;0;0;0;790937,5638;5818774,755;13,28121294;52,44155483
206104;11;9;9200510;2018;10;17;6;2;5;2;1;1;1;0;0;0;0;0;806090,2852;5823418,315;13,5077155;52,47490233
206105;11;1;1300733;2018;10;14;2;3;6;7;0;0;1;1;0;0;0;0;797290,2672;5831274,131;13,38555572;52,55018176
206106;11;1;1300733;2018;10;17;6;3;5;7;1;0;0;0;1;0;0;0;797560,3545;5831288,733;13,38954037;52,55016517
206107;11;4;4501042;2018;10;14;2;3;0;4;0;0;0;1;1;0;0;1;794209,669;5825963,115;13,33555429;52,50424446
206108;11;8;8401245;2018;10;14;4;3;6;4;0;0;1;1;0;0;0;0;806781,6215;5815603,291;13,51068923;52,40447336
206109;11;10;10400941;2018;10;15;6;3;5;3;0;1;1;0;0;0;0;0;813201,9398;5825966,984;13,6144769;52,49371
206110;11;12;12200414;2018;10;14;2;3;2;6;0;0;1;0;0;0;0;0;791914,7286;5831521,208;13,30672004;52,55530416
206111;11;1;1300834;2018;10;15;6;3;2;6;0;0;1;0;0;0;0;0;798099,322;5831006,696;13,39721249;52,54734242
206112;11;10;10100210;2018;10;14;4;3;5;3;0;0;0;0;0;0;1;0;807911,2729;5831113,52;13,54155958;52,54284309
206113;11;4;4501042;2018;10;13;2;3;1;5;0;1;1;0;0;0;1;1;794382,1419;5826066,051;13,338179;52,50507419
206114;11;5;5200629;2018;10;13;4;3;5;3;0;0;1;0;1;0;0;0;784290,771;5828709,289;13,19216609;52,53412588
206115;11;5;5400943;2018;10;15;6;3;5;7;0;1;1;0;0;0;0;0;779808,2926;5821945,572;13,12056981;52,47579624
206116;11;1;1200626;2018;10;13;2;3;6;3;0;0;1;1;0;0;0;0;794794,1025;5828309,889;13,34621888;52,52496621
206117;11;5;5100317;2018;10;13;4;3;2;6;0;0;1;0;0;1;0;0;787002,4002;5828154,945;13,23155533;52,52773468
206118;11;8;8401245;2018;10;18;6;3;6;4;0;0;1;1;0;0;0;0;806412,3647;5815531,734;13,50521271;52,40403877
206119;11;10;10200423;2018;10;7;2;3;5;3;0;1;1;0;0;0;0;0;813246,9163;5831084,054;13,61995455;52,53953806
206120;11;2;2400521;2018;10;7;6;3;5;3;0;1;0;0;0;0;1;0;800720,71;5827902,625;13,43294662;52,51807934
206121;11;4;4500937;2018;10;13;4;3;3;6;0;1;1;0;0;0;0;0;791322,531;5825032,718;13,29232508;52,49745272
206122;11;6;6100206;2018;10;15;6;3;0;2;0;1;1;0;0;0;0;0;794885,3437;5819746,751;13,33998357;52,44815376
206123;11;1;1100207;2018;10;17;2;3;5;2;0;1;0;0;1;0;0;1;798547,9066;5826814,073;13,40004357;52,50951576
206124;11;10;10400940;2018;10;12;4;3;5;3;0;0;1;0;1;0;0;0;813011,6171;5826282,833;13,61197946;52,49664952
206125;11;1;1100309;2018;10;16;6;3;6;4;0;1;0;1;0;0;0;0;798680,9635;5828621,213;13,40362068;52,52564143
206126;11;11;11300721;2018;10;17;2;2;0;3;0;0;1;0;0;0;1;0;805201,2039;5828823,179;13,49961887;52,52384087
206127;11;1;1100102;2018;10;16;6;2;5;3;0;0;1;1;0;0;1;0;796445,9271;5826321,734;13,36872403;52,50624874
206128;11;8;8100520;2018;10;12;4;3;5;3;0;1;0;0;0;0;1;0;803194,34;5822726,506;13,46458015;52,4703169
206129;11;2;2500833;2018;10;15;6;3;6;4;0;0;1;1;0;0;0;0;802362,2303;5827088,643;13,45632547;52,50987604
206130;11;2;2300315;2018;10;15;2;3;2;6;0;0;1;0;0;0;0;1;800413,6646;5825812,541;13,42654884;52,49951445
206131;11;10;10400940;2018;10;12;4;3;5;3;0;1;1;0;0;0;0;0;812386,0313;5824308,53;13,60094383;52,47931579
206132;11;10;10200423;2018;10;16;6;3;2;6;0;0;1;0;0;0;0;0;813213,1504;5831574,35;13,61992052;52,54395096
206133;11;9;9200715;2018;10;11;4;3;5;3;0;1;1;0;0;0;0;0;808959,3509;5818270,3;13,54506187;52,42715089