OBJECTID;LAND;BEZ;LOR_ab_2021;UJAHR;UMONAT;USTUNDE;UWOCHENTAG;UKATEGORIE;UART;UTYP1;ULICHTVERH;IstRad;IstPKW;IstFuss;IstKrad;IstGkfz;IstSonstig;USTRZUSTAND;LINREFX;LINREFY;XGCSWGS84;YGCSWGS84
206342;11;3;3400831;2018;10;0;1;3;5;2;2;0;1;0;0;0;0;0;800077,759;5833884,156;13,42890342;52,57204766
206343;11;11;11300722;2018;10;11;4;3;1;5;0;1;1;0;0;0;0;0;803972,1972;5828204,406;13,48099435;52,51898156
206344;11;1;1300836;2018;10;6;4;3;5;2;1;1;1;0;0;0;0;0;796858,0047;5830648,378;13,37864001;52,54480834
206345;11;1;1100310;2018;10;21;1;2;6;4;2;0;1;1;0;0;0;0;799498,019;5828344,449;13,41537892;52,52271245
206346;11;6;6300634;2018;10;11;4;3;5;2;0;0;1;0;0;0;0;0;791901,9561;5818944,79;13,29550949;52,44256527
206347;11;1;1200628;2018;10;18;7;3;6;7;1;0;1;1;0;0;0;0;796229,0415;5828483,523;13,36746257;52,52574492
206348;11;5;5100315;2018;10;21;1;2;6;4;2;0;1;1;0;0;0;0;784597,602;5830222,682;13,19797391;52,54753482
206349;11;5;5100103;2018;10;11;4;3;6;4;0;0;1;1;0;0;0;0;785295,8341;5832411,072;13,21012415;52,56679033
206350;11;1;1401043;2018;10;19;1;3;5;3;2;0;1;0;1;0;0;0;795673,3462;5830932,205;13,36147417;52,54799678
206351;11;6;6200421;2018;10;18;7;3;2;6;2;0;1;0;1;0;0;0;793267,2738;5817066,99;13,31389206;52,42500066
206352;11;5;5200528;2018;10;10;4;3;5;2;0;0;1;0;1;0;0;0;783896,1205;5826616,408;13,18457664;52,5155665
206353;11;7;7100102;2018;10;17;7;2;5;2;0;1;0;0;0;0;1;0;794957,1044;5825673,102;13,34627741;52,50124115
206354;11;10;10200627;2018;10;18;1;3;9;1;1;0;0;0;1;0;0;0;811318,2567;5829885,272;13,59048624;52,52990064
206355;11;3;3200308;2018;10;17;7;3;5;2;0;0;1;0;1;0;0;0;799052,3047;5837551,637;13,41712797;52,60548495
206356;11;3;3300516;2018;10;17;1;3;5;3;0;1;1;0;0;0;0;0;800548,9518;5833675,026;13,43564569;52,56991323
206357;11;1;1100207;2018;10;16;7;3;5;2;0;0;1;0;0;0;1;0;798582,8793;5826875,931;13,40061284;52,51005109
206358;11;4;4200308;2018;10;10;4;2;5;2;0;0;1;0;0;0;1;0;789941,8033;5827381,481;13,27408908;52,51924508
206359;11;4;4200308;2018;10;2;7;3;2;6;2;0;1;0;0;0;0;0;788258,7629;5827801,364;13,24971733;52,5239018
206360;11;7;7400822;2018;10;14;1;3;2;2;0;0;1;0;1;0;0;0;796829,7717;5820814,034;13,36945929;52,45666881
206361;11;1;1401046;2018;10;16;7;2;5;2;0;1;1;0;0;0;0;0;794908,1695;5830225,385;13,34959489;52,54207547
206362;11;6;6100101;2018;10;16;7;3;5;2;0;1;1;0;0;0;0;0;793526,7991;5820643,128;13,32083888;52,45692059
206363;11;2;2200210;2018;10;14;1;3;2;7;0;0;1;0;1;0;0;0;798277,1814;5825307,314;13,39471662;52,49615768
206364;11;1;1300732;2018;10;20;4;3;0;2;2;1;1;0;0;0;0;0;797528,5037;5832707,298;13,39034355;52,56289817
206365;11;2;2300417;2018;10;13;1;3;1;5;0;1;1;0;0;0;0;0;800069,0813;5825614,609;13,42130956;52,49792988
206366;11;4;4501042;2018;10;9;4;3;1;5;0;1;0;0;0;1;0;0;794530,1363;5825966,533;13,34026509;52,5041022
206367;11;9;9200510;2018;10;15;7;3;5;7;0;0;1;0;1;0;0;0;806439,8654;5822972,478;13,51243679;52,47071059
206368;11;2;2300316;2018;10;2;1;3;0;1;2;0;0;0;1;0;0;0;801617,3639;5826025,979;13,4444206;52,50076359
206369;11;4;4100101;2018;10;9;4;3;2;6;0;0;1;0;0;0;0;0;791279,3287;5830714,287;13,29666653;52,54841046
206370;11;1;1401043;2018;10;21;7;3;3;6;2;0;1;0;1;0;0;0;795807,1695;5831078,987;13,36357272;52,54923989
206371;11;4;4501153;2018;10;15;7;3;2;6;0;0;1;0;0;0;0;0;794143,7529;5824098,042;13,33293905;52,4875606
206372;11;1;1100206;2018;10;15;4;3;3;2;0;0;1;0;1;0;0;0;797165,3078;5827698,771;13,38052153;52,51820101
206373;11;4;4300414;2018;10;15;7;3;2;6;0;1;0;0;0;0;0;0;791547,164;5826720,404;13,2971026;52,5124627
206374;11;9;9100409;2018;10;20;7;3;5;3;2;0;1;0;0;0;0;0;805892,7866;5818971,103;13,50074293;52,43515489
206375;11;11;11300721;2018;10;20;4;3;3;6;2;0;1;0;0;0;0;0;804557,2544;5829901,326;13,49114436;52,53386385
206376;11;1;1100101;2018;10;15;7;3;5;3;0;0;1;0;0;0;0;0;795071,6844;5826376,381;13,34858378;52,50748359
206377;11;12;12601236;2018;10;13;7;3;5;2;0;1;1;0;0;0;0;0;793844,4083;5836157,94;13,33921024;52,59583154
206378;11;2;2300419;2018;10;9;4;3;0;7;0;0;1;0;1;0;0;0;801647,2684;5825332,902;13,44423216;52,49453492
206379;11;7;7501029;2018;10;19;7;3;5;7;2;0;1;0;0;0;0;0;797632,1402;5819184,345;13,37978096;52,44162396
206380;11;9;9200716;2018;10;9;4;3;6;7;0;0;1;1;0;0;0;0;809020,5518;5819487,488;13,547084;52,43802475
206381;11;5;5200524;2018;10;15;7;3;5;3;0;0;1;0;0;0;0;0;780054,518;5827695,02;13,12902122;52,52722454
206382;11;6;6100102;2018;10;18;7;3;5;3;2;0;1;0;1;0;0;0;793283,0027;5821103,005;13,31766518;52,46117415
206383;11;2;2500830;2018;10;19;4;3;1;5;2;1;1;0;0;0;0;0;802674,6667;5827365,88;13,46116724;52,51218763
206384;11;2;2300314;2018;10;17;7;3;1;5;1;1;1;0;0;0;1;0;799870,1869;5825871,862;13,41862008;52,50034508
206385;11;2;2500832;2018;10;15;7;3;6;7;0;0;1;1;0;0;0;0;803478,2024;5827490,579;13,47308522;52,51285883
206386;11;8;8401242;2018;10;16;7;3;9;1;0;0;1;0;0;0;0;0;805045,1663;5817567,582;13,48703292;52,42304888
206387;11;12;12200515;2018;10;18;3;3;5;3;1;0;1;0;0;0;0;0;789958,2523;5834870,756;13,28087188;52,58637803
206388;11;10;10400835;2018;10;16;7;2;6;7;0;1;0;1;0;0;0;0;813239,5957;5829400,326;13,61826046;52,52445451
206389;11;6;6100103;2018;10;15;7;3;6;7;0;0;1;1;0;0;0;0;793719,0293;5821204,428;13,3241537;52,46184917
206390;11;2;2500835;2018;10;14;7;3;1;5;0;1;1;0;0;0;0;0;803051,8657;5825853,4;13,4653318;52,49842205
206391;11;1;1401045;2018;10;17;3;3;0;1;2;0;0;0;1;0;0;1;796834,2216;5831942,209;13,37944695;52,556419
206392;11;1;1200522;2018;10;13;7;3;6;2;0;0;1;1;0;0;0;0;794317,5943;5828375,027;13,33927317;52,52580757
206393;11;6;6400736;2018;10;13;7;3;1;1;0;1;1;0;0;0;0;0;787468,5553;5816675,236;13,22851235;52,4245657
206394;11;4;4501152;2018;10;8;3;3;6;4;0;1;0;1;0;0;0;0;794149,2122;5824199,312;13,33310861;52,4884655
206395;11;9;9502043;2018;10;12;7;3;5;2;0;0;1;0;0;0;0;0;811210,2499;5822511,194;13,5820101;52,46388029
206396;11;2;2500726;2018;10;16;3;3;5;2;0;1;1;0;0;0;0;0;801865,7288;5828983,034;13,45075077;52,5271305
206397;11;7;7400823;2018;10;11;7;3;2;6;0;0;1;0;0;0;0;0;796930,9578;5822275,828;13,37224458;52,46971747
206398;11;7;7400822;2018;10;13;7;3;2;6;0;0;1;0;0;0;1;0;796829,608;5820841,413;13,36948123;52,45691433
206399;11;4;4200310;2018;10;8;3;3;5;7;0;1;1;0;0;0;0;0;789652,5333;5826551,054;13,26911482;52,51195387
206400;11;6;6200422;2018;10;12;7;3;4;6;0;1;0;0;0;0;0;0;794317,2688;5817584,764;13,32974508;52,42907854
206401;11;3;3300412;2018;10;12;7;3;2;2;0;0;1;0;1;0;0;0;802085,493;5838888,275;13,46300268;52,615788
206402;11;5;5100317;2018;10;12;7;3;2;6;0;0;1;0;0;0;1;0;787035,2767;5828163,814;13,23204628;52,52779689
206403;11;1;1100310;2018;10;12;7;3;5;3;0;1;0;0;0;0;0;0;799158,564;5827808,203;13,40990832;52,51809215
206404;11;9;9401635;2018;10;2;7;2;9;1;2;0;1;0;0;0;0;0;817544,2428;5816639,811;13,66935695;52,40762672
206405;11;2;2200210;2018;10;19;3;3;3;5;2;0;1;0;0;0;0;0;797854,9902;5824895,635;13,38814797;52,49269803
206406;11;10;10100311;2018;10;11;7;3;2;6;0;0;1;0;0;0;0;0;806622,3478;5830249,803;13,52181596;52,53582919
206407;11;9;9200510;2018;10;19;7;2;0;1;2;0;0;0;1;0;0;0;805730,7997;5822945,169;13,50200556;52,47086311
206408;11;7;7501134;2018;10;11;7;3;5;3;0;0;1;0;1;0;0;0;799447,2652;5817758,064;13,4051283;52,42784831
206409;11;2;2200208;2018;10;17;3;3;5;2;0;1;1;0;0;0;0;0;797833,5346;5824902,022;13,38783859;52,49276699
206410;11;2;2400521;2018;10;11;7;3;1;5;0;0;1;0;0;0;0;0;800434,9591;5828024,343;13,42885795;52,51932782
206411;11;7;7400826;2018;10;16;6;3;2;6;0;0;1;0;0;0;0;0;797352,4277;5820544,228;13,37688838;52,45396617
206412;11;9;9100409;2018;10;23;3;3;0;1;2;0;0;0;1;0;0;0;806078,146;5819145,416;13,50362066;52,43661349
206413;11;2;2500833;2018;10;22;3;3;6;4;2;1;0;1;0;0;0;0;802482,9588;5827047,66;13,45806172;52,50944178
206414;11;1;1100309;2018;10;16;6;3;5;3;0;1;0;0;0;0;0;0;798233,2766;5828933,095;13,39732105;52,5286821
206415;11;2;2300315;2018;10;19;3;3;1;5;2;1;1;0;0;0;0;0;800302,6526;5825828,358;13,42493265;52,49971732
206416;11;8;8100419;2018;10;11;7;2;5;3;0;1;1;0;0;0;0;0;802023,7618;5824295,603;13,44882084;52,48502932
206417;11;8;8100314;2018;10;15;6;3;2;2;0;0;1;0;0;0;0;0;800337,114;5824339,369;13,42409657;52,48635198
206418;11;7;7300517;2018;10;18;3;3;2;6;1;0;1;0;1;0;0;0;794310,3654;5822159,747;13,33367494;52,47009499
206419;11;7;7501029;2018;10;15;6;3;2;6;0;0;1;0;0;0;0;0;797475,2013;5819283,945;13,37756753;52,44260218
206420;11;1;1100102;2018;10;10;7;3;5;3;0;0;1;0;0;0;0;0;796676,764;5826211,163;13,37201659;52,50513211
206421;11;9;9200510;2018;10;18;3;3;5;3;1;1;1;0;0;0;0;0;806282,4789;5822205,037;13,50942261;52,46392075
206422;11;9;9501838;2018;10;10;7;3;5;7;0;0;1;0;1;0;0;0;820125,8955;5819640,57;13,71005111;52,4330102
206423;11;4;4200203;2018;10;15;6;3;5;3;0;1;1;0;0;0;0;0;788007,6702;5827624,818;13,2458737;52,52245168
206424;11;10;10200421;2018;10;10;7;3;5;2;0;0;1;0;0;0;1;0;812205,8843;5830921,353;13,60450189;52,53867747
206425;11;1;1100310;2018;10;17;3;3;3;6;1;0;1;0;0;0;0;0;799565,0528;5828225,84;13,41625715;52,52161249
206426;11;3;3400725;2018;10;10;7;2;5;3;0;1;1;0;0;0;0;0;799236,8126;5835176,805;13,4176987;52,5840971
206427;11;9;9501737;2018;10;15;6;3;3;6;0;1;0;0;0;0;0;0;814298,9943;5821210,497;13,62610176;52,45045709
206428;11;3;3300411;2018;10;17;3;3;5;3;1;1;1;0;0;0;0;0;803734,2172;5839242,094;13,48760475;52,61804014
206429;11;4;4501041;2018;10;17;3;3;5;3;0;0;1;0;0;0;0;0;792843,0797;5825519,914;13,31508827;52,5010065
206430;11;8;8401242;2018;10;15;6;3;5;3;0;0;1;0;0;0;0;0;804809,305;5816762,08;13,48284135;52,41596077
206431;11;3;3300517;2018;10;16;3;3;5;2;0;1;1;0;0;0;0;0;803373,5276;5833513,554;13,47704673;52,56689922
206432;11;1;1401048;2018;10;10;7;3;5;3;0;0;1;0;0;0;0;0;795666,2631;5831544,115;13,36191489;52,55348582
206433;11;1;1200626;2018;10;16;3;3;4;6;0;1;0;0;0;0;0;0;794538,0077;5828226,526;13,34238117;52,52435732
206434;11;3;3400619;2018;10;9;7;3;5;2;0;1;1;0;0;0;0;0;796316,892;5835016,892;13,37458558;52,58426184
206435;11;8;8100311;2018;10;22;6;3;0;3;2;0;1;0;0;0;1;0;800663,1857;5824399,197;13,42893814;52,48670878
206436;11;3;3400618;2018;10;16;3;3;2;6;0;0;1;0;0;0;0;0;796227,2702;5836334,748;13,37444511;52,59612371
206437;11;9;9100408;2018;10;15;3;3;5;2;0;1;1;0;0;0;0;0;806536,8694;5820106,377;13,51122899;52,44496913
206438;11;5;5200526;2018;10;15;3;3;5;2;0;1;1;0;0;0;0;0;781907,1438;5827188,424;13,15582835;52,52172726
206439;11;8;8200726;2018;10;9;7;3;5;2;0;1;1;0;0;0;0;0;801265,8958;5819701,045;13,43354626;52,44426563
206440;11;6;6300524;2018;10;15;3;3;2;7;0;0;1;0;0;0;1;1;787596,6657;5817006,031;13,23067565;52,42746422
206441;11;8;8100521;2018;10;20;6;3;6;2;2;0;1;1;0;0;0;0;803392,2325;5822546,307;13,46732067;52,46859193
206442;11;11;11400929;2018;10;7;7;2;8;1;2;0;1;0;0;0;0;0;804580,0659;5826365,086;13,48824222;52,50215738
206443;11;7;7400720;2018;10;8;3;3;5;3;0;1;1;0;0;0;0;0;796646,4868;5823486,308;13,36914569;52,48072287
206444;11;2;2500835;2018;10;2;7;3;5;2;2;0;1;0;0;0;0;0;803011,9861;5825738,928;13,46464199;52,4974182
206445;11;1;1100415;2018;10;20;6;3;0;6;2;1;1;0;0;0;0;0;797954,4549;5828951,475;13,39323956;52,52899932
206446;11;1;1300731;2018;10;14;7;2;6;4;0;0;1;1;0;0;0;0;796887,2807;5832435,389;13,38066846;52,56081085
206447;11;1;1300836;2018;10;8;3;3;2;6;0;1;1;0;0;0;0;0;796365,121;5830774,065;13,37150517;52,54620333
206448;11;7;7100205;2018;10;14;6;3;6;2;0;0;1;1;0;0;0;0;796037,2548;5825376,037;13,36187966;52,4979933
206449;11;11;11100204;2018;10;18;6;3;5;3;1;1;1;0;0;0;0;0;806518,378;5833546,261;13,52333077;52,56543087
206450;11;2;2500832;2018;10;8;3;3;5;2;0;1;1;0;0;0;0;0;803199,1451;5826826,389;13,46838066;52,507061
206451;11;2;2200208;2018;10;15;6;3;5;3;0;1;1;0;0;0;0;0;797278,9303;5825035,985;13,37981336;52,49427016
206452;11;6;6300634;2018;10;14;6;2;6;4;0;0;1;1;0;0;0;0;792424,7711;5818414,077;13,30271512;52,43752813
206453;11;4;4501041;2018;10;17;6;3;1;5;1;1;0;0;0;0;1;0;792811,7525;5825892,352;13,3149556;52,5043621
206454;11;1;1100207;2018;10;8;3;3;3;6;0;1;0;0;0;0;0;0;798364,4366;5827461,045;13,39792826;52,51541538
206455;11;9;9501939;2018;10;15;6;3;6;7;0;0;0;1;0;0;1;0;810890,2152;5821467,753;13,57634284;52,4547116
206456;11;5;5300840;2018;10;14;6;2;3;6;0;1;1;0;0;0;0;0;787917,0835;5829315,161;13,24600622;52,53765422
206457;11;4;4300620;2018;10;14;6;3;5;2;0;0;1;0;1;0;0;0;793110,3791;5827725,691;13,32095742;52,52063692
206458;11;1;1400937;2018;10;7;3;3;4;6;0;1;0;0;0;0;0;0;793461,7057;5830047,427;13,32817015;52,54126114
206459;11;4;4300413;2018;10;14;6;3;6;4;0;0;1;1;0;0;0;0;790833,0725;5827239,315;13,28706326;52,51749596
206460;11;4;4200309;2018;10;13;6;3;2;6;0;0;1;0;0;0;0;0;789087,7635;5827032,279;13,26123395;52,51656781
206461;11;3;3601449;2018;10;7;3;2;5;2;0;1;1;0;0;0;0;0;801052,7822;5830464,211;13,44014532;52,54085601
206462;11;4;4100101;2018;10;13;6;3;5;3;0;0;1;0;0;0;0;0;793340,051;5829725,083;13,32609688;52,53843701
206463;11;1;1100311;2018;10;18;6;3;5;2;1;1;1;0;0;0;0;0;799985,7863;5827426,315;13,42171872;52,51421475
206464;11;9;9401534;2018;10;13;6;3;5;3;0;1;1;0;0;0;0;0;811636,4822;5820017,531;13,58593701;52,44129056
206465;11;4;4400726;2018;10;16;3;3;2;6;0;0;1;0;0;0;0;0;790753,5251;5824915,114;13,28386421;52,49670184
206466;11;4;4400834;2018;10;13;6;3;0;1;0;1;0;0;0;0;0;0;792728,1953;5823131,436;13,31130239;52,47965608
206467;11;7;7300619;2018;10;14;6;3;0;4;0;0;0;1;0;0;1;0;795048,2749;5821912,659;13,34428816;52,46748196
206468;11;3;3200206;2018;10;6;3;3;2;6;1;0;1;0;0;0;0;0;798463,8056;5834859,404;13,40603753;52,58167669
206469;11;2;2400522;2018;10;18;6;3;1;5;1;1;1;0;0;0;0;0;801768,2873;5827910,924;13,44834608;52,51757507
206470;11;4;4500939;2018;10;12;6;3;5;3;0;0;1;0;1;0;0;0;792522,9697;5824493,841;13,30948482;52,4919797
206471;11;4;4200310;2018;10;13;6;3;2;6;0;0;1;0;1;0;0;0;789282,2574;5826848,33;13,26393228;52,51481553
206472;11;5;5100210;2018;10;16;3;3;2;6;0;0;1;0;1;0;0;0;783806,9793;5830585,071;13,18665541;52,55119652
206473;11;11;11501238;2018;10;12;6;3;6;7;0;0;1;1;0;0;0;0;804608,7887;5825255,357;13,48764927;52,49219528
206474;11;7;7601340;2018;10;13;6;2;0;6;0;0;1;0;1;0;0;0;796620,1228;5815850,604;13,36197915;52,41228944
206475;11;2;2100102;2018;10;12;6;3;2;6;0;0;0;0;1;0;1;0;798329,5364;5825527,742;13,39568296;52,49810492
206476;11;2;2200211;2018;10;16;3;3;5;2;0;1;1;0;0;0;0;0;798400,885;5824560,831;13,39586484;52,48939879
206477;11;1;1400937;2018;10;11;6;3;2;6;0;0;1;0;0;0;0;0;794504,6754;5831576,949;13,34486098;52,55440949
206478;11;4;4300416;2018;10;17;6;3;2;6;1;0;1;0;0;0;0;0;792009,4954;5825952,774;13,30322259;52,50533373
206479;11;5;5100314;2018;10;6;3;3;5;3;2;1;0;0;0;0;1;0;785134,9646;5829611,972;13,20535284;52,54177825
206480;11;1;1200623;2018;10;12;6;3;5;3;0;1;1;0;0;0;0;0;795425,9875;5829544,405;13,35660274;52,53569057
206481;11;1;1200517;2018;10;6;3;3;2;6;2;0;1;0;1;0;0;0;793057,8274;5828948,732;13,32126302;52,53162921
206482;11;11;11100309;2018;10;11;6;3;2;6;0;0;1;0;0;0;0;0;805563,001;5833398,576;13,50914368;52,56464432
206483;11;3;3200310;2018;10;17;6;3;2;6;0;0;1;0;0;0;0;0;799960,6229;5838382,137;13,43125346;52,61242844
206484;11;6;6200314;2018;10;15;3;3;3;5;0;1;1;0;0;0;0;0;794790,5707;5817216,539;13,33636171;52,42552275
206485;11;1;1100310;2018;10;11;6;3;1;5;0;1;1;0;0;0;0;0;798825,7419;5827715,636;13,40493479;52,51744488
206486;11;3;3601346;2018;10;12;6;3;0;4;0;0;0;1;1;0;0;0;799277,2024;5830734,342;13,41428586;52,54425541
206487;11;4;4300622;2018;10;15;3;3;5;2;0;1;0;0;0;0;1;0;793788,6425;5826945,596;13,33023635;52,51327877
206488;11;1;1100310;2018;10;17;6;3;2;6;1;1;1;0;0;0;0;0;799525,4024;5828770,044;13,41616464;52,52651221
206489;11;11;11200411;2018;10;10;6;2;6;4;0;0;1;1;0;0;0;0;805120,0878;5831405,695;13,50079786;52,54703182
206490;11;1;1100416;2018;10;23;6;2;0;1;2;1;0;0;0;0;0;0;798547,2302;5829193,636;13,40216929;52,53084565
206491;11;2;2500834;2018;10;15;3;3;5;3;0;1;1;0;0;0;0;0;801989,5206;5826924,827;13,45070174;52,50861419
206492;11;4;4300623;2018;10;10;6;3;2;7;0;1;1;0;0;0;0;0;792052,7284;5826110,545;13,30399615;52,50672498
206493;11;1;1100312;2018;10;7;6;3;2;6;0;0;1;0;1;0;0;0;799106,269;5827117,184;13,40851875;52,51192685
206494;11;11;11401137;2018;10;10;6;3;5;3;0;1;1;0;0;0;0;0;806543,9522;5825400,29;13,5161965;52,49241096
206495;11;3;3400620;2018;10;15;3;3;1;5;0;1;1;0;0;0;0;0;796814,8083;5834531,432;13,38147831;52,57963887
206496;11;4;4501042;2018;10;9;6;3;6;2;0;0;1;1;0;0;0;0;793835,0778;5825868,567;13,32996791;52,50359874
206497;11;2;2200210;2018;10;8;6;3;5;3;0;0;1;0;1;0;0;1;798849,3928;5825253,315;13,40307193;52,49536064
206498;11;3;3400725;2018;10;15;3;3;5;3;0;1;1;0;0;0;0;0;799023,1201;5835063,674;13,41445202;52,58320055
206499;11;6;6300524;2018;10;15;3;3;5;3;0;0;1;0;1;0;0;1;787531,1498;5817374,813;13,23003182;52,43080508
206500;11;2;2200208;2018;10;8;6;3;5;2;0;1;1;0;0;0;0;0;797913,354;5825279,649;13,38934847;52,49610841
206501;11;6;6100209;2018;10;14;3;3;5;3;0;1;0;0;0;0;0;0;794635,9108;5821304,41;13,33769841;52,46225187
206502;11;7;7601544;2018;10;9;6;2;6;4;0;0;1;1;0;0;0;0;799487,823;5813168,241;13,40161802;52,386684
206503;11;2;2300316;2018;10;9;6;3;6;4;0;0;0;1;0;0;1;0;800735,8267;5826521,678;13,43192087;52,50569321
206504;11;8;8200725;2018;10;15;3;3;2;2;0;0;1;0;0;0;0;0;800004,7766;5819105,823;13,41451273;52,43962368
206505;11;4;4500936;2018;10;10;6;2;2;6;0;0;1;0;0;0;0;0;792211,7217;5825349,586;13,30566423;52,499818
206506;11;2;2400625;2018;10;8;6;3;5;2;0;1;0;0;0;0;1;0;801515,1649;5826373,923;13,44323464;52,50393874
206507;11;12;12100204;2018;10;13;3;3;5;3;0;0;1;0;1;0;0;0;795715,3675;5832848,194;13,36379903;52,56514895
206508;11;1;1100205;2018;10;17;6;3;3;6;1;1;0;0;0;0;0;0;796978,0171;5827308,57;13,37742114;52,5148053
206509;11;8;8401243;2018;10;13;3;2;5;3;0;0;1;0;0;1;0;0;806913,6193;5817772,683;13,51461257;52,42384239
206510;11;3;3200207;2018;10;10;6;3;6;4;0;0;1;1;0;0;0;0;798574,1531;5835229,051;13,4079943;52,58492946
206511;11;3;3400723;2018;10;8;6;3;5;7;0;0;1;0;1;0;0;0;799375,5971;5833898,442;13,41858653;52,57256237
206512;11;5;5300736;2018;10;12;3;3;2;6;0;0;1;0;0;1;0;0;786755,849;5829291,519;13,22891152;52,53805456
206513;11;12;12601236;2018;10;7;6;3;5;2;0;0;1;0;0;0;0;0;793852,137;5836158,832;13,3393248;52,59583536
206514;11;6;6200317;2018;10;10;6;3;5;3;0;0;1;0;0;0;0;0;796789,7772;5817859,584;13,36624823;52,4302064
206515;11;3;3601142;2018;10;22;6;3;5;3;2;1;1;0;0;0;0;0;799177,8784;5830743,487;13,4128338;52,54439193
206516;11;6;6200314;2018;10;11;3;3;2;6;0;0;1;0;0;0;1;0;795087,3059;5818165,561;13,3415505;52,4338703
206517;11;3;3500932;2018;10;22;6;3;5;3;2;0;1;0;1;0;0;0;801978,6992;5832657,886;13,45575158;52,56000545
206518;11;1;1100416;2018;10;11;6;2;5;3;0;1;1;0;0;0;0;0;798672,4801;5829459,768;13,40424933;52,53316253
206519;11;8;8401242;2018;10;10;3;3;5;3;0;0;0;0;1;0;1;0;804809,6952;5816248,044;13,48237899;52,41135336
206520;11;4;4501146;2018;10;10;3;3;5;2;0;1;1;0;0;0;0;0;793300,6962;5823601,707;13,3201219;52,48356472
206521;11;1;1401045;2018;10;11;6;3;2;6;0;0;1;0;0;0;0;0;796657,3704;5831704,447;13,37663351;52,5543841
206522;11;8;8100209;2018;10;9;3;3;5;3;0;1;1;0;0;0;0;0;801377,0866;5821950,686;13,43720755;52,46436857
206523;11;3;3400828;2018;10;21;6;3;5;3;2;1;1;0;0;0;0;0;800056,0937;5832600,54;13,4274237;52,56055426
206524;11;8;8100312;2018;10;11;6;3;0;4;0;0;0;1;0;0;1;0;801460,309;5823877,57;13,44017024;52,48159378
206525;11;2;2100104;2018;10;9;3;3;5;2;0;1;1;0;0;0;0;0;799218,123;5825991,973;13,40915071;52,50177963
206526;11;2;2200211;2018;10;11;6;3;5;2;0;1;0;0;0;0;1;0;798153,658;5824670,305;13,39233242;52,49051517
206527;11;12;12100102;2018;10;20;6;2;2;6;2;1;1;0;0;0;0;0;796509,7691;5833559,626;13,37612065;52,57109407
206528;11;6;6300634;2018;10;9;3;3;5;3;0;1;1;0;0;0;0;0;792108,6411;5818553,323;13,29819952;52,43894541
206529;11;8;8100312;2018;10;20;6;3;1;5;2;1;1;0;0;0;0;0;801504,3162;5823956,042;13,44088727;52,48227285
206530;11;1;1100206;2018;10;7;6;3;2;2;0;0;1;0;0;0;0;0;797190,572;5827518,22;13,38073148;52,5165688
206531;11;11;11300620;2018;10;7;6;3;5;3;0;0;1;0;0;0;0;0;804243,5855;5828780,426;13,48550856;52,52399287
206532;11;9;9501737;2018;10;8;3;3;0;7;0;0;1;0;0;0;0;0;814341,025;5823283,533;13,62867008;52,46900924
206533;11;12;12100205;2018;10;7;6;2;0;2;0;1;1;0;0;0;0;0;794465,0356;5832953,978;13,34549991;52,56677494
206534;11;1;1200517;2018;10;7;6;3;5;2;0;1;1;0;0;0;0;0;793370,6254;5829575,967;13,32641473;52,53708379
206535;11;10;10100311;2018;10;6;6;2;6;4;1;0;0;1;0;0;1;0;807142,3048;5828098,956;13,52747129;52,5162604
206536;11;1;1100313;2018;10;7;6;3;5;2;0;1;1;0;0;0;0;0;799809,9172;5826990,812;13,41874249;52,51040784
206537;11;1;1100311;2018;10;15;6;3;5;2;0;1;1;0;0;0;0;0;799987,8942;5827425,315;13,42174878;52,51420462
206538;11;11;11501238;2018;10;6;6;3;6;4;2;0;0;1;0;1;0;0;803796,649;5826187,428;13,47657418;52,50100179
206539;11;4;4501042;2018;10;9;3;3;6;7;0;0;1;1;0;0;0;0;793815,3796;5825860,216;13,32967117;52,50353448
206540;11;12;12200515;2018;10;6;6;2;0;3;2;0;1;0;1;0;0;0;789960,9476;5835548,809;13,28150504;52,59245531
206541;11;3;3300516;2018;10;8;3;3;5;3;0;0;1;0;1;0;0;0;801049,4676;5833851,561;13,44316865;52,57121895
206542;11;12;12400721;2018;10;16;6;2;5;3;0;0;1;0;1;0;0;0;791121,1998;5841060,438;13,303436;52,64124546
206543;11;3;3500934;2018;10;6;6;3;5;3;2;0;1;0;0;0;1;0;800196,1818;5832136,863;13,42906464;52,55632101
206544;11;2;2300315;2018;10;13;3;3;0;3;0;0;1;0;1;0;0;0;800671,4714;5825819,593;13,43034161;52,49943568
206545;11;1;1100309;2018;10;3;6;3;0;1;2;1;0;0;0;0;0;0;797942,088;5828446,556;13,39260537;52,52448013
206546;11;8;8100209;2018;10;6;6;3;2;1;1;0;1;0;1;0;0;0;801143,8548;5822050,321;13,43387473;52,46539022
206547;11;7;7601339;2018;10;8;3;3;6;2;0;0;1;1;0;0;0;0;795802,5037;5816035,159;13,35015632;52,41438628
206548;11;4;4200309;2018;10;16;6;3;2;6;0;0;1;0;0;0;0;0;788946,7853;5827096,978;13,25921832;52,51722257
206549;11;1;1300834;2018;10;0;6;3;5;3;2;0;1;0;0;0;0;0;797816,5446;5830448,52;13,39255415;52,54249376
206550;11;4;4501044;2018;10;11;2;3;5;2;0;1;1;0;0;0;0;0;793195,2775;5824562,658;13,31941936;52,49223593