OBJECTID;LAND;BEZ;LOR_ab_2021;UJAHR;UMONAT;USTUNDE;UWOCHENTAG;UKATEGORIE;UART;UTYP1;ULICHTVERH;IstRad;IstPKW;IstFuss;IstKrad;IstGkfz;IstSonstig;USTRZUSTAND;LINREFX;LINREFY;XGCSWGS84;YGCSWGS84
206759;11;7;7601236;2018;11;6;2;3;5;3;2;1;1;0;0;0;0;0;797231,2503;5817338,208;13,37225914;52,42529305
206760;11;8;8401139;2018;10;16;3;3;5;3;0;0;1;0;0;0;0;1;803300,1077;5818518,26;13,462311;52,43253982
206761;11;2;2300314;2018;11;23;2;3;1;5;2;1;1;0;0;0;0;0;799918,2005;5826002,174;13,41944264;52,50148674
206762;11;5;5300736;2018;10;13;5;3;5;2;0;1;1;0;0;0;0;1;786253,4108;5829129,419;13,22138408;52,53686537
206763;11;10;10100103;2018;10;16;3;3;5;3;1;0;1;0;1;0;0;0;809134,5322;5833828,91;13,56206858;52,56648476
206764;11;7;7400826;2018;10;15;3;3;1;5;0;0;1;0;0;0;0;0;796441,7781;5819787,893;13,36285502;52,44768087
206765;11;3;3601450;2018;10;13;5;3;2;6;0;0;1;0;0;0;0;1;802348,7705;5829231,954;13,45807575;52,52909388
206766;11;8;8100312;2018;10;15;3;3;5;2;0;1;1;0;0;0;0;1;801559,55;5824033,807;13,4417685;52,48293937
206767;11;11;11501238;2018;11;20;2;3;6;4;2;1;0;1;0;0;0;0;803337,3535;5826308,532;13,46993897;52,50234272
206768;11;4;4300518;2018;10;12;5;3;5;2;0;1;0;0;0;0;1;1;792311,4441;5828248,046;13,3096751;52,52574855
206769;11;8;8100208;2018;10;15;3;3;1;5;0;1;1;0;0;0;0;1;801090,6231;5822356,969;13,43337021;52,46816814
206770;11;12;12500926;2018;10;12;5;3;0;4;0;0;0;1;1;0;0;1;793522,7098;5836114,523;13,33443601;52,59561606
206771;11;1;1100104;2018;11;15;2;3;6;7;0;0;1;1;0;0;0;0;796081,114;5825575,058;13,36270078;52,49975355
206772;11;1;1200628;2018;10;14;3;3;2;6;0;0;1;0;0;0;0;0;795960,5803;5828340,729;13,36338989;52,52461071
206773;11;1;1100416;2018;11;19;2;3;1;5;2;1;0;0;0;0;1;0;798735,2242;5829988,831;13,40564715;52,53787043
206774;11;10;10100311;2018;10;12;5;2;3;6;0;1;1;0;0;0;0;1;807159,7557;5829120,09;13,52867056;52,52540205
206775;11;1;1300836;2018;11;18;2;3;2;6;1;0;1;0;0;0;0;0;796461,8236;5829949,81;13,37219148;52,53876214
206776;11;4;4300622;2018;10;11;5;3;6;2;0;0;1;1;0;0;0;1;793684,1566;5826066,533;13,32792544;52,50545467
206777;11;4;4300624;2018;11;9;2;3;3;6;0;0;1;0;0;0;0;0;792971,606;5826014,451;13,31741142;52,50537086
206778;11;10;10200629;2018;10;14;3;3;6;4;0;0;1;1;0;0;0;0;811035,0461;5829168,941;13,58565473;52,52364301
206779;11;1;1100311;2018;11;9;2;3;3;6;0;1;1;0;0;0;0;0;799696,0133;5827861,62;13,41785343;52,51827586
206780;11;1;1100206;2018;10;10;5;3;6;4;0;0;1;1;0;0;0;1;797824,3056;5827052,304;13,38962625;52,51204673
206781;11;4;4501041;2018;11;9;2;3;1;5;0;1;1;0;0;0;0;0;793129,6227;5825436,957;13,31922448;52,50010896
206782;11;8;8100415;2018;11;9;2;3;2;6;0;0;1;0;0;0;0;0;801661,2822;5823751,708;13,44300681;52,48035468
206783;11;1;1401045;2018;10;12;5;3;3;6;0;0;1;0;0;1;0;1;797030,0737;5831894,563;13,3822847;52,55588513
206784;11;9;9200716;2018;10;14;3;3;2;2;0;0;1;0;0;0;0;0;809084,9706;5819474,822;13,54801693;52,43787484
206785;11;2;2500833;2018;10;12;5;3;0;1;0;1;0;0;0;0;0;1;802789,1976;5826949,856;13,4624713;52,50839529
206786;11;2;2200209;2018;10;13;3;3;1;5;0;1;1;0;0;0;0;0;797117,7419;5824092,294;13,37660468;52,48589871
206787;11;5;5100317;2018;11;10;2;3;2;5;0;0;1;0;0;0;0;0;787795,3299;5828224,951;13,24327206;52,52794429
206788;11;7;7300517;2018;10;11;5;3;5;7;0;0;1;0;1;0;0;1;794565,5605;5822580,413;13,33779242;52,47372849
206789;11;3;3300516;2018;10;13;3;3;5;1;0;0;0;0;0;0;1;0;800647,968;5834077,779;13,43746737;52,57346847
206790;11;4;4501153;2018;10;8;5;3;5;7;0;0;1;0;1;0;0;1;794182,4082;5823750,669;13,3332001;52,48442576
206791;11;3;3601245;2018;11;11;2;3;1;7;0;1;1;0;0;0;0;0;800815,9382;5830898,101;13,43705646;52,54487584
206792;11;3;3200207;2018;10;13;3;3;5;2;0;0;0;0;0;1;1;0;800127,7916;5836221,293;13,43175588;52,59296825
206793;11;10;10400835;2018;11;11;2;3;5;3;0;0;1;0;0;0;0;0;812422,7083;5829359,773;13,60622091;52,52455979
206794;11;12;12500930;2018;10;8;5;3;5;2;0;0;1;0;0;1;0;1;792353,6654;5834071,66;13,31542362;52,57793247
206795;11;6;6200313;2018;10;13;3;3;2;6;0;0;1;0;0;0;0;0;795738,4155;5818889,309;13,35174048;52,44000659
206796;11;1;1100309;2018;11;12;2;3;5;7;0;0;1;0;0;0;0;0;797645,3691;5828758,437;13,38852392;52,52743782
206797;11;1;1200522;2018;10;8;5;3;5;2;0;1;1;0;0;0;0;1;794139,1485;5828274,167;13,33656123;52,52499972
206798;11;10;10400940;2018;10;13;3;3;5;2;0;1;1;0;0;0;0;0;812947,4641;5826137,45;13,61090097;52,49538351
206799;11;3;3400619;2018;10;8;5;3;5;2;0;1;0;0;0;0;1;1;796044,5817;5835726,686;13,37121235;52,5907726
206800;11;12;12200412;2018;10;12;3;3;5;3;0;0;1;0;0;0;0;0;791740,8797;5833983,59;13,30632862;52,57747183
206801;11;3;3601245;2018;11;14;2;3;6;4;0;0;1;1;0;0;0;0;800165,4287;5830966,779;13,42755463;52,54585019
206802;11;5;5300840;2018;10;8;5;2;5;7;0;0;1;0;1;0;0;0;789357,0031;5828847,048;13,26676976;52,53269484
206803;11;11;3601450;2018;10;12;3;3;5;7;0;0;1;0;0;0;1;0;802523,1849;5829304,355;13,46070487;52,52964605
206804;11;4;4300619;2018;10;8;5;3;0;3;0;1;1;0;0;0;0;1;792631,5243;5827088,004;13,3133591;52,51517745
206805;11;7;6200423;2018;11;14;2;3;8;1;0;0;1;0;0;0;0;0;795451,06;5816108,321;13,34506862;52,41523195
206806;11;4;4200308;2018;10;8;5;2;2;2;0;0;1;0;0;0;1;1;790239,855;5828086,821;13,27908494;52,52540996
206807;11;1;1200623;2018;10;12;3;3;5;3;0;0;1;0;0;0;0;0;795090,8255;5828857,187;13,35106556;52,52971179
206808;11;1;1401048;2018;11;15;2;2;5;3;0;1;0;0;0;0;0;0;795187,8717;5831357,949;13,35471392;52,55207649
206809;11;3;3300517;2018;10;8;5;3;4;1;0;0;1;0;0;0;0;1;803177,7044;5835428,849;13,47591774;52,58417442
206810;11;8;8100312;2018;11;16;2;3;0;3;1;0;1;0;0;0;1;0;801705,9466;5824250,919;13,44411427;52,48480451
206811;11;4;4501042;2018;10;11;3;3;5;7;0;0;1;0;1;0;0;0;793973,0143;5825793,497;13,33192796;52,50285148
206812;11;6;6200312;2018;11;18;2;3;0;2;2;0;0;0;0;0;1;0;795052,127;5819045,092;13,34181092;52,4417738
206813;11;1;1401047;2018;10;7;5;3;5;2;0;1;1;0;0;0;0;1;795356,4847;5830374,937;13,3563193;52,54317325
206814;11;9;9100203;2018;10;11;3;3;1;5;0;0;1;0;0;0;1;0;804474,5435;5823787,321;13,48433713;52,47911266
206815;11;10;10100315;2018;10;6;5;3;6;2;1;0;1;1;0;0;0;1;809827,4955;5830992,887;13,56961314;52,54067586
206816;11;9;9100407;2018;10;10;3;3;3;6;0;1;0;0;0;1;0;0;806362,6699;5821018,539;13,50951053;52,45324193
206817;11;10;10400940;2018;10;6;5;3;0;3;1;0;1;0;1;0;0;1;812386,0116;5824305,255;13,60094047;52,47928645
206818;11;7;7601238;2018;11;17;2;2;6;4;2;0;1;1;0;0;0;0;798105,6214;5817025,476;13,38480159;52,42201408
206819;11;12;12100204;2018;10;10;3;3;3;6;0;0;1;0;0;0;1;0;795058,7332;5832467,427;13,35380108;52,56209198
206820;11;7;7200307;2018;11;17;2;3;2;6;2;0;1;0;0;0;0;0;794942,0296;5824378,879;13,34491009;52,48964745
206821;11;5;5100208;2018;10;6;5;3;5;2;2;0;1;0;0;0;0;1;781547,29;5830701,787;13,15351557;52,55341583
206822;11;7;7601236;2018;11;17;2;3;2;6;2;0;1;0;0;0;0;0;796603,0232;5816070,383;13,36192322;52,41426886
206823;11;1;1100309;2018;11;17;2;3;3;2;2;0;1;0;1;0;0;0;798502,0736;5829061,103;13,40138658;52,5296824
206824;11;3;3200206;2018;10;5;5;3;5;2;2;1;1;0;0;0;0;1;798343,935;5834830,5;13,40424762;52,58148335
206825;11;6;6300632;2018;10;10;3;3;5;3;0;1;0;0;0;1;0;0;791635,9092;5816259,487;13,28926439;52,41863326
206826;11;6;6400842;2018;11;9;2;3;5;7;0;0;1;0;0;0;0;0;790123,583;5819660,883;13,27004071;52,4499317
206827;11;3;3300517;2018;10;10;5;3;0;1;0;0;0;0;1;0;0;1;802230,3997;5833774,087;13,46047004;52,56987015
206828;11;2;2100105;2018;11;8;2;3;5;3;0;0;1;0;0;0;0;0;799560,3307;5825860,544;13,41405887;52,50041381
206829;11;10;10200421;2018;10;10;3;3;2;6;0;0;1;0;0;0;1;0;812227,1419;5830722,842;13,6046278;52,53688641
206830;11;6;6200317;2018;11;7;2;2;6;4;0;0;1;1;0;0;0;0;796254,6887;5817010,163;13,35764862;52,42288198
206831;11;1;1100312;2018;10;18;4;3;1;5;0;1;1;0;0;0;0;0;799177,5179;5827041,384;13,40949737;52,51120835
206832;11;9;9100408;2018;10;9;3;3;5;3;0;1;1;0;0;0;0;0;806565,5057;5820150,026;13,51168905;52,44534428
206833;11;6;6100205;2018;10;9;3;3;2;6;0;0;1;0;0;0;0;0;796061,3984;5819498,396;13,35701786;52,44529186
206834;11;4;4501041;2018;10;10;4;3;5;2;0;1;1;0;0;0;0;0;793134,0862;5825609,133;13,3194416;52,50165006
206835;11;3;3100102;2018;10;7;3;3;5;3;0;1;0;0;1;0;0;0;804411,5766;5841174,284;13,49935831;52,63497795
206836;11;12;12400723;2018;11;6;2;3;6;7;0;1;1;1;0;0;0;0;792250,5885;5839442,438;13,31864834;52,62613426
206837;11;5;5100316;2018;10;16;4;3;1;5;0;0;1;0;0;0;0;0;784116,9611;5829181,34;13,19001413;52,53844896
206838;11;1;1400942;2018;10;9;3;2;2;6;0;0;0;0;1;1;0;0;794502,4429;5830692,855;13,34404401;52,54648544
206839;11;8;8100209;2018;10;9;4;3;5;3;0;0;1;0;1;0;0;0;801353,1191;5822048,047;13,43694374;52,46525447
206840;11;12;12200515;2018;11;16;2;3;6;2;0;0;1;1;0;0;0;0;790372,2495;5834885,678;13,28697852;52,58629099
206841;11;1;1100310;2018;10;8;3;3;0;5;0;1;0;0;0;0;1;1;799582,2153;5828468,853;13,41672824;52,52378128
206842;11;1;1100416;2018;11;7;2;3;3;6;0;0;1;0;0;1;0;0;798159,3388;5829845,723;13,39705299;52,53690304
206843;11;7;7100102;2018;10;10;4;2;6;2;0;0;1;1;0;0;0;0;795199,1599;5825605,639;13,34977321;52,50050549
206844;11;8;8100521;2018;11;9;2;2;5;3;0;0;1;1;0;0;1;0;802224,0759;5822475,989;13,45011283;52,46860912
206845;11;4;4501042;2018;10;7;3;3;6;4;0;0;1;1;0;0;0;0;793601,2987;5825750,869;13,32642982;52,50266948
206846;11;12;12400722;2018;11;19;1;2;3;6;1;1;1;0;0;0;0;0;790997,5188;5839022,051;13,29981828;52,62303834
206847;11;9;9501939;2018;10;10;4;3;2;6;0;0;1;0;0;0;0;1;809637,1514;5821499,943;13,55799094;52,45571131
206848;11;8;8401243;2018;10;7;3;3;6;2;0;0;0;1;0;0;1;1;805809,1885;5817143,296;13,49784591;52,41881976
206849;11;1;1200626;2018;10;7;3;3;5;3;0;0;1;0;1;0;0;1;794809,8639;5828307,62;13,34644851;52,52493734
206850;11;12;12200412;2018;10;10;4;3;3;2;0;1;0;0;0;0;1;1;790745,6535;5834201,552;13,29187435;52,57995847
206851;11;4;4300620;2018;10;6;3;3;0;5;2;0;1;0;1;0;0;1;793411,4335;5827860,365;13,32550055;52,5216823
206852;11;2;2500834;2018;11;17;1;3;3;6;1;0;1;0;0;0;0;0;801959,3142;5826795,799;13,45014098;52,50747443
206853;11;4;4501146;2018;10;23;3;3;5;3;2;0;1;0;0;0;0;1;793289,5105;5823932,709;13,3202489;52,48653804
206854;11;8;8100102;2018;11;17;1;2;6;4;1;0;1;1;0;0;0;0;800494,804;5823185,864;13,42537226;52,4759259
206855;11;3;3200310;2018;10;18;4;3;5;2;1;1;1;0;0;0;0;0;799955,4316;5838348,462;13,43114649;52,61212947
206856;11;9;9200510;2018;10;6;3;3;5;3;1;1;1;0;0;0;0;1;806457,632;5822273,719;13,51205578;52,4644381
206857;11;3;3701554;2018;10;8;3;3;3;6;0;1;1;0;0;0;0;1;799063,6178;5830186,249;13,41065228;52,53945987
206858;11;3;3500933;2018;10;21;3;3;4;6;2;0;1;0;0;0;1;0;802447,0566;5832546,054;13,46253759;52,55874319
206859;11;7;7501032;2018;11;16;1;3;5;2;0;0;1;0;0;0;1;0;800048,928;5820439,326;13,41635788;52,4515524
206860;11;11;11401032;2018;10;20;3;3;6;7;1;0;1;1;0;0;0;0;806577,8333;5827754,103;13,51886106;52,51348734
206861;11;11;11100204;2018;10;18;4;3;2;6;1;0;1;0;0;0;0;0;805943,8642;5833670,564;13,51499588;52,56686804
206862;11;2;2400522;2018;11;14;1;2;5;3;0;1;1;0;0;0;0;0;801520,5859;5828544,607;13,44528107;52,52339184
206863;11;7;7601341;2018;10;19;3;3;2;6;2;0;1;0;0;0;0;1;797613,8582;5815547,95;13,37627739;52,40903708
206864;11;8;8100419;2018;11;13;1;3;5;3;0;1;1;0;0;0;0;0;802148,2892;5824475,073;13,45081181;52,48656903
206865;11;1;1300730;2018;10;18;4;2;5;3;1;0;1;0;1;0;0;0;796116,9776;5832241,592;13,36916543;52,55949312
206866;11;6;6400843;2018;11;11;1;2;1;5;0;0;1;0;0;0;0;0;791660,168;5819425,66;13,29238206;52,4470053
206867;11;4;4501042;2018;10;19;3;3;5;7;2;0;1;0;0;0;0;1;793921,5728;5825713,874;13,331102;52,50216541
206868;11;1;1100308;2018;11;17;1;3;9;1;1;0;0;0;1;0;0;0;797056,2376;5828588,077;13,37971309;52,52623206
206869;11;4;4501043;2018;10;18;4;2;6;4;1;0;1;1;0;0;0;0;792592,3321;5824863,031;13,31082778;52,49525223
206870;11;1;1100312;2018;10;19;3;3;5;7;2;1;1;0;0;0;0;1;799665,4307;5827104,788;13,41672248;52,51150885
206871;11;7;7601238;2018;10;18;4;3;1;5;1;1;1;0;0;0;1;0;798149,1716;5815838,969;13,3843831;52,41135452
206872;11;2;2200210;2018;11;6;1;3;9;1;1;0;1;0;0;0;0;1;798296,3139;5825302,118;13,39499296;52,49610065
206873;11;1;1401043;2018;10;17;4;3;6;2;0;0;1;1;0;0;0;0;795864,3071;5831115,328;13,3644453;52,54953462
206874;11;2;2200211;2018;10;19;3;3;0;4;2;1;0;1;0;0;0;1;798099,6046;5824547,741;13,39142902;52,48944605
206875;11;7;7501029;2018;10;17;4;3;2;6;0;0;1;0;0;0;1;0;797569,9429;5819708,164;13,3793351;52,44635333
206876;11;1;1100313;2018;11;4;1;3;0;1;2;1;0;0;0;0;0;0;800478,012;5826700,311;13,42829504;52,50743641
206877;11;4;4300416;2018;10;17;4;3;2;6;0;0;1;0;0;0;0;0;791914,7392;5826217,022;13,3020622;52,50775338
206878;11;6;6200313;2018;10;19;3;3;1;7;2;0;1;0;0;0;1;1;795310,9575;5818522,593;13,34514616;52,43695019
206879;11;3;3400620;2018;10;16;4;3;5;3;0;1;1;0;0;0;0;0;797412,3571;5833971,488;13,38976868;52,57429345
206880;11;12;12500929;2018;11;3;1;3;9;1;2;0;1;0;0;0;0;0;795804,8424;5838392,897;13,37006623;52,61480265
206881;11;6;6100103;2018;10;18;3;2;6;4;2;1;0;1;0;0;0;1;793624,8556;5821512,496;13,32304259;52,46466151
206882;11;3;3601141;2018;11;15;7;3;2;6;0;0;1;0;0;0;0;0;798795,7247;5831458,642;13,40785865;52,55101194
206883;11;11;11300721;2018;10;15;4;3;5;7;0;0;1;0;0;0;0;0;805403,2916;5829109,964;13,50285164;52,526298
206884;11;4;4300619;2018;11;20;7;2;5;3;2;0;1;0;1;0;0;0;792637,5682;5827414,078;13,31373472;52,51809735
206885;11;2;2500833;2018;10;18;3;3;5;2;2;0;1;0;0;0;0;1;802524,1806;5827271,217;13,45887045;52,51142265
206886;11;2;2100104;2018;11;15;7;3;5;3;0;0;1;0;1;0;0;0;799495,9599;5826143,168;13,4133676;52,50298245
206887;11;3;3400721;2018;10;14;4;3;2;6;0;0;1;0;0;0;0;0;798131,2907;5833396,444;13,39982913;52,56874567
206888;11;4;4501045;2018;10;17;3;3;5;2;2;1;1;0;0;0;0;1;794172,6292;5825316,703;13,33443912;52,4984697
206889;11;11;11300617;2018;10;14;4;3;3;6;0;0;1;0;0;1;0;0;803029,8326;5829529,084;13,46835557;52,53137886
206890;11;2;2500727;2018;11;14;7;2;0;1;0;1;0;0;0;0;0;0;802588,4299;5827711,333;13,46021448;52,51533174
206891;11;4;4501041;2018;10;14;4;2;6;4;0;0;1;1;0;0;0;0;793116,5582;5825386,895;13,31898851;52,4996672
206892;11;4;4400728;2018;10;18;3;3;2;6;2;1;1;0;0;0;0;1;789884,0457;5823102,462;13,2695155;52,48091353
206893;11;1;1100102;2018;11;13;7;3;5;3;0;1;1;0;0;0;0;0;794105,7109;5826761,35;13,33473236;52,51145623
206894;11;4;4300624;2018;10;13;4;3;6;7;0;0;1;1;0;0;0;0;793315,2419;5826006,554;13,32245285;52,50511544
206895;11;4;4300623;2018;11;13;7;3;5;7;0;1;1;0;0;0;0;0;792708,8438;5826095,399;13,3136223;52,50623757
206896;11;5;5100316;2018;10;18;3;3;5;3;2;0;1;0;0;0;0;1;784666,6626;5828832,673;13,19779853;52,53503594
206897;11;6;6400841;2018;11;11;7;3;5;3;0;1;1;0;0;0;0;0;790009,8477;5819155,712;13,26793322;52,44546304
206898;11;5;5100101;2018;10;13;4;3;5;3;0;1;1;0;0;0;0;0;781917,2924;5831964,148;13,16003077;52,56454327
206899;11;3;3200207;2018;10;10;3;2;5;2;0;0;1;0;1;0;0;0;799006,7031;5835781,209;13,41485793;52,5896411
206900;11;2;2300316;2018;10;12;4;2;6;2;0;0;1;1;0;0;0;0;801153,3362;5825944,677;13,4375318;52,50029114
206901;11;1;1300835;2018;10;18;3;3;2;6;0;0;1;0;0;0;0;1;796990,6982;5830500,362;13,38045868;52,54340923
206902;11;1;1100205;2018;11;11;7;3;5;2;0;1;1;0;0;0;0;0;796960,7328;5826703,413;13,37662719;52,50939013
206903;11;1;1100309;2018;10;12;4;3;5;2;0;1;1;0;0;0;0;0;798680,9496;5828659,062;13,40365447;52,52598069
206904;11;2;2300314;2018;10;18;3;3;5;3;2;1;1;0;0;0;0;0;800040,9928;5826344,258;13,42155444;52,50448547
206905;11;2;2100101;2018;11;10;7;3;5;2;0;1;1;0;0;0;0;0;797391,0783;5826179,859;13,38248179;52,50446262
206906;11;12;12400723;2018;10;12;4;3;6;7;0;1;0;1;0;0;0;0;792803,3244;5839410,99;13,32676307;52,6255547
206907;11;1;1400942;2018;10;18;3;3;6;4;2;0;1;1;0;0;0;1;795030,4912;5831147,474;13,35221245;52,55027503
206908;11;1;1400942;2018;10;12;4;3;6;4;0;0;1;1;0;0;0;0;795143,202;5831035,344;13,35377025;52,54920882
206909;11;1;1300732;2018;11;8;7;3;1;5;0;0;1;0;0;0;1;0;797518,0662;5832692,811;13,39017704;52,56277402
206910;11;7;7100205;2018;10;10;4;3;3;6;0;0;1;0;1;0;0;1;796359,7887;5824886,309;13,36618128;52,49342829
206911;11;5;5200630;2018;10;12;3;3;2;6;0;0;1;0;1;0;0;0;783394,7383;5827657,377;13,17809466;52,52516086
206912;11;1;1401048;2018;11;12;7;3;5;7;0;1;0;0;0;0;1;0;795602,9799;5831756,7;13,36117352;52,55542579
206913;11;10;10400837;2018;10;11;4;3;5;3;0;0;1;0;0;0;1;1;810733,8855;5825026,794;13,57736439;52,48669503
206914;11;6;6200315;2018;11;12;6;3;0;7;0;0;0;0;0;0;1;0;795503,2308;5817520,472;13,34708073;52,42786291
206915;11;11;11300826;2018;10;5;3;3;6;2;2;0;1;1;0;0;0;1;803847,3239;5827402,768;13,47842763;52,51186632
206916;11;8;8100103;2018;11;17;6;2;5;2;0;0;1;0;1;0;0;0;800696,1267;5822918,167;13,42808618;52,47341564
206917;11;2;2400624;2018;10;11;4;2;1;5;0;0;1;0;1;0;0;0;801793,8331;5827421,042;13,4482771;52,5131701
206918;11;6;6400843;2018;10;10;3;3;2;6;0;0;1;0;0;0;0;0;792206,2;5820496,468;13,30133037;52,45631346
206919;11;3;3200308;2018;10;8;3;3;5;3;0;0;1;0;0;0;1;1;799862,4833;5836934,029;13,42849638;52,59950296
206920;11;6;6300528;2018;10;8;4;3;0;3;0;0;0;0;1;1;0;1;789050,1856;5816686,242;13,25171746;52,42383115
206921;11;8;8100417;2018;10;7;3;3;0;4;0;1;0;1;0;0;0;1;802525,6034;5823133,783;13,45513463;52,47433808
206922;11;2;2200210;2018;11;20;6;3;2;6;2;0;1;0;0;0;0;0;798061,6964;5825430,85;13,39166242;52,49738275
206923;11;5;5100209;2018;10;7;4;3;6;2;0;0;1;1;0;0;0;1;783468,138;5830709,183;13,18177735;52,55248578
206924;11;1;1300730;2018;10;14;3;3;5;2;0;1;0;0;0;1;0;0;796412,126;5831986,239;13,37327847;52,55704358
206925;11;5;5300737;2018;10;7;4;3;6;2;1;0;1;1;0;0;0;1;786991,4605;5829594,715;13,23263778;52,54064885
206926;11;4;4300623;2018;11;17;6;3;5;2;2;0;1;0;0;0;0;0;792718,9877;5826095,117;13,31377108;52,5062296
206927;11;1;1401046;2018;10;12;3;3;2;6;0;0;1;0;0;0;0;0;794633,7681;5829904,699;13,34527602;52,53934921
206928;11;2;2400625;2018;11;22;6;3;2;6;2;0;1;0;0;0;0;0;801319,8237;5826462,061;13,44044518;52,50483665
206929;11;6;6300629;2018;10;16;2;3;1;5;0;1;1;0;0;0;0;0;792440,5066;5819625,998;13,3040066;52,44838448
206930;11;8;8200730;2018;10;6;4;3;6;2;2;0;1;1;0;0;0;1;802504,123;5818945,86;13,45102536;52,43681321
206931;11;2;2200208;2018;11;19;6;2;6;4;1;0;1;1;0;0;0;0;797556,3771;5825121,319;13,38396421;52,4948839
206932;11;10;10400835;2018;10;5;2;3;5;2;2;1;1;0;0;0;0;0;811196,9289;5827957,089;13,58689958;52,51269083
206933;11;7;7501031;2018;11;16;6;3;5;2;0;0;1;0;0;0;0;0;798346,7006;5820498,033;13,39143574;52,45301031
206934;11;10;10400835;2018;10;5;4;2;5;3;2;1;1;0;0;0;0;1;811797,1697;5828680,927;13,59639421;52,51883456
206935;11;1;1200522;2018;11;15;6;3;2;6;0;0;1;0;0;0;0;0;793706,5502;5828113,392;13,33006115;52,52379167
206936;11;9;9502043;2018;10;17;2;3;6;2;2;0;1;1;0;0;0;1;811363,4414;5822557,072;13,58430053;52,46420415
206937;11;6;6100209;2018;11;15;6;3;5;2;0;1;1;0;0;0;0;0;794409,469;5821499,583;13,33454721;52,46412355
206938;11;11;11300721;2018;10;4;4;3;5;2;2;0;1;0;0;0;0;1;805136,6758;5829983,238;13,49973536;52,53427392
206939;11;1;1401045;2018;10;21;2;3;6;4;2;0;1;1;0;0;0;0;796421,9075;5831974,842;13,37341215;52,5569361
206940;11;1;1100309;2018;10;20;2;3;0;5;2;1;1;0;0;0;0;1;798429,7259;5829045,598;13,40030932;52,52958303
206941;11;8;8100419;2018;10;9;3;3;5;3;0;1;0;0;0;0;0;0;802523,7954;5823955,855;13,45585387;52,48170734
206942;11;2;2200209;2018;10;20;2;3;1;5;2;0;1;0;0;0;0;1;797642,4398;5824022,592;13,38424678;52,48498812
206943;11;1;1401047;2018;11;15;6;3;5;3;0;0;1;0;0;0;0;0;795531,1665;5830752,33;13,35922342;52,54646152
206944;11;9;9200715;2018;10;20;3;3;5;2;2;1;1;0;0;0;0;1;807402,5331;5818799,94;13,52272421;52,43277454
206945;11;2;2300417;2018;10;18;2;3;5;3;1;0;1;0;0;0;0;1;800640,6218;5825686,59;13,42976847;52,49826054
206946;11;3;3500934;2018;10;20;3;3;5;7;2;1;1;0;0;0;0;1;800860,1808;5832071,013;13,43876961;52,55536438
206947;11;8;8200624;2018;11;14;6;3;2;6;0;0;1;0;0;0;0;0;801365,1723;5820308,851;13,43555078;52,44965889
206948;11;9;9501737;2018;10;18;2;2;5;2;2;0;1;0;0;0;1;1;814593,0474;5822110,788;13,63126261;52,45835538
206949;11;1;1400938;2018;11;14;6;3;2;6;0;0;1;0;0;0;0;0;794098,0971;5830298,802;13,33774942;52,54317146
206950;11;1;1200521;2018;10;22;3;3;5;7;2;0;1;0;1;0;0;1;793710,7653;5828426,384;13,33039954;52,52659521
206951;11;1;1200628;2018;11;19;6;3;5;3;2;0;1;0;0;0;0;0;796464,1401;5828248,98;13,3707087;52,52351469
206952;11;1;1200626;2018;10;18;2;3;3;6;1;0;1;0;0;1;0;1;794564,1855;5828301,83;13,34283261;52,52501823
206953;11;7;7100206;2018;11;9;6;3;0;2;0;1;0;0;1;0;0;0;796693,814;5824817,748;13,37102577;52,49263224
206954;11;9;9200511;2018;10;22;3;3;5;3;2;0;1;0;0;0;0;1;807080,1121;5822525,002;13,52142098;52,4663407
206955;11;12;12400723;2018;10;21;3;3;2;6;2;0;1;0;0;0;0;1;790822,9294;5839432,922;13,29760787;52,62681515
206956;11;4;4300518;2018;11;8;6;3;2;6;0;0;1;0;1;0;0;0;792085,0434;5828060,977;13,30618311;52,52419286
206957;11;9;9100407;2018;11;8;6;3;5;3;0;1;1;0;0;0;0;0;805814,4567;5819650,013;13,50021542;52,44128345
206958;11;12;12400722;2018;10;20;3;3;8;1;2;0;1;0;0;0;0;1;790533,4814;5837192,88;13,29137593;52,60688857
206959;11;6;6100101;2018;10;18;2;3;2;6;1;0;1;0;0;0;0;1;793284,9095;5821095,72;13,31768676;52,46110781
206960;11;11;11100308;2018;10;20;3;3;6;2;2;0;1;1;0;0;0;1;804534,6146;5833829,222;13,49441412;52,56908013
206961;11;1;1300836;2018;10;18;2;3;0;5;1;0;1;0;1;0;0;1;796616,2912;5830127,659;13,37462111;52,54027231
206962;11;9;9100407;2018;11;3;6;3;9;1;2;0;1;0;0;0;0;1;805521,3648;5821501,445;13,49761025;52,45804086
206963;11;7;7501029;2018;10;19;3;3;5;7;2;0;1;0;0;0;0;1;797702,0176;5819245,741;13,38086067;52,44213628
206964;11;3;3300516;2018;10;17;2;3;2;6;1;0;1;0;0;0;0;1;801140,9349;5833195,756;13,44391883;52,56529035
206965;11;7;7601545;2018;10;18;3;3;6;2;2;0;1;1;0;0;0;1;800651,8653;5814135,652;13,41953874;52,39471803
206966;11;8;8301037;2018;11;13;6;3;5;3;0;1;1;0;0;0;0;0;804698,1327;5817818,192;13,48217349;52,42548839
206967;11;1;1401046;2018;10;17;2;3;5;7;1;0;1;0;1;0;0;1;795114,7396;5830357,723;13,35274961;52,54314994