OBJECTID;LAND;BEZ;LOR_ab_2021;UJAHR;UMONAT;USTUNDE;UWOCHENTAG;UKATEGORIE;UART;UTYP1;ULICHTVERH;IstRad;IstPKW;IstFuss;IstKrad;IstGkfz;IstSonstig;USTRZUSTAND;LINREFX;LINREFY;XGCSWGS84;YGCSWGS84
206968;11;4;4501045;2018;11;12;6;2;2;6;0;0;1;0;0;0;0;0;793506,2389;5825346,238;13,32467675;52,49909328
206969;11;12;12100103;2018;10;18;3;2;6;4;2;0;1;1;0;0;0;1;796086,6092;5833932,585;13,3702281;52,57466759
206970;11;3;3400620;2018;10;16;2;3;2;6;2;0;1;0;0;0;0;1;797424,3811;5833964,97;13,38993974;52,57422845
206971;11;5;5100206;2018;11;11;6;3;5;7;0;1;1;0;0;0;0;0;781740,399;5831180,02;13,15676218;52,55760401
206972;11;4;4400835;2018;10;18;3;3;5;2;2;1;1;0;0;0;0;1;792986,8647;5822304,701;13,31437405;52,47210591
206973;11;3;3601244;2018;10;14;2;2;6;4;0;0;1;1;0;0;0;0;800288,0618;5831598,587;13,42992895;52,55144566
206974;11;4;4400832;2018;10;18;3;3;6;2;2;0;1;1;0;0;0;1;791327,4293;5822559,075;13,29023485;52,47527393
206975;11;6;6100101;2018;11;10;6;3;6;2;0;0;0;1;0;0;1;0;793516,0926;5820622,977;13,32066404;52,4567457
206976;11;1;1100311;2018;10;17;3;3;5;2;1;1;1;0;0;0;0;1;799727,578;5827761,402;13,41822694;52,51736022
206977;11;5;5300839;2018;10;14;2;2;5;3;0;1;1;0;0;0;0;0;789003,3711;5829788,27;13,26238949;52,54132075
206978;11;9;9200715;2018;11;10;6;2;5;2;0;0;1;0;0;0;0;0;807698,3525;5818374,214;13,52667006;52,42879278
206979;11;1;1300733;2018;10;16;3;3;6;4;1;0;1;1;0;0;0;1;797342,7226;5831210,693;13,38627026;52,54958449
206980;11;8;8100521;2018;10;14;2;3;5;3;0;1;1;0;0;0;0;0;802482,6435;5822558,432;13,45398237;52,46920496
206981;11;1;1100207;2018;10;16;3;3;5;3;2;0;1;0;0;0;0;1;798484,5994;5826666,731;13,3989814;52,50822967
206982;11;8;8100415;2018;11;20;6;3;0;2;2;0;0;1;0;0;1;0;802030,5139;5823470,677;13,44817269;52,47763168
206983;11;6;6200312;2018;10;16;3;3;5;3;0;0;1;0;1;0;0;1;794326,6924;5819194,985;13,33130105;52,44350846
206984;11;4;4100102;2018;10;13;2;2;2;6;0;0;1;0;1;0;0;0;791134,594;5829152,731;13,29316961;52,53448869
206985;11;4;4300621;2018;11;9;6;3;2;2;0;0;1;0;0;0;0;0;792205,6899;5826881,289;13,3069201;52,51355261
206986;11;2;2500729;2018;10;14;3;3;2;6;0;1;0;0;0;0;0;1;803310,9195;5827758,486;13,47087192;52,51535307
206987;11;1;1100102;2018;11;9;6;3;2;6;0;0;1;0;0;0;0;0;795744,2794;5826342,518;13,35843486;52,50681585
206988;11;3;3601244;2018;10;13;2;3;5;3;0;0;1;0;1;0;0;0;800053,938;5831273,94;13,42619294;52,54866478
206989;11;2;2300314;2018;11;8;6;3;2;6;0;1;1;0;0;0;0;0;799983,6362;5826185,973;13,42056933;52,50309824
206990;11;7;7400823;2018;10;11;3;3;0;1;0;0;0;0;1;0;0;1;796892,0958;5822248,399;13,37164975;52,46949272
206991;11;1;1100102;2018;10;12;2;3;2;6;0;0;1;0;0;0;1;0;796628,6328;5826693,911;13,3717397;52,50948563
206992;11;8;8200623;2018;10;15;3;2;2;6;0;0;1;0;0;0;0;1;802670,6657;5820766,591;13,45511716;52,45304046
206993;11;4;4400727;2018;10;9;2;3;5;3;0;0;1;0;0;0;0;0;791498,1661;5824393,553;13,2943457;52,49162887
206994;11;1;1401049;2018;10;15;3;3;1;5;0;0;1;0;0;0;1;1;795764,4882;5831863,117;13,36364364;52,55629203
206995;11;6;6100208;2018;11;23;5;3;1;1;2;0;1;0;0;0;1;0;794336,7569;5820774,322;13,33284049;52,4576611
206996;11;7;7601238;2018;10;14;3;3;5;3;0;1;1;0;0;0;0;1;798684,3106;5816535,079;13,39284859;52,41730268
206997;11;9;9300920;2018;10;21;2;2;8;1;2;0;1;0;0;0;0;1;809520,086;5816929,116;13,55204189;52,4148144
206998;11;2;2500834;2018;11;23;5;3;6;7;2;1;0;1;0;0;0;0;803028,4748;5826552,855;13,46562475;52,50470417
206999;11;10;10300733;2018;10;14;3;3;5;3;0;0;1;0;1;0;0;1;809067,5973;5826821,185;13,55456774;52,50372176
207000;11;2;2500830;2018;11;22;5;3;5;3;2;1;0;0;0;0;1;0;802145,725;5827550,494;13,45356431;52,51413557
207001;11;2;2500830;2018;10;17;2;3;0;1;1;1;0;0;0;0;0;1;802238,1611;5827515,439;13,45489049;52,51377016
207002;11;1;1100207;2018;11;19;5;3;1;5;2;1;1;0;0;0;0;0;798536,6278;5826785,111;13,3998519;52,50926232
207003;11;4;4400729;2018;10;14;3;3;1;3;0;0;1;0;0;0;0;1;790543,9662;5822470,671;13,27865515;52,47489871
207004;11;2;2500833;2018;10;8;2;3;5;3;0;0;1;0;1;0;0;0;802460,6793;5827054,917;13,45774103;52,50951917
207005;11;10;10400938;2018;10;6;2;2;5;3;1;0;1;0;1;0;0;0;813790,6902;5830052,126;13,62697185;52,52997833
207006;11;4;4501042;2018;11;19;5;3;5;3;2;0;1;0;0;0;0;0;794318,6475;5825584,369;13,33682046;52,50079044
207007;11;9;9401329;2018;10;2;2;2;7;7;2;0;1;0;0;0;0;1;814331,8734;5818373,039;13,62391589;52,42501178
207008;11;1;1100205;2018;11;18;5;2;5;3;2;0;1;0;1;0;0;0;796995,3952;5826610,555;13,37705357;52,50853889
207009;11;11;11200411;2018;10;13;3;3;5;3;0;0;0;0;0;0;1;1;806390,9234;5831399,42;13,51947479;52,54626238
207010;11;8;8200622;2018;10;19;1;3;5;7;1;0;1;0;1;0;0;1;801231,7142;5821642,252;13,43479581;52,46168415
207011;11;1;1401047;2018;10;17;1;3;1;5;1;1;1;0;0;0;0;0;795441,8889;5830190,842;13,35741127;52,5414767
207012;11;7;7601341;2018;10;13;3;3;8;1;0;0;1;0;0;0;0;1;797640,4465;5815498,725;13,37662336;52,40858137
207013;11;6;6400737;2018;10;17;1;2;6;4;1;0;0;1;0;0;1;1;784993,5409;5817407,682;13,19283665;52,43242774
207014;11;4;4501041;2018;11;18;5;3;0;3;2;0;1;0;0;0;1;0;792840,0933;5825512,719;13,31503808;52,5009436
207015;11;8;8100104;2018;10;13;3;3;1;5;0;0;1;0;0;0;0;1;800749,6827;5822788,616;13,42875549;52,47222494
207016;11;8;8100312;2018;10;17;1;3;5;3;1;0;1;0;1;0;0;0;801627,0083;5824146,046;13,44286042;52,48390813
207017;11;2;2400521;2018;10;13;3;2;3;1;0;1;1;0;0;0;0;1;800435,7937;5828028,875;13,42887431;52,51936799
207018;11;6;6100102;2018;11;17;5;3;2;2;2;0;1;1;0;0;0;0;793786,1645;5820801,853;13,32478471;52,45820415
207019;11;1;1100205;2018;10;14;1;3;1;5;0;1;0;0;0;0;1;0;797089,7113;5827152,693;13,37892311;52,5133472
207020;11;11;11300617;2018;11;17;5;2;5;3;2;1;0;0;0;0;1;0;803125,8826;5829571,08;13,46980549;52,53170185
207021;11;10;10300731;2018;10;13;3;2;0;2;0;1;1;0;0;0;0;1;809641,3716;5829675,99;13,56565068;52,52898018
207022;11;4;4300416;2018;11;16;5;3;2;6;1;0;1;0;0;0;0;0;791873,3285;5826552,221;13,30174772;52,51078053
207023;11;8;8401242;2018;10;12;1;2;3;6;0;1;1;0;0;0;0;0;804794,8433;5816248,34;13,48216158;52,41136427
207024;11;3;3300517;2018;11;16;5;3;5;3;1;0;1;0;0;0;0;0;803151,7721;5833550,182;13,47381849;52,56735104
207025;11;8;8401242;2018;10;13;3;2;0;6;0;0;1;0;1;0;0;1;805124,9219;5817442,658;13,48808824;52,42188477
207026;11;1;1200628;2018;10;21;1;2;5;3;2;0;1;0;0;0;0;1;795724,0397;5828198,721;13,35978724;52,52346608
207027;11;4;4501040;2018;10;21;1;2;6;2;2;0;1;1;0;0;0;1;792707,731;5825448,481;13,31303724;52,50043874
207028;11;12;12400722;2018;10;12;3;3;4;6;0;0;1;0;0;0;1;1;790551,5733;5837240,851;13,29168446;52,60730895
207029;11;3;3500934;2018;10;18;1;3;2;2;1;0;1;0;0;0;0;0;800324,457;5831637,07;13,43049892;52,55177053
207030;11;7;7400825;2018;11;8;5;3;5;3;0;0;1;0;0;0;0;0;797342,0137;5820582,188;13,37676938;52,45431211
207031;11;12;12200309;2018;10;12;3;3;3;6;0;0;1;0;0;0;0;1;793534,2527;5832392,438;13,33131001;52,56224375
207032;11;1;1100309;2018;10;16;1;3;0;1;0;1;0;0;0;0;0;0;798037,3488;5828921,429;13,39443096;52,52868468
207033;11;3;3601140;2018;10;11;3;2;0;7;0;0;1;0;0;0;0;1;798402,9553;5831470,769;13,40209399;52,55133595
207034;11;1;1100308;2018;11;16;5;3;0;1;0;1;0;0;0;0;0;0;797468,637;5828833,573;13,38599367;52,52820779
207035;11;1;1100308;2018;10;11;3;3;1;5;0;1;1;0;0;0;0;1;797141,7104;5827792,403;13,38025841;52,51905317
207036;11;7;7601238;2018;10;11;1;3;8;1;0;0;1;0;0;0;0;0;797437,81;5817428,762;13,37536853;52,42599254
207037;11;9;9200715;2018;11;16;5;3;2;6;0;0;1;0;0;0;0;0;809176,629;5818316,854;13,54829032;52,42744538
207038;11;4;4501146;2018;10;10;3;3;2;2;0;1;1;0;0;0;0;1;792960,6295;5823914,212;13,31540306;52,48654879
207039;11;12;12601134;2018;10;10;1;3;7;7;0;0;0;0;0;0;1;0;794822,5133;5837247,262;13,35457871;52,60506693
207040;11;6;6200421;2018;10;9;3;3;2;6;0;0;1;0;0;0;0;1;793310,0055;5817696,177;13,3150705;52,43061829
207041;11;3;3400826;2018;11;15;5;2;5;7;0;0;1;0;1;0;0;0;798846,9373;5832763,8;13,4097868;52,5626826
207042;11;1;1100313;2018;10;10;1;3;5;3;0;1;1;0;0;0;0;0;800480,3165;5826685,624;13,42831564;52,50730349
207043;11;7;7100102;2018;11;15;5;3;1;5;0;0;1;0;0;0;0;0;795022,5401;5825094,506;13,3467261;52,49601906
207044;11;4;4400727;2018;10;9;3;3;5;3;0;0;0;0;1;0;0;1;791676,9936;5823724,794;13,29638681;52,48553797
207045;11;8;8100207;2018;11;14;5;3;5;2;0;1;0;0;0;0;1;0;800971,1314;5823485,032;13,43263433;52,47834518
207046;11;2;2100103;2018;10;1;1;3;5;3;2;0;1;0;0;0;0;0;798538,3532;5826261,189;13,39940741;52,50456512
207047;11;7;7601442;2018;11;13;5;3;5;2;0;0;1;0;0;0;0;0;799273,8146;5816257,537;13,4012427;52,41449283
207048;11;11;11300620;2018;10;8;3;3;2;6;0;0;1;0;0;0;0;0;803769,9708;5829792,074;13,47947347;52,53332399
207049;11;8;8100310;2018;10;0;1;3;6;4;2;0;1;1;0;0;0;0;800637,9908;5824917,444;13,42903573;52,49136787
207050;11;10;10400835;2018;10;7;3;3;5;3;1;1;1;0;0;0;0;1;811346,0629;5828406,815;13,58951086;52,51663587
207051;11;10;10400938;2018;11;9;5;3;1;5;0;0;1;0;0;0;1;0;812843,1036;5828256,183;13,61135944;52,51442945
207052;11;4;4300622;2018;11;17;7;3;6;4;2;0;0;1;1;0;0;0;793041,9764;5826935,259;13,31925594;52,51358777
207053;11;4;4501152;2018;11;19;3;3;2;6;2;0;1;0;0;0;0;1;793993,5058;5824429,358;13,33102497;52,49061162
207054;11;8;8200727;2018;11;16;7;3;5;7;1;0;1;0;1;0;0;0;802769,8007;5819517,573;13,45543959;52,44179053
207055;11;6;6200421;2018;11;15;3;3;2;5;0;0;1;0;0;0;1;1;793652,5079;5818161,094;13,32050206;52,43460241
207056;11;9;9300923;2018;11;15;7;3;6;4;0;0;1;1;0;0;0;0;808965,4521;5815605,445;13,54269149;52,40326492
207057;11;3;3601245;2018;11;9;2;3;5;3;0;0;0;0;1;0;1;0;801002,7163;5831324,097;13,44018853;52,54859094
207058;11;8;8100419;2018;11;15;7;3;5;2;0;0;1;0;1;0;0;0;802526,8577;5824231,021;13,45614852;52,48417195
207059;11;5;5300736;2018;11;5;2;3;2;6;2;0;1;0;0;0;0;1;786845,1211;5829300,16;13,23023161;52,53808504
207060;11;1;1100101;2018;11;14;7;3;0;1;0;1;0;0;0;0;0;0;795335,9609;5826272,879;13,35237449;52,50641277
207061;11;5;5100105;2018;11;16;3;3;5;3;1;1;1;0;0;0;0;1;784119,0925;5830471,241;13,19114884;52,55001319
207062;11;3;3400725;2018;11;13;7;3;2;6;0;0;1;0;1;0;0;0;800053,4154;5835693,212;13,43018287;52,588276
207063;11;7;7601339;2018;11;8;3;3;2;6;0;0;1;0;0;0;0;1;795786,4495;5816028,166;13,34991478;52,41433227
207064;11;3;3400725;2018;11;13;7;3;5;3;0;1;1;0;0;0;0;0;799981,2046;5835115,006;13,42859673;52,58313326
207065;11;12;12200515;2018;11;12;7;3;2;6;0;0;1;0;0;0;0;0;790192,5328;5835817,199;13,28514934;52,59473788
207066;11;10;10100206;2018;11;14;3;3;2;6;0;0;1;0;1;0;0;1;809692,0671;5833229,929;13,56970896;52,56080015
207067;11;1;1400941;2018;11;12;7;3;5;3;0;0;1;0;0;0;0;0;794058,0408;5832125,293;13,33877808;52,55956635
207068;11;5;5100312;2018;11;17;1;2;0;1;1;0;0;0;1;0;0;1;784680,1492;5830747,856;13,19963824;52,55220038
207069;11;2;2300314;2018;11;17;1;2;0;5;2;0;1;0;1;0;0;1;800040,3844;5826342,586;13,42154399;52,50447082
207070;11;12;12200414;2018;11;11;7;3;5;3;0;1;1;0;0;0;0;0;788037,5551;5830946,387;13,24919216;52,55221515
207071;11;7;7100101;2018;11;20;1;3;0;7;2;1;0;0;0;0;0;0;794674,2098;5825076,195;13,34159378;52,49604309
207072;11;12;12100204;2018;11;7;7;3;5;3;0;0;1;0;0;0;0;0;795642,8807;5833008,355;13,36287547;52,56662401
207073;11;3;3400830;2018;11;10;7;3;5;3;0;1;1;0;0;0;0;0;799045,9758;5833040,844;13,41296405;52,56505657
207074;11;8;8100417;2018;11;12;3;2;2;6;0;0;1;0;0;0;0;1;802603,269;5823076,336;13,4562225;52,47378016
207075;11;8;8100520;2018;11;11;7;3;0;3;0;1;1;0;0;0;0;0;803094,5736;5822630,881;13,46302905;52,46951518
207076;11;9;9301025;2018;11;11;7;3;5;2;0;0;1;0;0;0;1;1;810984,7092;5814256,23;13,57102605;52,39003072
207077;11;2;2400521;2018;11;8;3;3;5;2;0;1;1;0;0;0;0;1;800725,5025;5827976,69;13,43308399;52,51874056
207078;11;1;1100102;2018;11;11;7;3;2;6;0;0;1;0;0;0;0;0;795156,6859;5827062,051;13,35044062;52,51358413
207079;11;2;2100102;2018;11;21;7;3;5;3;2;0;1;0;0;0;0;0;798096,8913;5826200,806;13,39286854;52,50426523
207080;11;6;6400840;2018;11;18;6;3;2;7;2;0;1;0;1;0;0;0;788996,4974;5820047,632;13,25383667;52,45399609
207081;11;3;3300411;2018;11;7;6;3;5;3;0;0;1;0;0;0;0;0;804248,2929;5838676,399;13,4946544;52,61268261
207082;11;1;7100102;2018;11;7;6;3;0;2;0;1;0;0;0;0;1;1;795426,3789;5825792,877;13,3532769;52,50206098
207083;11;4;4300416;2018;11;13;6;3;1;5;0;1;1;0;0;0;0;0;791940,2983;5826084,111;13,30232116;52,50654818
207084;11;2;2200210;2018;11;9;3;3;5;3;0;1;1;0;0;0;0;1;798043,4069;5824863,697;13,39088639;52,4923089
207085;11;1;1200520;2018;11;21;6;3;3;6;2;0;1;0;1;0;0;0;794282,32;5828451,623;13,33882251;52,52651324
207086;11;9;9501939;2018;11;19;6;3;4;2;2;1;1;0;0;0;0;0;810938,5402;5821589,185;13,57716479;52,45577233
207087;11;4;4500937;2018;11;0;2;3;2;6;2;0;1;0;0;0;0;1;791287,639;5825021,501;13,29180274;52,49737079
207088;11;2;2200208;2018;11;8;6;3;0;2;0;1;0;0;0;0;1;1;797842,2244;5824926,622;13,38798819;52,49298276
207089;11;8;8200730;2018;11;18;6;2;1;5;2;0;1;0;0;0;0;0;801450,1844;5818345,448;13,43502695;52,43201339
207090;11;4;4400832;2018;11;9;6;3;6;4;0;0;1;1;0;0;0;1;791640,594;5822455,656;13,29474218;52,47417966
207091;11;1;1100206;2018;11;7;3;3;6;4;2;0;1;1;0;0;0;1;797796,1237;5827255,72;13,38939424;52,5138855
207092;11;2;2400521;2018;11;9;6;3;0;1;0;1;0;0;0;0;0;1;800720,6937;5827902,37;13,43294615;52,51807706
207093;11;1;1100207;2018;11;15;6;3;5;3;0;0;1;0;0;0;0;0;797998,5477;5826796,59;13,39195725;52,50965942
207094;11;7;7601236;2018;11;7;3;3;5;3;0;0;1;0;1;0;0;1;796458,8612;5816469,1;13,36016299;52,41792117
207095;11;4;4501153;2018;11;9;6;3;5;3;0;1;1;0;0;0;0;1;794070,2915;5823687,613;13,33149817;52,48392089
207096;11;7;7601544;2018;11;15;6;3;8;1;0;0;1;0;0;0;0;0;798787,0339;5814304,993;13,39236469;52,39725635
207097;11;3;3500934;2018;11;18;2;2;6;4;2;0;1;1;0;0;0;0;801046,4228;5831662,693;13,44113812;52,55160166
207098;11;6;6200420;2018;11;8;6;3;2;6;0;0;1;0;0;1;0;1;792355,165;5815590,708;13,29922643;52,41225392
207099;11;1;1100415;2018;11;15;2;3;0;5;0;1;1;0;0;0;0;0;798195,1986;5829614,3;13,39737248;52,53480902
207100;11;11;11300721;2018;11;17;1;2;3;6;1;0;1;0;0;1;0;1;804436,0465;5829898,254;13,48936012;52,53390403
207101;11;8;8300934;2018;11;15;6;3;6;7;0;0;1;1;0;0;0;0;802879,756;5818253,082;13,45590669;52,4303959
207102;11;7;7601339;2018;11;18;3;3;5;3;2;1;1;0;0;0;0;1;795648,1532;5816048,097;13,34790492;52,41458565
207103;11;4;4200310;2018;11;8;6;3;5;3;0;0;1;0;0;0;0;1;789494,3847;5826804,389;13,26701133;52,51430904
207104;11;4;4300517;2018;11;14;3;3;2;6;0;0;1;0;0;0;0;1;791462,7244;5828267,8;13,29721767;52,52638004
207105;11;11;11400929;2018;11;15;6;3;5;3;0;0;1;0;0;0;0;0;805377,1982;5826742,751;13,50029568;52,50509667
207106;11;11;11400929;2018;11;17;1;3;5;3;1;0;1;0;0;0;0;1;805553,1983;5826937,145;13,50305907;52,50674037
207107;11;8;8100208;2018;11;17;1;3;5;3;1;0;1;0;0;0;0;1;801200,7551;5822627,961;13,4352312;52,47053642
207108;11;6;6400838;2018;11;8;6;3;5;2;0;0;1;0;0;0;0;1;788141,9544;5818739,697;13,24016759;52,44272079
207109;11;7;7400720;2018;11;13;2;3;3;6;0;0;1;0;0;0;0;0;797300,251;5822544,814;13,37790483;52,47192781
207110;11;3;3500935;2018;11;8;6;3;1;5;0;1;1;0;0;0;0;1;801700,0227;5831501,638;13,45060233;52,54979651
207111;11;4;4400728;2018;11;11;2;2;5;2;0;0;1;0;1;0;0;1;790666,3414;5823276,351;13,28115415;52,48205662
207112;11;2;2200211;2018;11;18;1;2;6;4;2;0;1;1;0;0;0;1;797808,2285;5824519,947;13,38712547;52,48935594
207113;11;11;11400929;2018;11;14;6;3;5;3;0;0;1;0;0;0;0;0;804792,4115;5826631,812;13,49160502;52,50442936
207114;11;9;9301126;2018;11;7;2;2;0;1;0;1;0;0;0;0;0;1;810986,5071;5818178,056;13,57469449;52,42517588
207115;11;2;2100106;2018;11;14;6;3;6;4;0;0;1;1;0;0;0;0;799048,6754;5825596,196;13,40630645;52,49832494
207116;11;12;12200309;2018;11;14;3;3;8;1;0;0;1;0;0;0;0;1;793207,0228;5832398,554;13,32650187;52,5624749
207117;11;7;7300517;2018;11;8;6;3;6;2;0;0;1;1;0;0;0;1;794428,8375;5822328,087;13,33556257;52,47154023
207118;11;3;3400724;2018;11;13;3;3;2;6;0;0;1;0;0;0;0;1;800004,6797;5834939,035;13,42878288;52,58154305
207119;11;8;8100312;2018;11;14;6;3;6;4;0;0;1;1;0;0;0;0;801463,787;5823897,458;13,44023928;52,48177013
207120;11;1;1401047;2018;11;17;1;2;1;5;2;0;1;0;1;0;0;1;795467,1767;5830667,577;13,35820711;52,54573649
207121;11;11;11401136;2018;11;6;6;3;2;6;0;0;1;0;0;1;0;1;805899,9727;5825850,525;13,50715431;52,49680739
207122;11;4;4100101;2018;11;21;1;3;2;6;2;0;1;0;1;0;0;1;791638,4218;5830678,603;13,30191596;52,54789843
207123;11;1;1100206;2018;11;5;6;3;5;3;2;0;1;0;0;0;1;1;797958,7638;5827080,145;13,39162663;52,51222286
207124;11;4;4200311;2018;11;13;6;3;5;7;0;0;1;0;0;0;0;0;790145,2384;5825392,656;13,27534509;52,50130682
207125;11;5;5100206;2018;11;12;3;2;5;7;0;0;1;0;0;0;0;1;781704,5244;5831318,765;13,15635218;52,55886662
207126;11;4;4300622;2018;11;7;6;3;1;5;1;1;1;0;0;0;0;1;793962,1497;5826804,004;13,33266071;52,51191599
207127;11;4;4500936;2018;11;13;6;3;2;6;0;1;1;0;0;0;0;0;792267,0146;5825444,198;13,30655949;52,50063657
207128;11;8;8200623;2018;11;14;3;3;0;4;0;1;0;1;0;0;0;1;801358,7452;5821240,665;13,43629738;52,45801457
207129;11;4;4501041;2018;11;1;6;3;0;1;2;1;0;0;0;0;0;0;793054,3461;5825587,351;13,31825106;52,50149763
207130;11;5;5200630;2018;11;12;6;3;4;6;0;1;0;0;0;0;0;0;784526,1193;5828040,195;13,19505373;52,52800394
207131;11;3;3300516;2018;11;12;3;3;0;7;0;0;1;0;0;0;0;1;801111,1535;5834105,675;13,44430682;52,57346246
207132;11;1;1401048;2018;11;5;6;3;2;6;1;0;1;0;1;0;0;1;795426,656;5831539,616;13,35838713;52,55357551
207133;11;5;5200629;2018;11;8;3;2;6;2;0;0;1;1;0;0;0;1;784706,0861;5828587,713;13,19816835;52,53281904
207134;11;4;4500939;2018;11;12;6;3;5;2;0;0;1;0;0;0;1;1;792443,0979;5824116,922;13,30798096;52,48864351
207135;11;4;4400728;2018;11;12;6;3;5;2;0;0;1;0;0;0;0;1;790686,1989;5822702,86;13,28094576;52,47690464
207136;11;8;8100208;2018;11;11;6;3;5;3;0;0;1;0;0;0;0;0;801029,2916;5822499,617;13,43259878;52,46948054
207137;11;9;9200715;2018;11;11;6;3;5;2;0;0;1;0;0;0;0;0;807713,4836;5818117,82;13,52665602;52,42648641
207138;11;6;6400839;2018;11;7;3;3;6;4;0;0;1;1;0;0;0;1;788175,3489;5818714,309;13,24063565;52,44247556
207139;11;3;3601453;2018;11;10;6;3;5;3;0;0;1;0;0;0;0;0;802898,2152;5828628,843;13,46560113;52,5233833
207140;11;2;2200207;2018;11;13;6;3;0;7;0;0;1;0;0;0;0;0;797230,0373;5824821,147;13,37890364;52,49237099
207141;11;8;8100102;2018;11;15;1;3;0;1;0;0;1;0;0;0;0;1;800177,0048;5823644,637;13,42112016;52,48021285
207142;11;7;7100102;2018;11;19;1;3;8;1;2;0;1;0;0;0;0;1;795493,2876;5825553,796;13,3540476;52,49988158
207143;11;5;5300737;2018;11;19;2;3;5;2;1;0;1;0;0;0;0;0;788032,2053;5829373,052;13,24774907;52,5381124
207144;11;1;1300733;2018;11;18;6;3;2;6;2;0;1;0;0;0;0;0;797139,7304;5831385,825;13,38344206;52,55126509
207145;11;5;5100316;2018;11;16;2;3;5;2;1;1;1;0;0;0;0;0;783788,7148;5829112,407;13,18512849;52,53800195
207146;11;1;1300733;2018;11;17;6;3;3;6;2;1;1;0;0;0;0;0;797203,829;5831349,433;13,38435207;52,55090391
207147;11;10;10100311;2018;11;17;6;3;2;6;2;0;1;0;0;0;0;0;806486,7421;5829658,825;13,51927801;52,53060901
207148;11;1;1100104;2018;11;17;3;3;3;6;2;1;0;0;0;0;1;0;796428,1387;5825517,567;13,36774683;52,49904981
207149;11;2;2400521;2018;11;7;3;3;5;2;0;0;1;0;1;0;0;1;800680,906;5828487,399;13,43289037;52,52334275
207150;11;8;8100105;2018;11;8;6;3;0;2;0;1;1;0;0;0;0;0;801081,5918;5821967,616;13,43288637;52,46468323
207151;11;7;7300619;2018;11;18;5;3;1;5;2;1;1;0;0;0;0;0;795004,3665;5822160,669;13,34386295;52,46972893
207152;11;1;1401049;2018;11;15;1;3;1;1;0;0;1;0;1;0;0;1;795755,1286;5831901,667;13,36354034;52,55664268
207153;11;7;7400927;2018;11;12;2;3;5;3;0;0;1;0;0;0;1;0;798837,1913;5821787,763;13,39978677;52,4643032
207154;11;11;11100309;2018;11;22;5;3;5;3;2;0;1;0;0;0;1;0;805792,946;5833214,063;13,51235545;52,56286157
207155;11;6;6100102;2018;11;14;2;3;2;6;0;0;1;0;0;0;0;0;793523,7852;5820664,984;13,32081386;52,45711815
207156;11;12;12100101;2018;11;17;1;3;5;2;2;0;1;0;0;0;0;1;795782,9008;5832578,345;13,3645519;52,56269335
207157;11;8;8100102;2018;11;21;5;3;1;5;2;1;1;0;0;0;0;0;800520,2321;5823423,653;13,42595981;52,47804331
207158;11;6;6200313;2018;11;17;3;2;6;4;2;0;1;1;0;0;0;1;795400,3236;5818163,668;13,34613981;52,43368438
207159;11;4;4100101;2018;11;19;5;3;2;6;2;0;1;0;1;0;0;0;791325,1643;5830671,567;13,29730311;52,54800297
207160;11;1;1300733;2018;11;13;1;3;5;3;0;0;1;0;0;0;0;1;797357,655;5831192,29;13,38647336;52,54941137
207161;11;7;7501031;2018;11;14;3;3;5;3;0;0;1;0;0;0;0;1;798356,543;5820515,56;13,39159581;52,45316205
207162;11;8;8100417;2018;11;19;5;2;6;4;2;0;1;1;0;0;0;0;802557,3268;5823098,461;13,45556823;52,47400391
207163;11;8;8100313;2018;11;19;5;3;0;1;2;1;0;0;0;0;0;0;801856,9728;5824452,644;13,44651429;52,48652914
207164;11;2;2200209;2018;11;15;3;3;5;2;0;0;1;0;0;0;0;1;797757,768;5824034,423;13,38595072;52,4850313
207165;11;2;2100102;2018;11;14;5;3;3;6;0;0;1;0;1;0;0;0;798347,3878;5826262,921;13,3966038;52,5046851
207166;11;2;2500831;2018;11;13;1;3;5;2;0;1;1;0;0;0;0;1;802856,7912;5827467,975;13,46393566;52,51300161
207167;11;4;4300414;2018;11;10;2;3;5;7;0;1;1;0;0;0;0;0;791183,1478;5826514,223;13,29157335;52,51080874
207168;11;8;8401243;2018;11;13;5;2;6;4;0;1;0;1;0;0;0;0;806165,9757;5817736,86;13,50361909;52,42394014
207169;11;6;6200420;2018;11;6;2;3;5;2;1;0;1;0;0;0;0;1;792722,1583;5816229,975;13,30516582;52,41778879
207170;11;9;9300920;2018;11;12;5;2;6;4;0;0;0;1;1;0;0;0;807550,8602;5815365,942;13,52174343;52,40191468
207171;11;1;1200522;2018;11;16;3;3;5;3;1;0;1;0;0;0;0;1;793819,3656;5827955,998;13,33158015;52,52231993
207172;11;1;1100207;2018;11;19;5;2;3;6;1;0;1;0;1;0;0;0;798588,9441;5826884,862;13,40070995;52,51012782
207173;11;12;12200515;2018;11;13;1;3;5;3;0;0;1;0;0;0;0;1;790053,5028;5835750,489;13,28304416;52,59421399
207174;11;2;2200208;2018;11;9;3;3;5;2;0;1;1;0;0;0;0;1;797280,9244;5824851,246;13,37967781;52,49261308
207175;11;7;7200307;2018;11;19;5;3;5;7;2;1;1;0;0;0;0;0;794942,5015;5824454,272;13,34498375;52,49032305