OBJECTID;LAND;BEZ;LOR_ab_2021;UJAHR;UMONAT;USTUNDE;UWOCHENTAG;UKATEGORIE;UART;UTYP1;ULICHTVERH;IstRad;IstPKW;IstFuss;IstKrad;IstGkfz;IstSonstig;USTRZUSTAND;LINREFX;LINREFY;XGCSWGS84;YGCSWGS84
207176;11;4;4400728;2018;11;11;1;3;5;3;0;0;1;0;0;0;0;1;790300,0568;5822851,05;13,27540525;52,47843858
207177;11;4;4501043;2018;11;10;5;3;6;4;0;1;0;1;0;0;0;0;792488,9321;5824753,208;13,30921262;52,49432311
207178;11;3;3601453;2018;11;18;5;3;1;5;2;1;1;0;0;0;0;0;802473,9544;5828340,907;13,45910504;52,52103807
207179;11;3;3400724;2018;11;19;1;3;0;6;2;0;1;0;1;0;0;0;799475,0993;5834658,681;13,42073704;52,57932189
207180;11;3;3601141;2018;11;10;5;3;5;3;0;1;1;0;0;0;0;0;798978,9139;5831613,163;13,41069151;52,55229646
207181;11;2;2500727;2018;11;18;5;3;2;6;2;0;1;0;0;0;0;0;802694,6542;5828227,811;13,46224499;52,51990194
207182;11;7;7200409;2018;11;12;3;3;2;6;0;0;1;0;0;0;0;1;794995,1758;5824316,514;13,34563535;52,48905968
207183;11;5;5400942;2018;11;9;5;3;5;2;0;1;1;0;0;0;0;0;782220,1938;5820362,456;13,15464829;52,46036009
207184;11;5;5300737;2018;11;8;5;3;3;6;0;0;1;0;1;0;1;0;787099,5973;5829374,568;13,23403765;52,53861814
207185;11;5;5100316;2018;11;9;1;2;6;2;0;0;1;1;0;0;0;1;784806,7969;5828783,907;13,19981718;52,53452548
207186;11;1;1400938;2018;11;8;3;3;2;6;0;0;1;0;1;0;0;1;794469,4066;5830697,548;13,34356239;52,54654537
207187;11;1;1200520;2018;11;8;5;3;0;2;0;1;1;0;0;0;0;0;794567,4728;5828660,589;13,34319874;52,52823248
207188;11;1;1401045;2018;11;18;5;3;2;6;2;0;1;0;0;0;0;0;796950,9991;5831899,742;13,3811264;52,55597467
207189;11;5;5200528;2018;11;8;5;3;2;6;0;0;1;0;0;0;1;0;782995,4356;5826088,05;13,17088965;52,51129719
207190;11;4;4501148;2018;11;7;5;2;5;2;0;0;1;0;0;0;0;1;792822,2628;5823226,259;13,31276683;52,48045571
207191;11;12;12400618;2018;11;7;3;3;2;6;0;0;1;0;0;0;0;1;787372,313;5837854,651;13,2453983;52,61450197
207192;11;7;7601545;2018;11;7;5;3;6;4;0;0;1;1;0;0;0;0;800609,1173;5813893,725;13,41869538;52,39257296
207193;11;5;5100316;2018;11;17;5;3;5;2;2;1;1;0;0;0;0;0;783644,9236;5829307,542;13,18318068;52,53982643
207194;11;8;8100206;2018;11;7;5;2;1;5;0;1;1;0;0;0;0;0;800545,3154;5823757,496;13,42662893;52,48102187
207195;11;5;5200629;2018;11;7;5;3;5;3;1;1;1;0;0;0;0;0;784452,9133;5828665,06;13,19451223;52,53364472
207196;11;3;3601450;2018;11;10;3;3;5;3;0;0;1;0;0;1;0;1;802327,3278;5829201,085;13,45773255;52,5288291
207197;11;9;9401534;2018;11;6;5;3;2;6;2;0;1;0;0;0;0;0;810762,0305;5820317,188;13,57339211;52,44447357
207198;11;6;6100208;2018;11;17;5;3;5;3;2;0;1;0;0;0;0;0;794767,9815;5820879,995;13,33926196;52,45837599
207199;11;9;9200715;2018;11;9;1;3;5;3;0;1;0;0;0;0;1;1;808808,9339;5819002,66;13,54353293;52,43379923
207200;11;2;2300418;2018;11;8;2;3;6;4;1;0;1;1;0;0;0;0;801131,9447;5825209,972;13,43655342;52,49371762
207201;11;3;3501038;2018;11;16;5;3;5;2;2;1;1;0;0;0;0;0;803557,7666;5832295,112;13,47864204;52,5558761
207202;11;4;4200311;2018;11;15;5;3;2;6;1;0;0;0;1;0;1;0;790480,7775;5826048,741;13,28084674;52,50701016
207203;11;10;10300734;2018;11;16;5;3;5;2;2;1;1;0;0;0;0;0;809583,048;5824504,827;13,5599853;52,48267105
207204;11;9;9200717;2018;11;7;3;3;5;3;1;1;1;0;0;0;0;1;809273,077;5819595,726;13,55088721;52,43885204
207205;11;4;4300416;2018;11;10;5;3;0;1;0;0;0;0;1;0;0;0;791786,805;5826097,946;13,30007818;52,50675432
207206;11;4;4200206;2018;11;9;1;3;6;7;0;1;0;1;0;0;0;1;788765,4823;5825875,092;13,2554936;52,50636396
207207;11;4;4501042;2018;11;17;2;2;6;4;2;0;1;1;0;0;0;0;793897,5135;5825895,036;13,33090847;52,50380239
207208;11;6;6400840;2018;11;16;5;2;5;2;2;0;1;0;1;0;0;1;788785,094;5819814,563;13,2505327;52,45201825
207209;11;6;6300526;2018;11;14;2;2;6;4;1;1;0;1;0;0;0;0;789538,9643;5817826,836;13,25987301;52,43379867
207210;11;2;2400625;2018;11;2;1;3;5;7;2;0;1;0;0;0;0;0;801684,769;5826128,023;13,44550303;52,50164096
207211;11;4;4300414;2018;11;13;2;3;6;4;0;1;0;1;0;0;0;1;791681,6614;5827489,219;13,29975289;52,5192831
207212;11;2;2400625;2018;11;16;5;3;3;7;2;1;1;0;0;0;0;0;801714,046;5826170,451;13,44597147;52,50200507
207213;11;11;11300620;2018;11;8;2;3;5;2;0;1;0;0;0;1;0;1;804212,5136;5829070,692;13,48531752;52,52661174
207214;11;10;10400939;2018;11;16;5;3;0;3;1;0;0;0;0;0;1;0;812276,0737;5827765,426;13,60257019;52,51035661
207215;11;4;4500938;2018;11;19;3;3;0;2;2;1;1;0;0;0;0;1;791958,4694;5824809,268;13,30147044;52,49510969
207216;11;12;12601032;2018;11;15;5;3;2;6;0;0;1;0;0;0;1;0;792564,7626;5837366,925;13,32144069;52,60735938
207217;11;4;4300412;2018;11;15;1;3;2;6;0;0;1;0;0;0;0;1;790602,28;5827358,7;13,28377585;52,51868928
207218;11;12;12200307;2018;11;6;3;3;0;1;1;0;0;0;1;0;0;1;793538,668;5834139,084;13,33292084;52,57789896
207219;11;1;1300730;2018;11;15;5;3;2;2;0;0;1;0;0;0;0;0;796171,0636;5832274,523;13,36999033;52,5597589
207220;11;7;7501133;2018;11;12;1;3;0;7;0;0;0;0;1;0;0;1;797675,1302;5818585,83;13,37987852;52,43623547
207221;11;11;11300723;2018;11;18;1;2;1;5;2;0;1;0;1;0;0;1;805062,6863;5828430,468;13,49722334;52,52039873
207222;11;11;11300721;2018;11;14;5;3;2;6;0;0;0;0;0;0;1;0;805197,2738;5828990,386;13,49971457;52,52534165
207223;11;7;7601547;2018;11;5;2;3;2;6;2;0;1;0;0;0;0;1;800275,4919;5812785,87;13,41281487;52,38282546
207224;11;3;3400725;2018;11;18;5;3;5;2;2;0;1;0;0;0;0;0;799198,8192;5835154,9;13,41711983;52,58392165
207225;11;2;2200213;2018;11;13;3;3;2;7;0;0;1;0;1;0;0;1;800112,3204;5824846,412;13,42125258;52,49102044
207226;11;2;2300314;2018;11;1;5;3;6;4;2;1;0;1;0;0;0;0;799931,8681;5826039,856;13,41967733;52,50181699
207227;11;2;2300316;2018;11;10;1;3;9;1;0;0;1;0;0;0;0;1;801631,9618;5826039,983;13,44464769;52,50088104
207228;11;5;5200629;2018;11;17;5;3;2;6;2;0;1;0;0;0;0;0;784392,8197;5828680,375;13,19364178;52,53381339
207229;11;4;4300412;2018;11;16;3;3;6;2;2;0;1;1;0;0;0;1;790799,0218;5827373,638;13,28668027;52,51871832
207230;11;6;6100207;2018;11;18;4;3;0;6;2;0;1;0;0;0;1;0;794218,1984;5820288,853;13,33067287;52,45337292
207231;11;11;11400927;2018;11;13;1;2;0;1;0;1;0;0;0;0;0;1;803709,336;5826292,916;13,47538806;52,50199585
207232;11;1;1401049;2018;11;13;3;3;5;2;0;1;1;0;0;0;0;1;795899,65;5831965,086;13,3657224;52,55713266
207233;11;2;2300419;2018;11;22;4;3;0;7;2;1;0;0;0;0;0;0;800988,7189;5825720,645;13,43491157;52,4983739
207234;11;7;7300619;2018;11;22;1;3;5;2;2;1;1;0;0;0;0;0;794664,2967;5821801,912;13,33855428;52,4666964
207235;11;11;11200411;2018;11;21;4;2;0;1;2;1;0;0;0;0;0;0;805621,9271;5831618,278;13,50837118;52,54865576
207236;11;5;5200526;2018;11;14;1;3;2;6;0;0;1;0;0;0;1;1;782348,5169;5827041,006;13,16219121;52,52017707
207237;11;11;11401034;2018;11;20;1;3;5;3;2;0;1;0;0;0;0;1;807525,4331;5827478,931;13,5325267;52,51048783
207238;11;8;8100311;2018;11;21;4;3;1;5;2;1;1;0;0;0;0;0;800623,0894;5824411,773;13,42836076;52,48684358
207239;11;6;6400843;2018;11;20;4;3;5;3;1;0;1;0;0;0;0;0;792356,8711;5820764,086;13,30377583;52,45863204
207240;11;7;7200413;2018;11;12;3;2;0;1;0;1;0;0;0;0;0;1;795965,2898;5823869,268;13,35948428;52,48452541
207241;11;6;6300527;2018;11;20;4;2;5;3;2;0;1;0;0;0;0;0;790701,881;5817774,72;13,27688558;52,43271464
207242;11;6;6300629;2018;11;18;4;3;6;4;2;1;0;1;0;0;0;0;791857,0734;5819141,908;13,29502321;52,44435639
207243;11;9;9501940;2018;11;19;7;2;6;4;2;0;1;1;0;0;0;0;811428,852;5821578,181;13,58434709;52,45539458
207244;11;7;7601442;2018;11;17;3;3;6;2;2;0;1;1;0;0;0;1;798701,8711;5816033,019;13,39265798;52,41279268
207245;11;5;5200631;2018;11;17;4;3;6;2;2;0;1;1;0;0;0;0;785129,9716;5827309,326;13,20330424;52,5211355
207246;11;7;7300619;2018;11;18;7;3;1;1;2;0;1;0;0;0;0;0;795355,4313;5822239,296;13,34908574;52,47024408
207247;11;5;5200629;2018;11;17;4;3;0;2;2;0;1;0;0;0;1;0;784667,7614;5828502,496;13,19753189;52,53207499
207248;11;3;3500932;2018;11;8;3;3;5;5;0;0;1;0;0;0;0;1;801742,0111;5832971,287;13,45255564;52,56294565
207249;11;4;4501045;2018;11;16;4;3;2;7;1;0;1;0;1;0;0;0;793922,9875;5824970,829;13,33046703;52,49550362
207250;11;9;9301126;2018;11;18;1;3;4;2;2;0;1;0;0;0;0;1;810134,5363;5818041,806;13,56207865;52,42443836
207251;11;7;7601547;2018;11;16;4;3;6;2;1;0;0;1;0;0;1;0;800037,685;5813263,096;13,40975836;52,38723344
207252;11;1;1100310;2018;11;15;4;3;2;6;0;0;1;0;0;0;0;0;799115,4102;5827603,536;13,40909023;52,51628128
207253;11;9;9100101;2018;11;15;4;3;2;6;1;1;1;0;0;0;0;0;802614,7234;5824476,481;13,45766135;52,48632332
207254;11;8;8401139;2018;11;7;3;3;5;3;0;0;1;0;0;0;0;1;803301,8024;5818528,034;13,46234471;52,43262649
207255;11;4;4300620;2018;11;15;4;3;5;7;0;0;1;0;0;0;1;0;793597,6122;5827851,12;13,32822855;52,52149921
207256;11;1;1200629;2018;11;7;4;3;2;6;0;1;1;0;0;0;0;1;794893,004;5827773,771;13,3471971;52,52010682
207257;11;9;9200717;2018;11;15;1;3;0;3;0;1;1;0;0;0;0;0;809547,3302;5819794,512;13,55509304;52,44047838
207258;11;4;4300623;2018;11;19;2;3;0;3;2;1;0;0;0;0;0;0;792272,9616;5826501,273;13,30757486;52,51010982
207259;11;7;7601443;2018;11;15;4;2;5;3;0;0;0;0;1;0;1;0;800409,0379;5814527,575;13,41633211;52,39836431
207260;11;2;2200208;2018;11;7;2;3;2;7;0;0;1;0;0;0;1;0;797686,3579;5824966,173;13,38573453;52,49342232
207261;11;6;6400844;2018;11;7;4;3;5;3;0;1;1;0;0;0;0;1;792416,7733;5821433,659;13,30524154;52,46460263
207262;11;7;7300515;2018;11;7;4;3;5;3;0;1;1;0;0;0;0;0;793499,7625;5822495,232;13,32207105;52,4735386
207263;11;7;7300619;2018;11;18;3;3;2;6;2;0;1;0;0;0;0;0;795372,3955;5820977,923;13,34821835;52,45892753
207264;11;1;1100103;2018;11;7;3;3;2;6;1;0;1;0;0;0;0;1;795290,7821;5826074,843;13,35153513;52,50466199
207265;11;11;11501238;2018;11;7;4;2;5;2;0;1;0;0;0;0;0;0;804766,9963;5825411,833;13,49011542;52,49350941
207266;11;4;4501148;2018;11;7;4;3;5;7;0;1;1;0;0;0;0;0;792903,341;5823281,644;13,31400596;52,48090874
207267;11;1;1300733;2018;11;23;7;3;1;5;2;1;1;0;0;0;0;0;797338,2964;5831617,76;13,38656971;52,55323575
207268;11;1;1300836;2018;11;17;2;2;6;2;2;0;1;1;0;0;0;1;796979,2924;5831480,509;13,38116747;52,55220132
207269;11;6;6200422;2018;11;7;4;2;5;3;0;0;1;0;0;0;1;1;794150,1879;5816694,016;13,32651144;52,42118315
207270;11;9;9100407;2018;11;7;2;3;6;4;0;1;0;1;0;0;0;0;806130,8769;5820389,778;13,50553384;52,44773655
207271;11;1;1300834;2018;11;16;1;3;0;1;1;0;0;0;1;0;0;1;798028,1258;5830074,497;13,39532932;52,53902546
207272;11;7;7100204;2018;11;14;4;2;5;3;0;0;1;0;0;0;0;0;795348,4396;5824673,623;13,35113959;52,49206989
207273;11;5;5100316;2018;11;17;3;3;5;2;2;1;1;0;0;0;0;1;783602,1945;5829160,744;13,18242703;52,53853245
207274;11;10;10100311;2018;11;13;4;3;2;6;0;0;1;0;0;0;1;0;806363,4884;5830184,555;13,51795127;52,53538999
207275;11;1;1100309;2018;11;23;7;3;2;6;2;0;1;0;0;0;0;0;798592,1698;5828896,026;13,40256252;52,52815338
207276;11;4;4501148;2018;11;14;3;3;2;6;0;0;1;0;0;0;0;1;792481,0015;5823602,285;13,30808598;52,48400959
207277;11;4;4200203;2018;11;13;4;3;5;2;0;0;1;0;0;0;0;0;787699,6404;5826425,25;13,24030881;52,51185954
207278;11;8;8200624;2018;11;22;7;3;6;2;2;0;1;1;0;0;0;0;800786,117;5821431,763;13,42806727;52,4600429
207279;11;1;1100206;2018;11;12;4;2;5;2;0;1;1;0;0;0;0;0;797197,8977;5827499,336;13,38082226;52,51639554
207280;11;11;11300721;2018;11;16;2;3;2;6;0;0;1;0;0;0;0;0;805555,137;5830060,774;13,50595681;52,5347344
207281;11;6;6100205;2018;11;16;3;3;2;2;2;0;1;0;0;0;0;1;795880,7229;5819369,835;13,35425342;52,44423719
207282;11;1;1401045;2018;11;11;4;3;2;6;0;0;1;0;1;0;0;0;796976,4692;5831511,934;13,38115406;52,55248454
207283;11;4;4501041;2018;11;10;2;3;1;5;0;1;1;0;0;0;0;0;792815,5462;5825762,456;13,31489709;52,50319559
207284;11;11;11200410;2018;11;11;4;3;5;2;0;0;1;0;0;0;0;0;806007,9074;5832605,94;13,51495605;52,55729071
207285;11;5;5200528;2018;11;7;2;2;5;3;0;0;1;0;1;0;0;1;783444,0586;5826734,855;13,17803351;52,51686366
207286;11;12;12200307;2018;11;10;4;2;6;4;0;0;1;1;0;0;0;0;793419,6585;5833379,717;13,33049761;52,57115589
207287;11;7;7400927;2018;11;16;3;3;6;2;2;0;1;1;0;0;0;1;798486,2372;5821896,503;13,39473344;52,46546975
207288;11;3;3601449;2018;11;10;4;3;2;6;0;0;1;0;0;0;0;1;801211,4548;5830380,541;13,44240204;52,54001839
207289;11;4;4300619;2018;11;9;3;3;5;7;0;0;1;0;0;0;0;1;792758,3674;5827044,958;13,31518512;52,51472348
207290;11;1;1100308;2018;11;10;4;3;5;7;0;1;1;0;0;0;0;0;797149,0315;5828207,54;13,38073685;52,52277041
207291;11;4;4300517;2018;11;10;4;3;5;2;0;1;0;0;0;0;0;0;791467,0778;5828249,951;13,29726602;52,52621769
207292;11;4;4300416;2018;11;9;4;3;5;3;0;0;1;0;0;0;0;0;791191,6634;5825691,7;13,29097897;52,50343032
207293;11;4;4300416;2018;11;8;4;2;5;2;0;0;1;0;1;0;0;0;791790,8722;5825888,907;13,29995471;52,50487814
207294;11;3;3200309;2018;11;11;3;3;2;6;0;0;1;0;0;0;0;1;800746,9968;5838676,655;13,44310019;52,61463363
207295;11;1;1100207;2018;11;8;4;3;5;2;0;1;1;0;0;0;0;0;798695,3668;5827086,798;13,40245465;52,51187964
207296;11;4;4300619;2018;11;8;4;3;5;7;0;1;1;0;0;0;0;0;791853,8817;5827440,842;13,30224141;52,51875726
207297;11;4;4300622;2018;11;7;4;3;6;7;0;0;1;1;0;0;0;1;793880,4093;5826828,57;13,33148138;52,51218026
207298;11;5;5200632;2018;11;12;3;3;2;6;0;0;1;0;0;0;0;1;785142,6401;5828329,938;13,20436566;52,53027963
207299;11;9;9301025;2018;11;7;4;3;0;1;0;0;0;0;1;0;0;1;808819,3116;5814862,623;13,53986538;52,3966901
207300;11;2;2200210;2018;11;6;4;3;6;2;1;0;1;1;0;0;0;0;798295,8662;5824778,586;13,39451764;52,49140809
207301;11;6;6100204;2018;11;8;3;3;2;6;0;0;1;0;0;0;1;1;795426,108;5820882,545;13,34892218;52,45804349
207302;11;9;9100101;2018;11;5;4;3;2;2;2;1;1;0;0;0;0;1;802116,5726;5824765,877;13,45060975;52,48919308
207303;11;2;2300315;2018;11;10;4;3;3;6;0;1;1;0;0;0;0;0;800502,6699;5826009,154;13,42803347;52,50122776
207304;11;4;4300416;2018;11;14;4;3;8;1;0;0;1;0;0;0;0;0;791394,562;5826084,077;13,29430318;52,50683963
207305;11;4;7300515;2018;11;8;4;2;0;1;0;1;0;0;0;0;0;1;793366,5069;5822919,125;13,32048766;52,47741025
207306;11;12;12400722;2018;11;7;3;3;5;3;0;1;1;0;0;0;0;1;790535,7128;5837210,381;13,29142415;52,60704427
207307;11;5;5100105;2018;11;19;3;3;0;6;2;0;0;0;0;0;1;0;784470,2318;5831676,142;13,19734614;52,56063304
207308;11;10;10200524;2018;11;21;3;3;5;3;0;1;0;0;0;0;1;0;812920,7618;5830251,188;13,61437704;52,53226215
207309;11;10;10100312;2018;11;18;1;2;5;2;2;1;1;0;0;0;0;1;807934,6073;5829198,169;13,54012811;52,52566473
207310;11;11;11300721;2018;11;18;2;3;2;2;2;1;1;0;0;0;0;1;805203,6875;5828708,63;13,49955024;52,52281284
207311;11;11;11400927;2018;11;9;3;3;0;3;0;1;1;0;0;0;0;0;803698,7103;5826382,587;13,47531378;52,50280546
207312;11;1;1100309;2018;11;8;2;3;5;3;0;1;1;0;0;0;0;0;797993,6161;5828648,627;13,39354371;52,52626327
207313;11;1;1100310;2018;11;19;3;3;0;1;2;0;0;0;1;0;0;0;799476,451;5828825,113;13,41549483;52,52703271
207314;11;1;1200517;2018;11;11;3;3;3;6;0;0;1;0;0;0;0;1;793502,1707;5829374,583;13,32817079;52,53520767
207315;11;8;8100206;2018;11;19;3;2;2;1;2;0;1;0;1;0;0;0;800640,8921;5823780,489;13,42805282;52,48117536
207316;11;5;5200632;2018;11;18;3;3;5;2;2;1;0;0;0;0;1;0;785662,8369;5828038,789;13,21176317;52,52739686
207317;11;4;4501042;2018;11;18;3;3;0;7;2;0;1;0;1;0;0;0;793778,6202;5825527,256;13,32883741;52,50056946
207318;11;2;2500835;2018;11;7;3;3;2;6;1;0;1;0;1;0;0;1;802462,5972;5826335,754;13,45711584;52,50307228
207319;11;1;1100103;2018;11;18;3;3;5;2;2;1;0;0;1;0;0;0;795204,078;5825904,697;13,35011057;52,50318367
207320;11;11;11400931;2018;11;12;2;3;6;4;0;0;1;1;0;0;0;1;806440,2987;5826890,622;13,51604574;52,5058259
207321;11;5;5100105;2018;11;7;2;3;2;6;0;0;1;0;0;0;0;0;783731,3386;5830633,217;13,18558396;52,55166761
207322;11;1;1401048;2018;11;16;1;3;2;6;0;0;1;0;0;0;0;1;795071,4715;5831244,215;13,35290105;52,55112003
207323;11;11;11100309;2018;11;10;3;3;2;6;0;0;1;0;0;0;0;0;805744,0592;5833555,068;13,51195074;52,56594519
207324;11;5;5100316;2018;11;15;3;3;3;6;1;1;0;0;0;0;0;1;785191,2559;5829361,547;13,20596566;52,53950351
207325;11;6;6200421;2018;11;17;5;3;4;7;2;1;0;0;0;0;0;0;793796,5634;5817578,71;13,32210327;52,42930415
207326;11;10;10200526;2018;11;12;1;3;0;2;0;0;0;1;1;0;0;0;812494,3686;5829951,053;13,60782938;52,52981722
207327;11;2;2200213;2018;11;8;4;3;5;2;0;1;1;0;0;0;0;0;799809,5407;5824993,785;13,41693904;52,49250779
207328;11;1;1300835;2018;11;20;1;3;5;2;2;1;1;0;0;0;0;0;797542,8673;5829415,72;13,38760572;52,53338552
207329;11;4;4200310;2018;11;19;4;3;5;3;2;0;1;0;0;0;0;0;790215,0782;5826449,032;13,27729198;52,51074022
207330;11;4;4400833;2018;11;12;1;2;5;2;0;1;1;0;0;0;0;0;791983,0204;5822391,492;13,29971321;52,47342149
207331;11;11;11400928;2018;11;10;4;3;2;6;0;1;0;0;0;0;1;0;804751,9006;5825973,037;13,49040716;52,49854767
207332;11;9;9200510;2018;11;10;1;3;5;3;0;0;1;0;0;0;0;0;805946,56;5822646,495;13,50489818;52,46806547
207333;11;1;1100308;2018;11;7;4;3;5;2;0;1;1;0;0;0;0;0;797077,8347;5828989,213;13,38038892;52,52981602
207334;11;2;2200210;2018;11;8;5;3;0;1;0;0;1;0;1;0;0;0;798267,1841;5824786,034;13,39410311;52,49149052
207335;11;11;11300620;2018;11;8;1;3;1;5;0;0;1;0;0;0;0;0;803687,6799;5829463,799;13,47796411;52,53042763
207336;11;6;6100102;2018;11;7;4;3;6;4;0;0;1;1;0;0;0;0;793643,8465;5820604,159;13,32252227;52,45650838
207337;11;1;1100310;2018;11;1;1;3;6;4;2;0;1;1;0;0;0;0;799498,019;5828344,449;13,41537892;52,52271245
207338;11;6;6300629;2018;11;6;4;3;2;2;0;0;1;0;0;0;0;0;791753,139;5819293,432;13,29363067;52,44577027
207339;11;9;9401534;2018;11;22;1;3;1;5;2;0;1;0;0;0;0;1;811366,3255;5820121,258;13,58207192;52,44237399
207340;11;1;1300730;2018;11;13;6;3;2;6;0;0;1;0;0;0;1;0;796665,7008;5831974,024;13,37699695;52,55679601
207341;11;12;12200309;2018;11;22;1;3;5;2;2;0;1;0;0;0;1;1;793486,1008;5832426,351;13,33063169;52,56257372
207342;11;7;7601238;2018;11;6;4;2;1;1;0;0;1;0;1;0;0;0;798066,8761;5816759,248;13,38399633;52,41964872
207343;11;1;1200623;2018;11;17;1;3;5;3;1;0;1;0;1;0;0;1;795088,9049;5828867,816;13,35104676;52,52980811
207344;11;8;8100311;2018;11;18;1;3;1;5;2;1;1;0;0;0;0;1;800544,5736;5824451,258;13,42724353;52,48724072
207345;11;6;6200313;2018;11;11;4;3;0;2;0;0;1;0;0;0;1;0;795264,3434;5818618,545;13,34454719;52,43783551
207346;11;2;2400625;2018;11;4;5;2;5;2;2;0;1;0;0;0;0;0;801742,0158;5826255,497;13,44645935;52,50275188
207347;11;3;3601141;2018;11;18;1;3;2;2;2;1;1;0;0;0;0;1;799244,5983;5831803,823;13,41477023;52,55385953
207348;11;4;4400725;2018;11;19;1;3;3;6;2;0;1;0;0;0;0;0;790559,7471;5825205,1;13,28127079;52,4994048
207349;11;1;1100415;2018;11;20;3;3;1;5;2;1;1;0;0;0;0;0;798175,2682;5829351,736;13,39684397;52,53246639
207350;11;6;6400737;2018;11;20;1;2;0;1;2;0;1;0;0;0;0;1;785386,2348;5817648,299;13,19880255;52,43438041
207351;11;7;7200409;2018;11;3;7;2;3;6;2;1;0;0;0;0;1;0;795274,6075;5824389,905;13,34980387;52,4895665
207352;11;5;5200634;2018;11;15;3;3;5;2;0;0;1;0;0;0;0;0;785567,742;5826166,963;13,20875831;52,5106641
207353;11;1;1200522;2018;11;17;7;3;2;5;2;0;1;0;0;0;0;0;794260,3147;5828333,045;13,33839415;52,52546214
207354;11;10;10200420;2018;11;7;6;2;6;4;1;0;1;1;0;0;0;1;811347,2233;5830419,888;13,59141258;52,53467493
207355;11;9;9200715;2018;11;7;7;3;5;3;1;1;1;0;0;0;0;0;807643,4362;5819360,867;13,52677271;52,43766627
207356;11;1;1300733;2018;11;17;4;3;5;2;2;0;1;0;0;0;0;0;797680,7742;5831317,438;13,39133684;52,55035669
207357;11;4;4300412;2018;11;20;7;2;9;1;2;0;1;0;0;0;0;0;791679,0226;5827745,335;13,2999387;52,52158055
207358;11;1;1401045;2018;11;20;7;2;6;2;2;0;1;1;0;0;0;0;796703,1644;5831625,475;13,37723639;52,55365126
207359;11;1;2100101;2018;11;19;4;3;2;2;2;1;1;0;0;0;0;1;797044,8213;5826531,225;13,3777089;52,50780086
207360;11;4;4501043;2018;11;12;7;3;1;5;0;1;1;0;0;0;1;0;792884,7363;5824345,404;13,31466753;52,49045502
207361;11;9;9502043;2018;11;11;7;3;2;2;0;0;1;0;0;0;0;0;809220,3718;5823020,863;13,55328579;52,46957752
207362;11;2;2500726;2018;11;17;3;1;6;4;2;0;0;1;0;0;1;0;801847,0014;5828996,757;13,45048802;52,52726386
207363;11;4;4300412;2018;11;11;7;3;5;2;0;1;1;0;0;0;0;0;791672,4039;5827545,115;13,29966585;52,51978915
207364;11;6;6200313;2018;11;11;7;3;0;7;0;0;1;0;0;0;1;0;795317,9051;5818507,962;13,34523514;52,43681527
207365;11;5;5200528;2018;11;22;3;2;5;2;2;0;1;0;0;0;0;0;783895,2731;5826614,293;13,18456239;52,51554798
207366;11;2;2100106;2018;11;10;7;3;5;3;0;0;0;0;1;0;1;0;799578,3369;5825668,437;13,41415053;52,49868198
207367;11;1;1100308;2018;11;19;5;3;1;5;2;0;1;0;0;0;0;0;797053,0071;5829317,498;13,38031735;52,53277226
207368;11;6;6400842;2018;11;10;7;3;5;3;0;0;1;0;0;0;0;0;789985,431;5819213,68;13,26762529;52,44599569
207369;11;3;3701555;2018;11;9;4;3;2;6;0;1;0;0;0;0;0;0;799901,3746;5829991,252;13,42279175;52,53725164
207370;11;3;3200204;2018;11;6;7;3;0;7;2;0;1;0;0;0;0;0;798611,9922;5837379,193;13,41048977;52,6041813
207371;11;2;2200210;2018;11;21;3;3;5;2;2;1;1;0;0;0;0;0;798885,4568;5825088,15;13,40345339;52,49386041
207372;11;2;2500726;2018;11;0;7;3;1;1;2;0;1;0;1;0;0;0;802035,8346;5828273,6;13,45260632;52,52067764
207373;11;3;3400723;2018;11;20;7;3;5;3;2;1;1;0;0;0;0;0;798847,7106;5833244,827;13,41023146;52,56699383
207374;11;3;3200206;2018;11;21;3;2;6;2;2;0;1;1;0;0;0;0;798343,935;5834830,5;13,40424762;52,58148335
207375;11;4;4501153;2018;11;18;7;3;9;1;2;0;1;0;0;0;0;0;793909,6897;5823315,572;13,32881193;52,48067218
207376;11;9;9100407;2018;11;15;7;3;3;6;0;0;1;0;0;0;1;0;806312,9352;5820868,799;13,50864358;52,45192777
207377;11;5;5300737;2018;11;21;3;3;5;3;2;0;1;0;0;0;0;0;788031,178;5829380,608;13,24774052;52,53818069
207378;11;11;11200512;2018;11;15;7;3;1;5;0;0;1;0;0;1;0;0;803990,9558;5831368,498;13,48416364;52,54732965
207379;11;4;4300622;2018;11;21;3;3;9;1;1;0;0;0;1;0;0;0;793255,6526;5826910,994;13,32237428;52,51325541
207380;11;6;6100208;2018;11;16;5;3;5;3;2;1;1;0;0;0;0;0;794312,6855;5820581,019;13,33231684;52,45594119
207381;11;8;8200726;2018;11;14;7;3;2;6;0;0;1;0;0;0;0;0;801405,4599;5820200,966;13,43604447;52,44866967
207382;11;6;6400844;2018;11;19;3;3;0;3;2;0;1;0;1;0;0;0;792066,6814;5821474,876;13,300139;52,46515939
207383;11;2;2200210;2018;11;13;7;3;5;3;0;0;1;0;0;0;0;0;798475,78;5825219,172;13,39755437;52,49525903
207384;11;7;7501135;2018;11;18;3;3;5;3;2;0;1;0;1;0;0;0;798561,706;5816879,567;13,39135851;52,42045753