OBJECTID;LAND;BEZ;LOR_ab_2021;UJAHR;UMONAT;USTUNDE;UWOCHENTAG;UKATEGORIE;UART;UTYP1;ULICHTVERH;IstRad;IstPKW;IstFuss;IstKrad;IstGkfz;IstSonstig;USTRZUSTAND;LINREFX;LINREFY;XGCSWGS84;YGCSWGS84
207593;11;11;11200410;2018;11;15;2;2;6;4;1;0;1;1;0;0;0;1;805238,1155;5832168,857;13,50323454;52,55380543
207594;11;7;7400823;2018;11;17;3;3;6;2;2;0;1;1;0;0;0;0;797261,1424;5820739,6;13,37572288;52,45576714
207595;11;1;1300836;2018;11;15;2;3;5;2;1;0;1;0;0;0;0;1;796287,658;5830600,872;13,37021168;52,54469296
207596;11;1;1100309;2018;11;9;3;3;6;2;0;0;1;1;0;0;0;1;798293,2255;5828780,364;13,39806512;52,52728028
207597;11;5;5100211;2018;11;15;2;3;5;2;0;1;1;0;0;0;0;1;781899,2831;5829572,954;13,15773519;52,54311214
207598;11;11;10100205;2018;11;7;3;3;5;2;0;0;1;0;0;0;1;1;806910,688;5832619,44;13,52824334;52,55690369
207599;11;1;1100206;2018;11;20;5;3;2;6;2;1;1;0;0;0;0;0;797611,0071;5827024,971;13,38646802;52,51191814
207600;11;3;3701554;2018;11;21;3;3;5;3;2;1;1;0;0;0;0;1;798995,7069;5829262,158;13,40882258;52,53121404
207601;11;5;5300737;2018;11;16;4;3;2;6;2;0;1;0;1;0;0;0;787255,9267;5829769,637;13,23667787;52,54207777
207602;11;1;1200517;2018;11;21;3;3;5;3;2;0;1;0;0;0;0;1;792596,9125;5828786,545;13,31434483;52,53042288
207603;11;4;4200311;2018;11;14;2;3;1;5;0;0;1;0;0;0;0;0;790584,9236;5826703,834;13,28294884;52,51282763
207604;11;6;6200316;2018;11;20;3;3;1;3;2;0;1;0;1;0;0;1;796372,5401;5817698,335;13,35998642;52,42898712
207605;11;5;5100316;2018;11;15;2;3;6;2;0;0;1;1;0;0;0;1;785047,1664;5828921,104;13,20346903;52,53562992
207606;11;11;11400927;2018;11;14;2;3;0;1;0;0;0;0;1;0;0;1;803801,7967;5826671,901;13,4770918;52,50534112
207607;11;11;11400929;2018;11;13;5;3;0;3;0;0;1;0;1;0;0;0;804998,3468;5826568,814;13,49457196;52,50374966
207608;11;7;7601544;2018;11;8;3;3;6;4;2;0;1;1;0;0;0;1;799627,5484;5813972,882;13,40438427;52,39382025
207609;11;9;9501939;2018;11;13;4;2;5;2;0;0;0;0;1;0;1;0;809940,8782;5821619,376;13,5625574;52,4566095
207610;11;1;1100308;2018;12;21;2;3;1;5;2;1;1;0;0;0;1;0;797641,49;5828170,444;13,38794064;52,5221693
207611;11;11;11100309;2018;11;12;4;3;5;3;0;1;1;0;0;0;0;0;805859,457;5833275,312;13,51339005;52,56337314
207612;11;6;6100207;2018;12;17;2;3;2;6;2;0;1;0;0;0;0;1;793947,9361;5820446,603;13,32684599;52,45493249
207613;11;8;8200726;2018;11;12;4;2;6;2;0;0;1;1;0;0;0;0;802700,3244;5819932,733;13,45479665;52,44555011
207614;11;8;8200726;2018;12;16;2;3;5;3;2;0;1;0;0;0;0;0;801263,7326;5819818,949;13,43362084;52,44532363
207615;11;3;3701556;2018;11;14;4;3;3;6;0;1;1;0;0;0;0;0;799468,0706;5829352,731;13,41584692;52,53176658
207616;11;12;12100101;2018;11;11;4;3;2;6;0;0;1;0;0;1;0;0;796665,8803;5832668,578;13,37762047;52,5630218
207617;11;5;5200632;2018;12;18;2;3;3;6;2;0;1;0;0;0;0;1;786029,7778;5828037,729;13,21715646;52,52719495
207618;11;12;12200414;2018;11;11;4;3;2;6;0;0;1;0;0;0;0;0;790977,0756;5831201,601;13,29264865;52,55294071
207619;11;3;3200308;2018;11;11;4;3;5;3;0;0;1;0;0;0;0;0;799044,5805;5837293,125;13,4167807;52,60317209
207620;11;10;10300731;2018;12;19;2;2;5;3;2;0;1;0;0;0;1;1;809116,2326;5829716,991;13,55797229;52,52964563
207621;11;7;7300619;2018;11;18;4;2;2;7;2;0;1;0;0;0;1;0;795856,3727;5822573,707;13,3567355;52,47297075
207622;11;1;1400937;2018;12;18;2;3;2;6;2;0;1;0;0;0;0;0;793698,5901;5832149,403;13,33351228;52,55997647
207623;11;11;11300725;2018;11;18;4;3;3;6;2;1;1;0;0;0;0;0;805169,118;5827700,133;13,49811723;52,5137936
207624;11;9;9100203;2018;12;17;2;3;5;2;2;1;1;0;0;0;0;1;804702,5568;5823427,861;13,48735572;52,47576379
207625;11;11;11400929;2018;11;18;4;3;5;7;2;0;1;0;0;0;0;0;805188,398;5827222,936;13,49796289;52,50950595
207626;11;4;4300619;2018;12;9;2;3;5;3;0;1;1;0;0;0;0;1;792433,1171;5827205,705;13,31054705;52,51633903
207627;11;3;3601141;2018;11;1;4;3;6;2;2;0;1;1;0;0;0;0;799187,2221;5831331,378;13,41350077;52,54965632
207628;11;5;5300838;2018;12;8;2;2;0;6;0;0;0;0;1;0;1;1;787968,3121;5830532,574;13,24781484;52,54854177
207629;11;7;7400823;2018;12;8;2;3;5;3;1;1;1;0;0;0;0;1;797277,7952;5821224,093;13,37639864;52,46010109
207630;11;4;4501045;2018;11;17;4;3;5;3;2;1;1;0;0;0;0;0;793971,4754;5824964,483;13,3311736;52,49542061
207631;11;7;7200410;2018;11;18;4;3;6;7;2;0;1;1;0;0;0;0;795402,2536;5823524,451;13,35091137;52,48173928
207632;11;5;5200630;2018;12;8;2;3;6;4;0;0;1;1;0;0;0;1;783361,0854;5827670,079;13,17761077;52,52529224
207633;11;4;4200311;2018;12;8;2;3;0;6;0;0;1;0;1;0;0;1;790370,931;5826682,867;13,27978606;52,51275363
207634;11;10;10400939;2018;11;17;4;3;5;2;2;0;1;0;1;0;0;0;812947,4017;5827860,887;13,6125197;52,51082736
207635;11;6;6200313;2018;12;7;2;3;5;3;1;1;1;0;0;0;0;1;795555,6199;5818327,411;13,34856225;52,43506834
207636;11;9;9200715;2018;12;7;2;3;5;3;1;1;1;0;0;0;0;1;807641,7912;5819359,113;13,52674697;52,43765148
207637;11;5;5400943;2018;11;17;4;3;6;4;2;0;1;1;0;0;0;0;780009,243;5821484,641;13,1231338;52,47156011
207638;11;8;8200831;2018;12;7;2;2;5;3;1;1;1;0;0;0;0;1;799596,718;5816405,433;13,4061086;52,4156419
207639;11;4;4300619;2018;11;17;4;3;6;4;2;0;0;1;0;0;1;0;792397,4175;5827192,967;13,31001125;52,51624397
207640;11;8;8200832;2018;12;7;2;3;6;4;1;0;1;1;0;0;0;1;801749,2075;5817020,769;13,43821694;52,41997502
207641;11;9;9502043;2018;11;10;4;3;5;3;0;0;1;0;0;0;0;0;810368,6568;5823530,176;13,57060985;52,47349068
207642;11;1;1401048;2018;12;11;2;2;5;3;0;1;1;0;0;0;0;1;795593,7867;5831748;13,36103057;52,5553528
207643;11;5;5300841;2018;12;7;2;3;6;2;2;0;1;1;0;0;0;1;789674,8023;5829317,161;13,27185154;52,53674066
207644;11;4;4300624;2018;11;10;4;3;2;2;0;1;1;0;0;0;0;0;793140,7394;5826081,815;13,3199555;52,50588391
207645;11;7;7400826;2018;12;6;2;3;5;3;2;0;1;0;0;0;1;1;796638,9016;5819970,254;13,36590897;52,44920867
207646;11;11;11100204;2018;12;6;2;3;6;2;2;0;0;1;0;0;1;1;806326,8418;5833881,151;13,52082305;52,56853999
207647;11;12;12400616;2018;11;10;4;2;2;2;0;1;1;0;0;0;0;0;786537,7059;5833216,26;13,22909202;52,57335706
207648;11;1;1100415;2018;12;5;2;2;0;1;2;1;0;0;0;0;0;1;798286,3998;5829367,856;13,39849192;52,53255008
207649;11;3;3400619;2018;12;21;1;3;6;2;2;0;1;1;0;0;0;1;795825,2207;5835229,208;13,36753943;52,58643259
207650;11;3;3400620;2018;11;10;4;3;1;5;0;0;1;0;0;0;0;0;796563,5277;5834242,28;13,3775221;52,57718397
207651;11;5;5200630;2018;12;20;1;2;6;4;2;0;0;1;0;0;1;1;784552,8525;5828053,776;13,19545836;52,52811176
207652;11;9;9200716;2018;11;9;4;3;5;3;0;1;1;0;0;0;0;0;808791,752;5819471,116;13,5437137;52,43800725
207653;11;3;3501038;2018;12;19;1;3;5;2;2;1;1;0;0;0;0;1;803956,414;5832366,224;13,48456917;52,55629111
207654;11;7;7100101;2018;11;9;4;3;2;6;0;0;1;0;0;1;0;0;794667,9148;5825728,63;13,34207856;52,50189516
207655;11;10;10200421;2018;12;19;1;3;6;4;2;0;1;1;0;0;0;1;812459,4144;5830969,265;13,60827294;52,53896152
207656;11;1;1401047;2018;11;9;4;3;6;4;0;0;1;1;0;0;0;0;795769,0811;5830174,043;13,36220681;52,54114861
207657;11;1;1100103;2018;12;19;1;3;6;2;2;0;1;1;0;0;0;1;795175,4001;5825913,201;13,34969683;52,50327542
207658;11;1;1100205;2018;11;6;4;3;6;2;1;0;1;1;0;0;0;0;797408,4716;5826950,218;13,38342556;52,51135853
207659;11;5;5100316;2018;12;19;1;3;1;5;2;0;1;0;0;0;1;1;784497,9021;5829685,155;13,19604713;52,54276743
207660;11;4;4400835;2018;11;8;4;3;6;2;1;0;0;1;0;0;1;0;793396,8889;5821772,752;13,31992542;52,46711708
207661;11;12;12200309;2018;12;18;1;3;2;6;2;0;1;0;0;0;0;1;793550,5548;5832363,009;13,33152377;52,56197115
207662;11;6;6100209;2018;12;14;1;3;0;7;0;0;1;0;1;0;0;0;794052,9827;5821442,184;13,32926443;52,46380096
207663;11;1;1100308;2018;11;18;4;3;2;2;2;1;1;0;0;0;0;0;796753,4743;5829110,377;13,37572957;52,5310788
207664;11;8;8401246;2018;11;8;4;3;5;3;0;1;1;0;0;0;0;0;806581,6111;5816282,884;13,5083805;52,41067622
207665;11;11;11401032;2018;12;18;1;3;2;6;2;0;1;0;0;0;0;1;806592,0064;5827459,166;13,51879756;52,51083609
207666;11;8;8401241;2018;11;8;4;3;2;2;0;0;1;0;0;0;0;0;804086,3951;5819276,144;13,4745304;52,43889613
207667;11;2;2300315;2018;11;7;4;3;5;3;0;0;1;0;0;0;0;0;800786,8658;5825815,026;13,43203228;52,49933116
207668;11;1;1200522;2018;12;18;1;3;6;2;2;0;1;1;0;0;0;1;793695,0588;5827999,472;13,32979166;52,52277663
207669;11;7;7400721;2018;11;6;4;3;3;6;2;0;1;0;0;1;0;0;797206,0311;5823475,782;13,37735143;52,48032427
207670;11;2;2500833;2018;12;13;1;3;5;2;0;1;1;0;0;0;0;0;802079,0346;5827361,618;13,45241309;52,51247961
207671;11;3;3400830;2018;11;6;4;3;5;2;2;1;1;0;0;0;0;0;800014,0174;5833422,153;13,4275478;52,56794176
207672;11;4;4300622;2018;12;12;1;3;5;3;0;0;1;0;0;0;0;0;793679,8756;5826360,161;13,32812159;52,50808921
207673;11;2;2200212;2018;11;14;4;3;5;2;0;1;1;0;0;0;0;0;799077,3494;5824615,028;13,40584679;52,48951442
207674;11;11;11501238;2018;12;17;1;3;6;2;2;0;1;1;0;0;0;1;803341,076;5826299,825;13,46998571;52,50226261
207675;11;3;3500932;2018;11;6;4;3;6;4;1;0;1;1;0;0;0;0;801417,6758;5832045,663;13,44694474;52,55482892
207676;11;12;12400619;2018;11;16;4;3;7;7;2;0;1;0;0;0;0;0;788367,7846;5836219,879;13,25863594;52,59931863
207677;11;11;11300618;2018;12;17;1;2;6;4;1;0;0;1;0;0;1;1;802400,706;5829071,294;13,45869289;52,5276251
207678;11;3;3601453;2018;11;10;4;3;6;2;0;0;1;1;0;0;0;0;802803,9898;5828647,243;13,4642333;52,52360055
207679;11;7;7501029;2018;12;16;1;2;6;2;1;0;1;1;0;0;0;1;797576,9268;5819591,28;13,37933345;52,44530178
207680;11;3;3501038;2018;11;16;4;3;5;3;2;0;1;0;0;0;0;0;803387,2304;5833107,968;13,4768774;52,56325647
207681;11;3;3701554;2018;11;15;4;2;6;4;0;1;0;1;0;0;0;0;799215,8101;5829279,618;13,41207336;52,53124977
207682;11;1;1300834;2018;12;16;1;2;6;2;1;0;1;1;0;0;0;1;798079,6943;5830004,224;13,39602438;52,53836735
207683;11;2;2500835;2018;11;15;4;3;5;3;0;1;1;0;0;0;0;0;802560,7386;5825957,41;13,45821356;52,49962679
207684;11;5;5300736;2018;12;15;1;3;5;3;1;0;1;0;0;0;0;1;786131,0619;5829146,922;13,21960019;52,53708656
207685;11;4;4500936;2018;11;14;4;3;3;6;0;1;1;0;0;0;0;0;791843,4793;5825742,198;13,30059898;52,50353478
207686;11;1;1100415;2018;12;15;1;3;1;5;1;1;1;0;0;0;1;1;797613,681;5829337,553;13,38857663;52,53264618
207687;11;1;1300733;2018;11;7;4;3;0;7;0;1;1;0;0;0;0;0;797343,943;5831228,076;13,38630378;52,54973964
207688;11;3;3500932;2018;12;14;1;3;2;3;0;0;1;0;1;0;0;1;801941,7283;5832584,708;13,45514128;52,55937006
207689;11;1;1400942;2018;11;14;3;3;0;4;0;1;0;1;0;0;0;0;794809,034;5830943,763;13,34877495;52,54856882
207690;11;5;5200630;2018;11;17;3;3;5;3;2;0;1;0;0;0;0;0;784752,4896;5827199,569;13,19766178;52,52034868
207691;11;2;2400521;2018;12;14;1;3;5;3;0;0;1;0;0;0;0;1;800481,267;5828223,354;13,42971815;52,5210861
207692;11;2;2100101;2018;12;13;1;2;1;5;1;1;1;0;0;0;0;1;797778,8315;5826004,307;13,3880207;52,50267752
207693;11;7;7100102;2018;11;16;3;3;2;6;1;0;1;0;0;0;0;0;795038,4347;5824912,676;13,34679851;52,49438049
207694;11;8;8100102;2018;12;8;1;2;1;1;0;0;1;0;0;1;0;0;799415,2454;5823779,766;13,41005818;52,48184228
207695;11;7;7400721;2018;12;6;1;2;8;1;2;0;1;0;0;0;0;1;797797,707;5822582,551;13,38524054;52,47199512
207696;11;2;2200210;2018;11;15;3;3;0;1;0;1;0;0;0;0;0;0;798476,8121;5825218,448;13,39756888;52,49525198
207697;11;10;10100311;2018;12;5;1;2;9;1;2;0;1;0;0;0;0;1;807042,4264;5830453,279;13,52817791;52,53741626
207698;11;8;8401242;2018;12;17;1;1;6;4;2;0;1;1;0;0;0;1;805264,223;5817255,839;13,48995995;52,42013268
207699;11;8;8100417;2018;11;15;3;3;2;6;0;0;1;0;0;0;0;0;802532,2014;5823115,622;13,45521501;52,47417164
207700;11;10;10100103;2018;12;17;7;3;5;3;2;0;1;0;0;0;1;1;809134,105;5833829,102;13,56206248;52,56648673
207701;11;7;7400927;2018;11;12;3;3;2;6;0;0;1;0;0;0;0;0;799049,309;5821702,655;13,40282351;52,46342426
207702;11;7;7300516;2018;12;17;7;3;5;2;1;0;1;0;1;0;0;1;793993,3996;5821578,44;13,32850995;52,4650545
207703;11;2;2200209;2018;11;9;3;3;2;6;0;0;1;0;1;0;0;0;797197,8783;5824502,332;13,37814701;52,48953066
207704;11;8;8100207;2018;12;16;7;3;5;5;0;0;1;0;1;0;0;0;801059,9801;5823430,941;13,43388978;52,47781137
207705;11;6;6100209;2018;11;9;3;3;3;2;0;1;1;0;0;0;0;0;794542,7116;5821410,192;13,33642393;52,4632504
207706;11;7;7601236;2018;12;17;7;3;2;6;2;0;1;0;0;0;0;1;796412,4302;5816601,048;13,35959913;52,41912913
207707;11;3;3300515;2018;12;17;7;3;2;6;2;0;1;0;0;0;0;1;801133,6974;5835054,914;13,4455007;52,58195802
207708;11;1;1300834;2018;11;17;3;3;5;3;2;1;1;0;0;0;0;0;797967,2611;5830849,338;13,39512954;52,54600417
207709;11;4;4400835;2018;12;17;7;3;0;6;2;0;0;1;1;0;0;1;793348,2605;5822289,276;13,3196658;52,47177367
207710;11;8;8300935;2018;12;17;7;3;3;6;2;0;1;0;0;0;0;1;802481,3458;5817969,727;13,44980828;52,42807657
207711;11;1;1100101;2018;11;9;3;3;5;3;0;1;1;0;0;0;0;0;794712,4454;5826056,255;13,34302268;52,50480806
207712;11;3;3601450;2018;12;16;7;3;5;2;2;0;1;0;0;0;0;1;802324,1554;5829206,763;13,45769109;52,52888175
207713;11;8;8300934;2018;11;9;3;2;5;2;0;0;1;0;0;0;0;0;803153,6318;5818448,26;13,46009959;52,4319936
207714;11;11;11200514;2018;11;8;3;3;2;2;0;1;1;0;0;0;0;0;805503,1317;5830313,014;13,50542434;52,53702421
207715;11;12;12200515;2018;12;15;7;3;5;3;0;0;1;0;1;0;0;1;790281,2001;5835506,983;13,28618278;52,59190951
207716;11;2;2400623;2018;11;8;3;2;5;3;0;1;0;0;0;0;0;0;800590,332;5827007,211;13,43022212;52,51012536
207717;11;6;6300525;2018;12;15;7;2;5;3;1;0;1;0;1;0;0;1;790207,5546;5815096,305;13,26731162;52,40896418
207718;11;7;7300517;2018;11;8;3;3;2;6;0;0;1;0;0;0;0;0;793946,3001;5822484,412;13,32861685;52,47320149
207719;11;4;4200310;2018;12;14;7;3;2;6;0;0;1;0;0;0;0;1;789657,5193;5826496,313;13,26914044;52,51146046
207720;11;8;8200831;2018;11;7;3;3;5;3;0;1;1;0;0;0;0;0;799838,1178;5816530,951;13,40975986;52,41663482
207721;11;6;6300528;2018;12;14;7;3;5;3;0;0;1;0;0;0;0;1;789461,4437;5816416,588;13,25751533;52,42119617
207722;11;12;12200515;2018;12;13;7;3;5;2;0;0;1;0;0;0;0;1;790027,986;5835378,815;13,28234306;52,59089558
207723;11;11;11100101;2018;11;7;4;3;5;3;1;1;1;0;0;0;0;0;806133,3263;5834730,187;13,51876052;52,57625801
207724;11;10;10200417;2018;11;7;3;3;6;2;0;0;1;1;0;0;0;1;811316,0061;5831730,83;13,59218212;52,54644045
207725;11;9;9401635;2018;12;12;7;3;5;3;0;0;1;0;0;0;0;1;816514,3034;5816953,117;13,6545626;52,41103046
207726;11;4;4300517;2018;11;7;3;2;5;3;1;1;1;0;0;0;0;0;791910,6459;5828199,621;13,30374158;52,52552918
207727;11;3;3501038;2018;11;6;3;3;5;3;2;1;1;0;0;0;0;1;803553,8781;5831428,45;13,47779253;52,54811069
207728;11;6;6100102;2018;12;11;7;2;6;3;0;0;1;1;0;0;0;0;793699,5518;5820674,139;13,32340129;52,45710579
207729;11;10;10400938;2018;11;6;3;3;1;5;2;1;1;0;0;0;0;0;812905,8524;5828158,005;13,6121888;52,51351368
207730;11;10;10200417;2018;12;19;7;3;2;6;2;0;1;0;0;0;1;1;811325,2149;5831959,22;13,59253156;52,54848184
207731;11;6;6200311;2018;11;21;3;3;5;3;2;0;1;0;0;0;0;0;795875,1929;5818148,923;13,3530915;52,43329554
207732;11;2;2300314;2018;12;2;7;3;3;6;2;1;1;0;0;0;0;0;799847,9502;5825812,238;13,4182398;52,49982286
207733;11;6;6200421;2018;12;18;7;3;6;2;2;0;1;1;0;0;0;0;793302,6502;5816962,758;13,31431945;52,42404727
207734;11;2;2300315;2018;11;20;3;3;2;6;2;1;0;0;0;0;0;0;800295,6092;5825831,063;13,42483164;52,49974545
207735;11;2;2400625;2018;12;5;7;3;0;1;2;0;0;0;0;0;1;1;801341,8274;5826460,64;13,4407671;52,50481176
207736;11;9;9200512;2018;11;13;4;3;6;7;0;0;1;1;0;0;0;0;807889,857;5821546,696;13,53240077;52,45711733
207737;11;8;8100418;2018;11;19;3;3;6;2;2;0;1;1;0;0;0;0;802522,0543;5823709,84;13,45560509;52,47950326
207738;11;4;4300415;2018;12;15;7;3;0;2;0;1;1;0;0;0;0;1;791051,7799;5826360,368;13,28950855;52,50949955
207739;11;1;1200628;2018;11;18;3;3;5;3;1;0;1;0;0;0;0;0;795718,9855;5828197,513;13,35971189;52,523458
207740;11;12;12200412;2018;11;1;3;2;1;5;2;0;1;0;1;0;0;0;788459,1929;5832472,806;13,25672036;52,5656768
207741;11;2;2200209;2018;11;21;6;3;0;7;2;0;1;0;0;0;0;1;797416,6851;5824010,678;13,38092137;52,48500435
207742;11;6;6400843;2018;11;8;2;2;1;5;0;1;1;0;0;0;1;0;792203,9148;5820492,377;13,30129325;52,456278
207743;11;2;2200210;2018;11;22;6;3;5;2;2;1;1;0;0;0;0;1;798843,4125;5825086,653;13,4028346;52,49387001
207744;11;12;12100102;2018;11;22;2;3;1;5;2;1;1;0;0;0;0;0;795967,2558;5833229,023;13,36784413;52,56842582
207745;11;5;5200629;2018;11;20;6;3;6;2;2;0;1;1;0;0;0;1;784736,8452;5828613,163;13,19864239;52,53303115
207746;11;7;7300517;2018;11;19;2;3;6;4;2;1;0;1;0;0;0;0;794206,3004;5822834,769;13,33274275;52,47620229
207747;11;12;12601235;2018;11;19;6;3;6;2;2;0;1;1;0;0;0;1;795281,3088;5836351,332;13,36053477;52,59678682
207748;11;4;4300621;2018;11;19;2;3;6;4;2;0;1;1;0;0;0;0;792049,2294;5827005,416;13,30473;52,51474918
207749;11;4;4501045;2018;11;14;4;3;5;3;0;1;1;0;0;0;0;0;794169,0487;5825308,234;13,33437905;52,49839571
207750;11;1;1100205;2018;11;19;6;3;0;2;2;0;1;0;1;0;0;1;796977,8708;5827287,321;13,37740002;52,5146149
207751;11;7;7501031;2018;11;19;2;3;5;7;2;0;1;0;0;0;0;0;799106,0562;5819844,417;13,4019918;52,4467365
207752;11;6;6200317;2018;11;18;2;2;5;7;2;0;1;0;0;0;0;0;796240,1318;5817023,854;13,35744729;52,42301258
207753;11;1;1200623;2018;11;19;6;3;6;2;2;0;1;1;0;0;0;1;795048,512;5829153,386;13,3507065;52,53238988
207754;11;9;9301126;2018;11;19;6;3;0;2;2;1;0;0;0;1;0;1;811478,3271;5817279,361;13,58106764;52,41684245
207755;11;1;1100309;2018;11;18;2;3;1;5;2;0;1;0;1;0;0;0;797747,0435;5828378,899;13,3896784;52,52398021
207756;11;12;12200515;2018;11;19;6;3;2;7;2;0;1;0;0;0;0;1;790435,0277;5835180,042;13,28816058;52,58889641
207757;11;6;6400841;2018;11;18;6;3;5;3;2;1;1;0;0;0;0;1;790006,0908;5819160,021;13,26788184;52,44550366
207758;11;6;6300524;2018;11;18;2;3;5;2;2;0;1;0;0;0;1;0;787530,9044;5817380,81;13,23003337;52,43085898
207759;11;8;8100311;2018;11;18;6;3;6;7;2;0;1;1;0;0;0;1;800516,7471;5824465,28;13,42684759;52,48738172
207760;11;12;12500824;2018;11;18;2;3;3;2;2;0;1;0;0;0;1;1;790240,034;5835853,531;13,28588048;52,59503824
207761;11;1;1200520;2018;11;18;6;2;6;2;2;0;1;1;0;0;0;1;794060,8493;5828457,954;13,33557297;52,52668949
207762;11;5;5200632;2018;11;17;2;3;2;7;2;0;1;0;0;0;0;0;786155,7292;5828106,789;13,21906742;52,52774803
207763;11;9;9502043;2018;11;14;6;3;2;6;0;0;1;0;0;0;1;1;811283,5518;5822317,122;13,5829046;52,46209936
207764;11;10;10400939;2018;11;14;6;3;5;3;0;1;1;0;0;0;0;1;813551,5372;5827270,826;13,62083684;52,50519297
207765;11;3;3400829;2018;11;17;2;2;6;6;2;0;1;1;0;0;0;0;799286,0342;5832588;13,41608665;52,56086565
207766;11;11;11100307;2018;11;14;6;3;0;2;0;1;1;0;0;0;0;1;805496,7597;5833466,299;13,50823181;52,56528844
207767;11;6;6400841;2018;11;14;6;3;5;3;1;1;1;0;0;0;0;1;790003,6021;5819162,876;13,26784781;52,44553057
207768;11;1;1200627;2018;11;13;6;2;1;5;0;0;1;0;0;1;0;1;795489,2107;5828395,121;13,3565106;52,52535396
207769;11;1;1100102;2018;11;18;6;3;5;3;2;1;1;0;0;0;0;1;795040,7987;5827226,595;13,34888375;52,51512184
207770;11;10;10200421;2018;11;16;2;3;5;3;2;0;1;0;0;0;0;0;812065,3201;5830623,169;13,60215608;52,53608591
207771;11;2;2300417;2018;11;11;6;3;5;3;0;0;1;0;0;1;0;1;800629,1381;5825672,299;13,42958692;52,49813877
207772;11;4;4300624;2018;11;18;6;3;6;2;2;0;1;1;0;0;0;1;793343,589;5826076,146;13,32293061;52,50572406
207773;11;11;11300620;2018;11;16;2;3;0;1;2;1;0;0;0;0;0;0;804211,7845;5829100,257;13,48533385;52,52687713
207774;11;3;3601450;2018;11;9;6;3;5;2;0;0;1;0;0;0;0;0;802327,2588;5829201,208;13,45773165;52,52883024
207775;11;11;11501238;2018;11;16;2;3;3;6;2;0;1;0;0;0;0;0;803390,7419;5826298,517;13,47071397;52,50222327
207776;11;1;1400942;2018;11;10;6;2;5;2;0;1;1;0;0;0;0;1;794480,2412;5830671,276;13,34369842;52,54630401
207777;11;7;7501030;2018;11;15;2;3;6;6;1;0;0;1;0;1;0;0;798004,5723;5819645,978;13,38565574;52,44555918
207778;11;12;12400720;2018;11;9;6;3;5;3;0;0;1;0;0;0;0;0;789658,4384;5840030,397;13,28097573;52,63279366
207779;11;11;11300618;2018;11;15;2;3;1;5;1;0;1;0;0;0;0;0;802894,8355;5828957,995;13,46585125;52,52633531
207780;11;3;3500933;2018;11;8;6;3;6;4;0;0;1;1;0;0;0;0;802833,5139;5832153,663;13,46786286;52,55501152
207781;11;2;2200209;2018;11;18;4;3;0;7;2;1;0;0;0;0;0;1;797078,5294;5824293,265;13,37620803;52,48772155
207782;11;7;7400822;2018;12;16;2;3;6;2;2;0;1;1;0;0;0;1;796143,3709;5820769,432;13,35934741;52,45664134
207783;11;8;8100102;2018;11;17;2;3;2;6;1;0;1;0;0;0;0;0;799625,7978;5823718,711;13,41309452;52,48117951
207784;11;5;5100315;2018;11;8;6;3;5;7;0;0;1;0;0;0;1;0;785080,2158;5829638,038;13,20457011;52,54204061
207785;11;1;1100310;2018;11;14;2;3;0;7;0;0;0;0;0;0;1;0;799071,6981;5828999,753;13,40970344;52,52882028
207786;11;2;2400521;2018;11;9;2;3;1;7;0;0;1;0;0;0;0;0;801263,1485;5827960,104;13,44096872;52,51829515
207787;11;9;9100408;2018;12;11;2;3;6;7;0;1;0;1;0;0;0;0;806407,0962;5821040,676;13,51018257;52,45341543
207788;11;4;4200308;2018;11;8;2;3;2;2;0;0;1;0;0;0;1;0;790577,5526;5827338,103;13,28339446;52,51851781
207789;11;6;6100209;2018;11;7;6;3;5;2;1;0;1;0;0;0;0;0;794013,4867;5821050,227;13,32833947;52,46030848
207790;11;2;2100106;2018;11;12;2;3;3;6;0;1;0;0;0;0;1;0;799027,6543;5825594,685;13,40599635;52,49832291
207791;11;12;12601235;2018;11;15;2;3;0;5;2;0;1;0;0;0;1;0;795599,6857;5836412,76;13,36527637;52,59716449
207792;11;1;1200517;2018;11;0;6;3;9;1;2;0;1;0;0;0;0;0;793585,0588;5829822,167;13,32978475;52,53917536
207793;11;11;11200410;2018;11;15;2;3;5;7;0;0;0;0;0;1;1;0;804627,5241;5832773,457;13,49481139;52,55956595
207794;11;9;9200613;2018;11;17;6;3;6;2;2;0;1;1;0;0;0;1;807347,5476;5821065,097;13,5240013;52,45310635
207795;11;1;1200623;2018;12;15;2;3;0;7;0;1;1;0;0;0;0;1;795083,6677;5828974,232;13,35106424;52,53076488
207796;11;1;1401045;2018;11;13;2;3;1;5;0;0;1;0;0;1;0;0;796948,7858;5831527,478;13,38076086;52,55263897
207797;11;2;2400623;2018;11;17;6;3;6;7;2;1;0;1;0;0;0;1;801233,0944;5827707,074;13,44029804;52,51604381
207798;11;3;3200205;2018;11;14;4;3;5;3;0;0;1;0;0;0;1;0;797898,8133;5835180,707;13,39801245;52,58486633
207799;11;6;6400844;2018;12;15;2;3;5;3;0;1;1;0;0;0;0;1;790411,3785;5820903,914;13,27534483;52,46092295
207800;11;3;3601449;2018;11;16;6;3;5;2;2;1;1;0;0;0;0;1;801709,5546;5830082,686;13,44945374;52,53707317
207801;11;4;4501042;2018;11;12;2;3;1;5;0;1;1;0;0;0;1;0;793880,4303;5825527,405;13,33033306;52,50051596