OBJECTID;LAND;BEZ;LOR_ab_2021;UJAHR;UMONAT;USTUNDE;UWOCHENTAG;UKATEGORIE;UART;UTYP1;ULICHTVERH;IstRad;IstPKW;IstFuss;IstKrad;IstGkfz;IstSonstig;USTRZUSTAND;LINREFX;LINREFY;XGCSWGS84;YGCSWGS84
207802;11;4;4501045;2018;11;12;2;3;5;3;0;0;1;0;0;0;1;0;794199,5458;5825039,307;13,33458948;52,49596848
207803;11;1;1100102;2018;11;16;6;3;4;7;2;1;1;0;0;0;0;1;796893,4997;5826991,609;13,37589652;52,5120101
207804;11;4;4300412;2018;11;12;2;3;5;2;0;1;0;0;0;0;1;0;790788,1964;5827381,975;13,28652847;52,51879884
207805;11;1;1100103;2018;11;16;6;3;3;2;2;0;1;0;1;0;0;1;795380,4976;5825990,034;13,35277783;52,50385317
207806;11;12;12200307;2018;12;13;2;3;0;1;0;0;0;0;1;0;0;1;793532,6673;5834150,546;13,33284269;52,57800495
207807;11;7;7100103;2018;11;17;6;3;6;4;2;0;1;1;0;0;0;1;795776,7644;5825195,719;13,35789348;52,49651814
207808;11;3;3200308;2018;11;11;2;3;5;3;0;1;0;0;0;0;1;0;799448,713;5837508,866;13,42292543;52,60488339
207809;11;6;6300525;2018;11;15;6;3;2;2;2;0;1;0;0;0;0;1;790214,7323;5815089,318;13,26741079;52,40889774
207810;11;8;8300934;2018;12;21;2;3;6;2;2;0;1;1;0;0;0;1;803159,1178;5818421,669;13,46015593;52,43175222
207811;11;12;12200412;2018;11;11;2;3;2;6;0;0;1;0;0;0;0;0;791861,0062;5833978,356;13,30809172;52,57736049
207812;11;8;8100418;2018;11;16;6;3;2;6;2;0;1;0;0;0;0;1;802027,9306;5823525,975;13,44818485;52,47812876
207813;11;9;9501737;2018;12;20;2;3;6;3;2;0;1;1;0;0;0;1;813729,9209;5821730,105;13,61824335;52,45544018
207814;11;12;12500930;2018;11;16;6;3;2;6;2;0;1;0;0;0;0;1;794210,3147;5834755,417;13,34335114;52,5830612
207815;11;10;10100316;2018;11;10;2;3;5;3;0;1;1;0;0;0;0;0;810300,1176;5831811,381;13,57732419;52,54774183
207816;11;4;4501045;2018;11;10;2;3;2;2;0;0;1;0;0;0;0;0;794225,322;5825409,759;13,33529531;52,49927549
207817;11;4;4500937;2018;11;16;6;3;6;4;2;0;1;1;0;0;0;1;791186,8562;5825246,279;13,29051886;52,4994397
207818;11;11;11100309;2018;11;17;6;2;6;4;2;0;0;1;0;0;1;1;805417,8209;5833321,47;13,50693751;52,56403473
207819;11;11;11300618;2018;11;10;2;3;5;2;0;1;1;0;0;0;0;0;802416,215;5828960,187;13,45881976;52,52662065
207820;11;4;4500939;2018;11;19;6;3;2;6;2;0;1;0;0;0;0;1;792520,1501;5824497,055;13,30944623;52,49201003
207821;11;7;7200410;2018;11;16;6;3;6;4;2;0;1;1;0;0;0;1;795507,301;5823842,732;13,35273587;52,4845356
207822;11;7;7100101;2018;12;19;2;3;0;2;2;1;1;0;0;0;0;0;794899,7365;5825408,748;13,34520064;52,4989024
207823;11;7;7400824;2018;11;17;1;3;5;3;1;0;1;0;0;0;0;0;797657,3596;5822018,346;13,38267705;52,46701412
207824;11;12;12200515;2018;11;17;6;3;1;5;2;1;1;0;0;0;0;1;790393,1125;5834610,931;13,28704482;52,58381678
207825;11;12;12200414;2018;11;17;1;3;2;7;2;0;1;0;0;0;0;0;791080,3428;5831099,714;13,29407813;52,55197213
207826;11;4;4300622;2018;12;18;2;3;5;2;2;0;1;0;1;0;0;1;793340,8562;5826664,507;13,32340896;52,51099993
207827;11;3;3500932;2018;11;16;6;3;5;3;2;1;1;0;0;0;0;1;800946,2799;5832140,854;13,44009905;52,5559428
207828;11;1;1200520;2018;11;19;1;3;2;6;2;0;1;0;0;0;0;0;794455,7225;5828450,73;13,34137035;52,52641161
207829;11;1;1400938;2018;11;15;6;3;6;4;1;0;1;1;0;0;0;1;794239,9934;5831220,38;13,34065227;52,55135616
207830;11;12;12500926;2018;11;16;1;3;0;2;2;1;1;0;0;0;0;0;792953,5239;5835406,243;13,32543049;52,58957366
207831;11;9;9200717;2018;12;13;2;3;6;7;0;1;0;1;0;0;0;1;809125,0227;5819502,981;13,5486303;52,43810457
207832;11;12;12400723;2018;11;15;6;3;1;5;0;0;1;0;0;0;0;1;791211,7353;5839042,625;13,30299198;52,62310799
207833;11;1;1100416;2018;11;16;1;3;1;5;1;1;1;0;0;0;0;0;798616,594;5829340,409;13,40332064;52,53212327
207834;11;8;8100419;2018;11;17;6;3;5;3;2;0;1;0;0;0;0;1;802289,6849;5823896,723;13,45236337;52,48130697
207835;11;1;1100310;2018;11;5;6;1;1;5;2;0;1;0;0;0;1;0;799127,8053;5828986,231;13,41051589;52,52866829
207836;11;5;5200528;2018;11;14;1;3;2;2;0;0;1;0;0;0;0;0;782984,2499;5826863,469;13,17138476;52,51825565
207837;11;2;2400625;2018;11;19;5;3;5;2;2;1;1;0;0;0;0;0;801761,103;5826242,855;13,44672824;52,50262801
207838;11;1;1100308;2018;11;11;5;3;1;5;0;1;1;0;0;0;0;0;797032,8331;5828439,494;13,3792364;52,52491294
207839;11;12;12200309;2018;12;17;2;2;6;4;2;0;1;1;0;0;0;1;793472,7476;5832413,436;13,33042385;52,56246514
207840;11;1;1100205;2018;11;12;1;3;5;3;0;1;1;0;0;0;0;0;796937,7364;5826779,854;13,37635753;52,51008785
207841;11;1;1401047;2018;11;11;5;2;5;2;0;0;1;0;0;0;0;0;795533,154;5830750,686;13,35925118;52,5464457
207842;11;3;3601243;2018;11;11;1;3;5;3;0;0;1;0;0;0;0;0;799518,7271;5831529,531;13,41855396;52,55125027
207843;11;11;11400927;2018;11;6;1;3;2;6;2;0;1;0;0;0;0;1;803724,2856;5826822,647;13,47609084;52,50673537
207844;11;7;7601442;2018;11;11;5;3;6;2;0;0;1;1;0;0;0;0;798709,4275;5816016,163;13,3927537;52,41263746
207845;11;2;2300316;2018;11;3;1;3;2;6;2;0;1;0;0;0;0;0;801190,638;5825956,093;13,43808998;52,50037288
207846;11;4;4300621;2018;11;9;5;3;2;6;0;0;1;0;1;0;0;0;792153,6643;5827260,228;13,30648836;52,51697758
207847;11;4;4300619;2018;11;1;1;3;1;5;2;1;1;0;0;0;0;0;792865,2894;5827300,653;13,31698133;52,51695829
207848;11;1;1401045;2018;11;8;5;3;3;6;0;1;0;0;0;0;0;0;796485,6956;5831965,958;13,37434237;52,55682174
207849;11;6;6400839;2018;11;12;7;3;6;7;0;1;0;1;0;0;0;1;789201,673;5818471,899;13,25548355;52,43976041
207850;11;4;4400832;2018;11;7;5;3;1;5;0;1;1;0;0;0;0;0;791350,1702;5822460,125;13,29048229;52,47437472
207851;11;12;12500824;2018;11;7;5;3;4;7;1;1;1;0;0;0;0;0;790902,2958;5836103,763;13,29584985;52,59692767
207852;11;12;12200412;2018;11;18;4;3;6;2;2;0;1;1;0;0;0;0;791119,1199;5833975,059;13,29717155;52,57772833
207853;11;11;2500835;2018;12;17;2;3;2;2;2;0;1;0;0;0;0;1;803305,9354;5826316,078;13,4694844;52,50242781
207854;11;9;9200510;2018;11;20;7;3;5;2;2;0;1;0;0;0;1;0;806726,3324;5823005,865;13,51667158;52,47084905
207855;11;10;10400837;2018;11;7;5;3;5;2;0;1;1;0;0;0;0;0;811277,0597;5826859,543;13,58705033;52,50280962
207856;11;2;2500727;2018;11;19;7;3;5;3;2;1;0;0;0;0;0;0;802593,0554;5827778,87;13,46034386;52,5159345
207857;11;1;1200522;2018;11;16;7;3;3;6;2;0;1;0;0;0;0;0;794581,7098;5828412,441;13,34318815;52,52600031
207858;11;6;6300633;2018;11;20;5;3;5;3;2;1;1;0;0;0;0;0;793195,9618;5819910,622;13,31534068;52,45053144
207859;11;3;3400831;2018;11;16;7;3;2;6;2;0;1;0;0;0;0;0;799127,36;5833264,438;13,41436275;52,56701603
207860;11;12;12500926;2018;11;17;5;3;5;3;2;1;1;0;0;0;0;0;793647,2271;5836118,542;13,33627259;52,59558488
207861;11;1;1200522;2018;12;17;2;3;3;6;2;0;1;0;0;0;1;1;793762,2167;5828133,34;13,3308969;52,52394051
207862;11;8;8100521;2018;11;15;7;3;5;3;1;1;0;0;0;0;1;0;802482,6435;5822558,432;13,45398237;52,46920496
207863;11;10;10200629;2018;11;11;5;3;2;7;0;0;1;0;0;0;0;0;810705,7338;5828140,334;13,57985583;52,51461297
207864;11;4;4200308;2018;11;14;4;3;1;5;0;1;1;0;0;0;0;0;790160,8727;5827063,049;13,27703091;52,51627379
207865;11;10;10200417;2018;12;17;2;3;2;6;2;0;1;0;0;0;0;0;811070,5542;5832010,231;13,5888358;52,54908443
207866;11;1;1200626;2018;11;10;5;3;0;6;0;0;1;0;0;0;1;0;794724,0985;5828319,893;13,34519888;52,52509373
207867;11;12;12500825;2018;11;15;7;3;3;6;1;1;1;0;0;0;0;0;792064,4736;5834838,266;13,31184356;52,58496008
207868;11;4;4501041;2018;11;14;7;3;1;5;0;0;1;0;0;0;0;0;792961,7485;5825710,324;13,316999;52,50264976
207869;11;10;10100316;2018;11;9;5;2;3;6;0;0;1;0;0;0;1;0;810347,4955;5831835,352;13,57804305;52,54792966
207870;11;6;6100103;2018;11;18;4;3;6;4;2;1;0;1;0;0;0;0;793740,8066;5821453,211;13,32469227;52,46406772
207871;11;7;7601544;2018;11;18;7;3;6;2;2;0;1;1;0;0;0;0;799761,8461;5813974,709;13,40635368;52,39376315
207872;11;11;11100206;2018;11;18;5;3;6;4;2;0;1;1;0;0;0;0;805598,3302;5834601,472;13,51077157;52,57540511
207873;11;7;7300515;2018;11;14;7;3;5;3;0;1;0;0;0;0;1;0;793890,7463;5822405,31;13,32773161;52,47252227
207874;11;1;1300733;2018;11;23;7;2;6;4;2;0;1;1;0;0;0;0;797069,7455;5831445,204;13,38246604;52,55183553
207875;11;4;4100102;2018;11;10;5;3;2;6;0;0;1;0;0;0;0;0;791220,1753;5829033,235;13,29432306;52,53337169
207876;11;8;8200730;2018;11;17;7;2;6;4;1;0;1;1;0;0;0;0;802280,2651;5818947,777;13,44774405;52,43695415
207877;11;2;2400521;2018;11;17;5;3;3;6;1;1;0;0;0;0;0;0;800373,1394;5827885,132;13,4278239;52,51811408
207878;11;7;7100103;2018;11;17;7;2;6;4;2;0;1;1;0;0;0;0;795878,5563;5825389,717;13,35956087;52,49820199
207879;11;8;8100101;2018;11;17;5;3;6;2;1;0;1;1;0;0;0;0;800400,4385;5823878,462;13,424611;52,48218585
207880;11;4;4501041;2018;11;13;7;2;5;3;0;1;1;0;0;0;0;0;793286,9911;5825643,082;13,32171765;52,50187224
207881;11;10;10400939;2018;11;16;5;3;5;7;2;0;1;0;1;0;0;0;813565,6239;5827385,44;13,62115164;52,50621193
207882;11;1;1100309;2018;11;13;7;2;5;3;0;0;1;0;1;0;0;0;798530,5333;5828982,311;13,40173412;52,52896056
207883;11;4;4501044;2018;11;15;5;3;5;2;1;1;1;0;0;0;0;0;793158,9286;5824518,023;13,31884624;52,49185531
207884;11;12;12200307;2018;11;15;5;3;5;3;1;0;1;0;0;0;0;0;793299,8264;5833868,258;13,32916665;52,57559995
207885;11;9;9100203;2018;11;21;7;3;6;2;2;0;1;1;0;0;0;1;803778,862;5823277,627;13,47366074;52,47493178
207886;11;4;4300619;2018;11;15;5;3;0;3;1;0;1;0;0;0;1;0;792431,4023;5827177,456;13,31049702;52,5160867
207887;11;4;4300518;2018;11;12;7;3;5;2;0;0;1;0;0;0;1;0;792083,3481;5827960,637;13,30607007;52,52329425
207888;11;5;5100211;2018;11;14;5;3;2;6;0;0;1;0;0;0;0;0;783219,8461;5830281,607;13,17776036;52,54878122
207889;11;4;4300620;2018;11;14;5;3;6;2;0;0;1;1;0;0;0;0;793545,4955;5827723,109;13,32734965;52,52037971
207890;11;2;2400521;2018;11;11;7;3;1;5;0;1;1;0;0;0;0;0;801027,4288;5828116,351;13,43764666;52,51982579
207891;11;12;12200308;2018;11;13;5;3;5;3;0;1;1;0;0;0;0;0;792900,7713;5833855,33;13,32328334;52,57569898
207892;11;9;9100408;2018;11;13;5;3;5;3;0;1;1;0;0;0;0;0;806482,7365;5820067,535;13,51039938;52,44465135
207893;11;4;4501146;2018;11;10;7;3;5;7;0;0;1;0;1;0;0;0;793313,2696;5823632,208;13,32033337;52,48383139
207894;11;6;6200312;2018;11;13;5;2;5;2;0;0;1;0;0;0;0;0;794827,5999;5819323,008;13,33876242;52,44438627
207895;11;1;1100308;2018;11;1;7;3;0;1;2;1;0;0;0;0;0;0;797560,4977;5828661,048;13,38718939;52,52661117
207896;11;2;2400521;2018;11;13;5;3;5;2;0;1;0;0;0;0;0;0;801251,1817;5827847,148;13,44069061;52,51728932
207897;11;1;1100313;2018;11;3;7;3;5;3;2;0;1;0;0;0;0;1;799902,8884;5826513,911;13,41967866;52,50608207
207898;11;8;8200730;2018;11;12;5;2;5;3;0;0;1;0;1;0;0;0;802212,2413;5818941,728;13,44674095;52,43693752
207899;11;8;8100521;2018;11;12;5;3;5;2;0;0;1;0;0;0;0;0;803515,8063;5821993,437;13,46863139;52,46356798
207900;11;4;4300619;2018;11;15;7;3;5;3;1;1;0;0;1;0;0;0;792305,3508;5827415,3;13,30885368;52,51828648
207901;11;4;4501041;2018;11;0;5;3;9;1;2;0;1;0;0;0;0;0;792945,5965;5825553,827;13,31662405;52,50125549
207902;11;3;3601141;2018;11;13;5;2;5;3;0;0;1;0;0;0;1;0;798997,8132;5831812,036;13,41114853;52,55406868
207903;11;5;5100316;2018;11;19;6;3;2;6;2;0;1;0;0;0;0;0;784965,607;5829380,886;13,20266414;52,53979495
207904;11;10;10400837;2018;11;15;4;3;6;4;1;0;1;1;0;0;0;1;810600,4878;5825495,957;13,57584338;52,49097535
207905;11;9;9301126;2018;11;21;6;3;1;5;2;1;1;0;0;0;0;1;810818,3983;5818413,072;13,57244849;52,42737753
207906;11;1;1100309;2018;11;9;4;3;2;7;0;1;0;0;0;0;1;1;798662,2123;5828361,122;13,40311152;52,52332034
207907;11;8;8100209;2018;11;21;6;3;3;6;2;0;1;0;0;1;0;0;801812,0127;5821965,028;13,44360309;52,46425707
207908;11;4;4300412;2018;11;12;4;3;6;4;0;0;1;1;0;0;0;0;791671,3777;5827717,514;13,29980194;52,52133523
207909;11;5;5100210;2018;11;20;6;2;6;4;2;0;1;1;0;0;0;0;783978,6483;5830101;13,18876649;52,54676683
207910;11;1;1100308;2018;11;20;4;3;2;6;0;0;1;0;0;0;0;0;797121,9518;5829237,037;13,38125886;52,53201344
207911;11;4;4100101;2018;11;20;6;2;6;4;2;0;1;1;0;0;0;0;793152,2241;5830178,753;13,32373573;52,54260501
207912;11;2;2300316;2018;11;19;4;3;1;5;2;0;1;0;0;0;1;0;800697,6305;5826437,784;13,43128404;52,5049623
207913;11;1;1100309;2018;11;19;6;3;5;2;2;0;1;0;0;0;0;0;798000,5728;5828904,066;13,39387488;52,52854915
207914;11;3;3701554;2018;11;19;4;3;1;5;2;1;1;0;0;0;0;0;798898,507;5829889,134;13,40795777;52,53688726
207915;11;2;2100106;2018;11;23;4;3;5;2;2;0;1;0;0;0;0;0;798583,5358;5825563,69;13,39944571;52,49828824
207916;11;1;1100415;2018;11;18;6;3;2;6;1;1;1;0;0;0;0;0;798291,2697;5829368,638;13,3985642;52,53255442
207917;11;8;8300934;2018;11;16;6;2;5;7;2;0;1;0;1;0;0;1;803157,4384;5818442,577;13,46015026;52,43194055
207918;11;12;12200307;2018;11;16;6;3;1;5;2;1;1;0;0;0;0;0;793480,0807;5833686,941;13,33165849;52,57387738
207919;11;5;5200528;2018;12;12;6;3;2;6;0;0;1;0;0;0;0;1;783381,68;5826751,663;13,17713101;52,51704679
207920;11;11;11300620;2018;12;15;4;3;5;3;0;1;1;0;0;0;0;0;804220,6754;5829078,508;13,48544461;52,52667723
207921;11;5;5200629;2018;12;13;6;3;5;3;0;0;1;0;1;0;0;1;784644,0766;5828312,275;13,19702078;52,53038184
207922;11;3;3200207;2018;12;14;4;3;5;2;0;0;1;0;1;0;0;0;799622,543;5836321,85;13,42441044;52,59414813
207923;11;10;10400940;2018;12;12;6;3;5;2;0;0;1;0;0;0;1;1;812385,1106;5824270,032;13,60089425;52,47897132
207924;11;8;8200832;2018;12;17;4;3;2;2;2;0;1;0;0;0;0;0;801613,623;5817420,242;13,43658933;52,42363038
207925;11;4;4300619;2018;12;11;6;3;5;7;0;1;1;0;0;0;0;1;792795,4355;5827489,799;13,3161213;52,51869143
207926;11;5;5100316;2018;12;10;6;2;6;4;0;0;0;1;0;1;0;1;784785,008;5828821,412;13,19952895;52,53487314
207927;11;10;10100313;2018;12;13;4;3;2;6;0;0;1;0;0;0;0;0;809311,0247;5831421,615;13,56242121;52,54481136
207928;11;10;10200524;2018;12;11;6;3;5;3;0;1;1;0;0;0;0;1;812429,3944;5830413,447;13,60730924;52,53399801
207929;11;3;3400724;2018;12;9;6;3;5;3;0;0;1;0;0;0;0;1;800031,5557;5834667,913;13,42893294;52,57909812
207930;11;6;6400842;2018;12;12;4;3;2;6;0;0;1;0;0;0;0;1;789990,5781;5819194,618;13,26768427;52,44582206
207931;11;2;2400521;2018;12;9;6;2;5;3;0;1;1;0;0;0;0;1;800755,1925;5828470,755;13,43396695;52,5231526
207932;11;3;3601245;2018;12;11;4;3;2;6;0;0;1;0;0;0;0;1;800615,421;5831376,431;13,4345414;52,54927388
207933;11;11;11200410;2018;12;7;6;2;5;3;0;1;1;0;0;0;0;1;804920,549;5833112,194;13,49943176;52,56243783
207934;11;8;8401243;2018;12;6;4;3;5;2;1;0;1;0;0;0;0;1;805547,3767;5818559,197;13,49530133;52,43165619
207935;11;8;8100521;2018;12;7;6;3;2;6;1;0;1;0;0;0;0;1;803624,9816;5822328,71;13,47053848;52,46651234
207936;11;10;10400938;2018;12;6;4;3;5;3;2;1;1;0;0;0;0;1;812913,4771;5828059,566;13,61220824;52,51262719
207937;11;6;6200315;2018;12;7;6;3;6;2;1;0;1;1;0;0;0;1;795805,8063;5817731,549;13,35170461;52,42959159
207938;11;8;8200624;2018;12;10;4;3;3;6;0;0;1;0;0;0;1;0;801306,0198;5820450,708;13,43481096;52,450963
207939;11;4;4501042;2018;12;11;4;3;1;5;0;1;1;0;0;0;0;1;793620,1449;5825758,779;13,32671365;52,50273025
207940;11;11;11100204;2018;12;7;6;3;6;7;1;0;1;1;0;0;0;1;806547,0544;5833561,384;13,52376649;52,56555026
207941;11;4;4200311;2018;12;6;6;3;6;7;2;0;1;1;0;0;0;1;790614,965;5826618,806;13,28331602;52,51204935
207942;11;9;9501939;2018;12;10;4;3;3;2;0;0;1;0;1;0;0;0;809929,8328;5821615,881;13,56239212;52,45658444
207943;11;1;1100313;2018;12;10;4;3;5;3;0;1;1;0;0;0;0;1;800084,639;5826454,44;13,42229486;52,50544908
207944;11;5;5300737;2018;12;5;6;3;6;2;2;0;0;1;0;1;0;1;787944,744;5830021,895;13,24702546;52,54397578
207945;11;1;1100312;2018;12;9;4;3;2;2;0;1;1;0;0;0;0;1;799213,4881;5826985,973;13,40997601;52,51069194
207946;11;12;12100103;2018;12;9;4;3;5;7;0;0;1;0;1;0;0;1;795415,1813;5834073,308;13,36047447;52,57629391
207947;11;3;3400619;2018;12;5;6;3;2;6;2;0;1;0;1;0;0;1;795762,7874;5835079,287;13,36648677;52,58512266
207948;11;11;11501340;2018;12;8;4;3;5;3;0;0;1;0;1;0;0;1;807677,4044;5824534,243;13,53203906;52,48401172
207949;11;2;2400522;2018;12;3;6;2;5;2;2;1;0;0;0;0;0;1;801711,2786;5827901,344;13,44749978;52,51752074
207950;11;5;5100314;2018;12;7;4;3;6;4;0;0;1;1;0;0;0;1;785181,3683;5829651,034;13,20606877;52,54210419
207951;11;4;4300517;2018;12;13;6;3;0;1;0;0;0;0;1;0;0;1;791945,6199;5828215,472;13,30426955;52,52565255
207952;11;3;3501038;2018;12;7;4;3;6;4;0;0;0;1;0;0;1;0;803330,1797;5831992,867;13,47501924;52,55329398
207953;11;1;1100308;2018;12;6;4;3;6;2;2;0;1;1;0;0;0;1;797247,6671;5829090,371;13,38297557;52,53063021
207954;11;8;8100521;2018;12;15;5;3;5;3;0;1;1;0;0;0;0;1;803323,1499;5822144,626;13,4659417;52,46503005
207955;11;7;7601236;2018;12;7;4;2;6;4;1;0;1;1;0;0;0;1;796597,7623;5816138,218;13,36190621;52,41487981
207956;11;1;1100102;2018;12;6;3;3;2;2;2;0;1;0;0;1;0;1;795044,7267;5827224,782;13,34893986;52,51510347
207957;11;2;2100102;2018;12;0;5;3;0;3;2;1;1;0;0;0;0;0;798022,7528;5825830,104;13,39144771;52,50098284
207958;11;8;8100520;2018;12;6;3;3;6;2;2;0;1;1;0;0;0;1;803206,0519;5822706,234;13,46473362;52,4701287
207959;11;3;3100102;2018;12;6;3;3;6;4;2;0;0;1;0;0;1;1;804669,4192;5841371,197;13,50333813;52,63659813
207960;11;7;7601341;2018;12;15;5;3;3;6;1;0;1;0;0;1;0;0;797104,9996;5815595,376;13,36886057;52,40973859
207961;11;8;8401139;2018;12;16;3;2;6;4;2;0;1;1;0;0;0;1;803285,5472;5819100,903;13,46262604;52,43777013
207962;11;3;3100102;2018;12;16;5;3;3;6;1;0;1;0;1;0;0;1;804824,8932;5841396,739;13,50565204;52,6367398
207963;11;12;12200309;2018;12;12;3;3;0;4;0;0;0;1;1;0;0;1;793382,3347;5832501,704;13,32917192;52,56330514
207964;11;11;11300616;2018;12;16;5;3;6;4;2;0;1;1;0;0;0;1;803315,4582;5830059,202;13,4730371;52,53597131
207965;11;4;4501042;2018;12;15;3;3;3;6;0;0;0;0;1;0;1;0;794075,8488;5826111,588;13,33371955;52,50564758
207966;11;2;2400623;2018;12;17;5;2;6;2;2;0;1;1;0;0;0;1;800576,7217;5827053,749;13,4300642;52,51055
207967;11;5;5100104;2018;12;19;3;3;2;3;2;0;1;0;0;0;0;1;785652,4858;5831763,335;13,2148141;52,56079585
207968;11;12;12200309;2018;12;20;5;3;6;4;2;0;1;1;0;0;0;1;793297,6976;5832610,901;13,32802341;52,56432962
207969;11;2;2500833;2018;12;19;3;3;5;7;2;1;1;0;0;0;0;1;802403,6573;5827062,617;13,45691039;52,50961981
207970;11;6;6100207;2018;12;19;5;3;0;6;2;0;1;0;1;0;0;1;793369,1762;5820056,909;13,31801074;52,45174994
207971;11;2;2100104;2018;12;18;3;3;5;3;2;1;1;0;0;0;0;1;799419,3399;5826147,957;13,41224647;52,50306743
207972;11;3;3400725;2018;12;15;3;3;1;5;1;1;1;0;0;0;0;1;799752,0441;5835013,962;13,42513324;52,58235388
207973;11;10;10200524;2018;12;17;5;3;2;6;2;0;1;0;0;0;0;1;813271,5096;5830155,535;13,61944082;52,53120356
207974;11;3;3701554;2018;12;19;5;3;2;3;2;0;1;0;1;0;0;1;799230,6992;5829269,777;13,41228334;52,53115338
207975;11;4;4500936;2018;12;17;3;3;5;7;2;0;1;0;0;0;1;1;791591,3295;5825495,285;13,29667844;52,50145604
207976;11;8;8401243;2018;12;17;5;3;1;5;2;1;1;0;0;0;0;1;805484,933;5818462,611;13,49429748;52,43082539
207977;11;4;4500937;2018;12;18;5;3;2;6;2;0;1;0;0;0;0;1;791463,9212;5825059,076;13,29442502;52,49761353
207978;11;8;8401246;2018;12;16;3;3;6;2;2;0;1;1;0;0;0;1;805810,4662;5816844,16;13,49759129;52,41613802
207979;11;3;3200310;2018;12;16;5;3;5;3;2;1;1;0;0;0;0;1;799468,9814;5837743,188;13,42343585;52,60697251
207980;11;8;8100520;2018;12;16;3;3;6;4;2;0;1;1;0;0;0;1;803101,8163;5822771,825;13,46326339;52,47077443
207981;11;3;3701556;2018;12;16;5;3;0;1;2;0;0;0;1;0;0;1;799728,229;5829366,207;13,41968287;52,53174438
207982;11;12;12400723;2018;12;16;3;3;1;5;2;0;1;0;0;0;1;1;791545,8052;5838552,315;13,30748079;52,61853339
207983;11;12;12500926;2018;12;16;5;3;5;3;2;0;1;0;1;0;0;1;792953,4959;5835396,057;13,32542107;52,58948237
207984;11;7;7501029;2018;12;18;4;3;5;2;2;0;1;0;1;0;0;0;797587,2378;5819594,392;13,37948749;52,44532406
207985;11;3;3200206;2018;12;16;3;3;5;2;2;1;1;0;0;0;0;1;798247,3476;5835083,226;13,40305377;52,58380161
207986;11;7;7400824;2018;12;17;5;3;5;2;2;1;1;0;0;0;0;0;797836,3055;5821341,747;13,38469965;52,46085163
207987;11;12;12100101;2018;12;16;5;3;6;4;2;0;1;1;0;0;0;1;796541,89;5832405,316;13,3755614;52,56072949
207988;11;1;1400942;2018;12;15;3;3;5;2;2;1;1;0;0;0;0;1;794594,5035;5830734,515;13,34543466;52,54680912
207989;11;1;1100310;2018;12;17;5;3;6;2;2;0;1;1;0;0;0;1;799495,1061;5828789,355;13,41573679;52,52670194
207990;11;11;11401136;2018;12;15;3;3;5;7;1;0;1;0;0;0;0;1;805996,4162;5825819,731;13,50854225;52,49647734
207991;11;11;11300617;2018;12;17;5;3;0;2;2;0;1;1;0;0;0;1;803090,158;5829538,569;13,46925081;52,53143032
207992;11;6;6200420;2018;12;18;5;2;6;4;2;0;1;1;0;0;0;0;792509,3296;5815776,045;13,30164852;52,4138331
207993;11;2;2100105;2018;12;15;3;3;5;3;1;0;1;0;0;0;0;1;799551,4592;5825854,456;13,41392309;52,50036411
207994;11;12;12500929;2018;12;18;5;2;6;2;2;0;1;1;0;0;0;1;794041,4162;5838145,334;13,34387593;52,61354044
207995;11;6;6200423;2018;12;14;3;3;0;7;0;0;1;0;1;0;0;1;795446,1675;5816109,668;13,34499808;52,41524667
207996;11;2;2400521;2018;12;18;5;2;6;2;2;0;1;1;0;0;0;1;801002,1334;5828022,425;13,43718999;52,51899787
207997;11;1;1200628;2018;12;14;3;3;6;2;0;0;1;1;0;0;0;1;796223,0232;5828507,119;13,36739513;52,52595971
207998;11;1;1300834;2018;12;16;5;3;1;5;2;0;0;0;0;0;1;1;798238,656;5830707,47;13,39899251;52,54458401
207999;11;11;11100308;2018;12;8;3;3;2;6;0;0;1;0;0;0;1;1;804829,6137;5833262,482;13,49823247;52,56383569
208000;11;9;9200614;2018;12;17;5;2;6;4;2;0;1;1;0;0;0;1;808425,5808;5820875,098;13,53963996;52,45079641
208001;11;1;1100102;2018;12;19;5;2;3;6;2;0;1;0;1;0;0;1;795188,9639;5827214,376;13,35105002;52,51493214
208002;11;2;2100102;2018;12;9;3;3;6;4;0;0;0;1;0;0;1;1;797945,5088;5826311,517;13,3907439;52,5053403
208003;11;11;11300721;2018;12;14;3;3;0;1;0;0;0;0;1;0;0;1;804332,6743;5829081,268;13,48709295;52,52663947
208004;11;11;11200514;2018;12;15;5;3;5;3;1;0;1;0;0;0;0;0;805125,3936;5830049,997;13,49963083;52,53487855
208005;11;1;1200517;2018;12;9;3;3;6;4;0;0;1;1;0;0;0;1;793521,2752;5829265,947;13,3283557;52,53422351
208006;11;9;9501737;2018;12;14;3;3;2;6;0;0;1;0;0;0;0;1;814540,4627;5822087,464;13,63046926;52,45817664
208007;11;7;7400927;2018;12;20;5;2;5;2;2;0;1;0;1;0;0;1;798892,2955;5821213,374;13,40008113;52,4591244
208008;11;1;1100309;2018;12;9;3;3;1;5;0;1;1;0;0;0;0;1;798479,4037;5828976,662;13,40097757;52,52893792
208009;11;11;11401135;2018;12;9;3;3;5;3;0;1;1;0;0;0;0;1;805525,8697;5825986,35;13,50178533;52,49823426