OBJECTID;LAND;BEZ;LOR_ab_2021;UJAHR;UMONAT;USTUNDE;UWOCHENTAG;UKATEGORIE;UART;UTYP1;ULICHTVERH;IstRad;IstPKW;IstFuss;IstKrad;IstGkfz;IstSonstig;USTRZUSTAND;LINREFX;LINREFY;XGCSWGS84;YGCSWGS84
208010;11;6;6300525;2018;12;17;5;3;2;6;2;0;1;0;0;0;0;1;790293,0694;5814809,396;13,26831653;52,4063466
208011;11;4;4501042;2018;12;10;3;3;6;7;0;0;1;1;0;0;0;1;793786,3831;5825737,715;13,32913711;52,50245193
208012;11;12;12500927;2018;12;17;5;3;1;5;2;0;1;0;0;0;0;1;791897,2254;5835412,298;13,30988775;52,59019582
208013;11;9;9501941;2018;12;12;3;3;2;6;0;0;1;0;0;0;0;1;812100,796;5820957,15;13,59362354;52,44944607
208014;11;10;10100315;2018;12;19;5;3;2;6;2;0;1;0;0;0;0;1;809840,2253;5830977,923;13,56978629;52,54053453
208015;11;7;7300619;2018;12;13;3;2;5;3;0;0;1;0;0;0;0;1;795090,7338;5821623,083;13,3446553;52,46486316
208016;11;8;8100102;2018;12;15;5;3;2;6;1;0;1;0;0;0;0;0;800149,5252;5823643,574;13,42071578;52,48021842
208017;11;2;2400625;2018;12;13;3;3;2;6;0;1;0;0;0;0;1;1;801413,4032;5826423,904;13,44178519;52,50444296
208018;11;3;3400830;2018;12;14;3;3;5;2;0;0;1;0;0;0;0;1;800020,7046;5833422,398;13,42764639;52,56794027
208019;11;8;8200623;2018;12;18;5;3;2;6;2;0;1;0;0;0;1;1;802577,376;5820735,592;13,45372041;52,45281426
208020;11;1;1300730;2018;12;14;3;3;5;3;0;0;1;0;0;0;0;1;796153,6535;5832273,453;13,3697333;52,55975878
208021;11;10;10400837;2018;12;7;3;3;6;4;1;0;1;1;0;0;0;1;810530,0096;5824956,236;13,5743058;52,48617871
208022;11;5;5200528;2018;12;21;6;3;5;3;2;0;1;0;0;0;0;1;783050,606;5826059,872;13,17167646;52,51101591
208023;11;1;1200628;2018;12;18;5;3;0;7;2;0;1;0;0;0;1;0;796430,1986;5828610,682;13,37053232;52,52677545
208024;11;3;3501037;2018;12;7;3;3;6;2;1;0;1;1;0;0;0;1;803362,7134;5832552,573;13,47600911;52,55829232
208025;11;11;11200512;2018;12;13;5;3;5;3;0;1;0;0;0;0;1;0;802953,2901;5830972,063;13,46854616;52,54435452
208026;11;3;3701554;2018;12;19;5;3;0;4;2;0;0;1;0;0;1;1;798999,858;5830086,973;13,40962563;52,53860499
208027;11;12;12100205;2018;12;6;3;3;6;2;2;0;1;1;0;0;0;1;795432,7404;5834155,218;13,36080583;52,57701861
208028;11;1;1100310;2018;12;21;5;3;5;2;2;0;1;0;0;0;0;1;799240,8668;5828468,335;13,41171151;52,52396409
208029;11;3;3500934;2018;12;7;3;3;6;4;1;0;1;1;0;0;0;1;800652,9005;5832171,685;13,43581263;52,55638118
208030;11;3;3300412;2018;12;12;5;3;5;3;0;0;1;0;0;0;0;0;802863,6535;5838282,268;13,47390636;52,6099235
208031;11;11;11300725;2018;12;7;3;3;1;5;2;0;1;0;0;0;0;1;804908,331;5827531,763;13,49413189;52,51243041
208032;11;4;4501043;2018;12;12;5;3;6;2;0;0;1;1;0;0;0;0;792868,8028;5824664,644;13,31471413;52,49332546
208033;11;12;12200307;2018;12;14;3;3;6;2;0;0;1;1;0;0;0;1;793384,1051;5833148,976;13,3297704;52,5691066
208034;11;2;2300316;2018;12;17;3;3;1;5;2;1;1;0;0;0;0;1;801383,1388;5826099,131;13,4410467;52,50154868
208035;11;8;8200832;2018;12;10;5;3;5;3;0;0;1;0;0;0;1;0;801519,8709;5817350,205;13,43515165;52,42305428
208036;11;4;4300416;2018;12;16;6;3;2;2;2;0;1;0;0;0;1;1;791570,1314;5826528,643;13,29727208;52,51073131
208037;11;1;1200626;2018;12;13;5;3;3;6;0;0;1;0;0;0;1;0;794788,5342;5828310,691;13,34613775;52,52497641
208038;11;12;12200309;2018;12;17;3;3;3;6;2;0;1;0;0;1;0;1;793301,5085;5832582,132;13,32805404;52,56406967
208039;11;5;5300737;2018;12;10;5;3;6;4;0;0;1;1;0;0;0;1;787369,9871;5830067,751;13,23861303;52,54469036
208040;11;2;2300316;2018;12;10;5;3;1;5;0;1;1;0;0;0;0;0;800790,7237;5826496,849;13,43270482;52,5054404
208041;11;3;3601244;2018;12;17;4;3;5;3;2;0;1;0;0;0;0;0;800111,9358;5831694,933;13,42742621;52,55240631
208042;11;1;1100308;2018;12;17;3;3;6;4;2;0;1;1;0;0;0;1;796982,248;5828747,68;13,37876822;52,52770304
208043;11;1;1100309;2018;12;9;5;3;6;2;0;1;0;1;0;0;0;0;797636,613;5828308,856;13,38799283;52,52341266
208044;11;11;11300722;2018;12;18;3;3;1;5;2;1;0;0;0;1;1;1;804280,1672;5827946,136;13,48528296;52,51649505
208045;11;7;7100206;2018;12;16;6;3;6;4;2;0;1;1;0;0;0;1;796541,6487;5824860,126;13,3688288;52,49309481
208046;11;1;1100207;2018;12;8;5;3;2;6;0;1;1;0;0;0;0;0;797920,7494;5826573,792;13,3906149;52,50770479
208047;11;10;10200418;2018;12;17;3;3;6;4;2;0;1;1;0;0;0;1;810964,351;5830924,616;13,58625834;52,53941654
208048;11;6;6100209;2018;12;18;2;3;1;5;2;1;1;0;0;0;0;0;794291,2947;5821559,726;13,33286579;52,46472636
208049;11;2;2400623;2018;12;8;5;3;0;3;0;1;1;0;0;0;0;0;800292,4051;5827628,521;13,42640604;52,51585846
208050;11;1;1100205;2018;12;18;2;3;5;3;2;0;1;0;1;0;0;1;796946,6749;5826781,252;13,3764901;52,51009552
208051;11;7;7300619;2018;12;7;5;2;5;2;0;0;1;0;0;0;0;0;795410,0644;5820979,33;13,34877238;52,45891978
208052;11;10;10100209;2018;12;7;6;3;6;6;2;1;1;1;0;0;0;1;810010,9972;5832300,377;13,57353057;52,55228855
208053;11;3;3601245;2018;12;5;4;3;5;2;2;1;1;0;0;0;0;0;800248,7669;5831349,792;13,42912618;52,54923732
208054;11;7;7100205;2018;12;18;2;3;5;2;2;1;1;0;0;0;0;1;796013,6296;5824976,54;13,36117765;52,49442496
208055;11;10;10300731;2018;12;13;4;3;2;6;0;0;1;0;0;0;0;0;809656,0733;5829663,394;13,56585497;52,52885895
208056;11;9;9200717;2018;12;15;4;3;0;2;0;1;1;0;0;0;0;0;809478,8132;5818716,259;13,55309011;52,43085398
208057;11;1;1100205;2018;12;18;2;3;0;2;2;1;1;0;0;0;0;1;797452,6574;5826843,844;13,38397966;52,51038092
208058;11;11;11501341;2018;12;15;4;3;5;7;0;0;1;0;0;0;1;0;807036,6688;5823517,444;13,52169684;52,4752596
208059;11;1;1200520;2018;12;18;2;3;3;6;2;0;1;0;1;0;0;1;794581,3182;5828596,278;13,34334526;52,5276485
208060;11;11;11501238;2018;12;16;6;2;6;4;2;0;0;1;0;0;1;1;804471,8496;5825744,333;13,48608541;52,49665419
208061;11;4;4200311;2018;12;15;4;3;2;6;0;0;1;0;1;0;0;0;789970,4174;5825136,427;13,27255374;52,4991026
208062;11;4;4501045;2018;12;16;2;3;6;3;1;0;1;1;0;0;0;1;793932,59;5825162,212;13,33077695;52,4972141
208063;11;1;1100205;2018;12;14;4;2;1;5;0;0;1;0;0;0;1;0;797085,2867;5826877,937;13,37861283;52,51088673
208064;11;12;12400720;2018;12;16;6;3;0;3;2;0;0;0;0;0;1;1;789663,5743;5839655,199;13,28072253;52,62942731
208065;11;8;8100104;2018;12;16;2;3;2;6;2;0;1;0;0;0;0;0;800842,1337;5822545,45;13,42989319;52,46999446
208066;11;1;1100205;2018;12;14;4;3;6;4;0;1;0;1;0;0;0;0;796964,0164;5826950,997;13,37689633;52,51160766
208067;11;10;10400940;2018;12;13;4;3;5;3;0;1;1;0;0;0;0;0;812386,5247;5824605,917;13,60122968;52,48198046
208068;11;12;12100102;2018;12;16;2;3;5;3;2;0;1;0;0;0;0;1;796595,8294;5833589,05;13,37741308;52,57131093
208069;11;8;8200624;2018;12;12;4;3;3;6;0;0;1;0;1;0;0;0;800878,9275;5821457,166;13,42945205;52,46021951
208070;11;4;4100101;2018;12;12;4;2;5;3;0;0;1;0;1;0;0;0;792115,5035;5830675,815;13,30892926;52,54761782
208071;11;12;12200310;2018;12;15;2;3;2;2;0;0;1;0;0;0;0;0;792223,6865;5833717,97;13,31319917;52,5748316
208072;11;11;11400927;2018;12;15;2;3;6;4;1;1;0;1;0;0;0;1;803495,1563;5826625,088;13,47254517;52,5050922
208073;11;3;3300413;2018;12;12;4;3;1;5;0;1;1;0;0;0;0;0;803433,6089;5837430,758;13,48151712;52,60197397
208074;11;7;7400720;2018;12;15;2;2;6;4;2;0;1;1;0;0;0;0;796641,6167;5823469,608;13,36905933;52,48057581
208075;11;9;9200511;2018;12;17;2;2;6;4;2;0;1;1;0;0;0;1;807622,1497;5822198,559;13,52907394;52,46311017
208076;11;10;10100210;2018;12;11;4;3;6;3;0;0;1;1;0;0;0;0;808403,3117;5831205,756;13,54887773;52,54339143
208077;11;12;12601235;2018;12;18;2;3;0;3;2;0;1;0;0;0;1;1;795130,9807;5836343,71;13,35831501;52,5968001
208078;11;5;5200631;2018;12;10;4;3;1;5;0;0;1;0;0;0;0;0;784648,0148;5827951,475;13,19676976;52,52714484
208079;11;1;1300733;2018;12;16;2;3;2;2;0;0;1;0;0;0;0;1;797341,8472;5831211,437;13,38625806;52,54959163
208080;11;7;7200308;2018;12;10;4;3;6;7;0;0;1;1;0;0;0;0;795011,2419;5823268,332;13,34494362;52,47965473
208081;11;7;7300515;2018;12;16;2;3;2;6;2;0;1;0;0;0;0;1;793438,953;5822415,24;13,32110796;52,47285418
208082;11;6;6200312;2018;12;14;2;3;5;3;0;0;1;0;0;0;1;0;794583,1726;5819155,163;13,33502857;52,44301336
208083;11;12;12400721;2018;12;10;4;3;5;3;0;1;1;0;0;0;0;1;791221,1635;5839954,947;13,30393466;52,63128157
208084;11;8;8100312;2018;12;13;2;3;5;7;0;0;1;0;0;0;0;0;801362,0861;5823946,26;13,43879033;52,48226369
208085;11;2;2300314;2018;12;19;2;3;5;3;2;1;0;0;0;0;0;1;799915,4073;5825976,019;13,41937806;52,50125383
208086;11;2;2100106;2018;12;22;2;3;5;3;2;0;1;0;0;0;0;1;798599,4825;5825578,748;13,39969343;52,49841449
208087;11;7;7100102;2018;12;14;2;2;5;3;0;0;1;0;0;0;0;1;794944,8146;5825404,658;13,34585914;52,49884137
208088;11;2;2200210;2018;12;22;4;3;1;5;2;1;1;0;0;0;0;0;798952,7742;5824795,765;13,40417965;52,49120271
208089;11;5;5300737;2018;12;12;2;3;3;6;0;0;1;0;1;0;0;1;786962,845;5829334,442;13,2319922;52,53833042
208090;11;3;3601245;2018;12;12;2;3;5;3;0;1;1;0;0;0;0;0;800605,0183;5831420,566;13,43442839;52,5496752
208091;11;4;4500936;2018;12;20;4;2;5;3;2;1;1;0;0;0;0;0;791958,137;5825264,573;13,30186465;52,49919161
208092;11;4;4500938;2018;12;12;2;3;5;2;0;1;1;0;0;0;0;0;791580,9291;5825003,318;13,29609494;52,49705116
208093;11;9;9300921;2018;12;10;4;3;1;5;0;0;1;0;0;0;0;0;809648,0363;5816775,493;13,55377507;52,41336529
208094;11;8;8100418;2018;12;10;2;3;1;5;0;1;1;0;0;0;0;0;801659,4792;5823780,753;13,44300662;52,480616
208095;11;4;4200311;2018;12;9;4;2;5;2;0;0;1;0;1;0;0;0;790378,2291;5827210,898;13,28035412;52,51748357
208096;11;4;4300518;2018;12;10;2;3;2;7;0;0;1;0;0;0;0;0;792064,9363;5828109,802;13,30593047;52,52464134
208097;11;2;2100103;2018;12;18;4;3;0;1;2;0;0;0;1;0;0;1;798492,7005;5825554,576;13,39810343;52,49825623
208098;11;1;1100310;2018;12;10;2;3;5;3;0;1;0;0;0;0;1;0;799776,8236;5828663,012;13,41976309;52,52541465
208099;11;1;1200628;2018;12;9;4;3;5;2;0;1;1;0;0;0;0;0;795523,5703;5828187,403;13,356831;52,52347332
208100;11;9;9200613;2018;12;16;6;3;6;2;2;0;1;1;0;0;0;1;806878,6708;5821176,004;13,5172249;52,45436376
208101;11;7;7400824;2018;12;18;4;3;0;2;2;0;1;0;1;0;0;0;797850,3678;5822205,611;13,38567701;52,46858756
208102;11;1;1100206;2018;12;9;2;3;6;7;0;0;0;1;1;0;0;1;797788,5792;5827276,067;13,3893016;52,514072
208103;11;8;8100419;2018;12;9;4;3;1;5;0;1;1;0;0;0;0;0;802375,734;5824018,948;13,45373746;52,48235485
208104;11;1;1100206;2018;12;18;4;3;3;2;2;0;1;0;0;0;1;0;797187,5304;5827529,606;13,38069696;52,51667252
208105;11;3;3400723;2018;12;15;6;3;5;2;2;1;1;0;0;0;0;1;798731,947;5833692,834;13,40893208;52,57107306
208106;11;4;4200309;2018;12;9;4;3;2;6;0;0;1;0;0;0;0;0;788985,2232;5827054,51;13,25974633;52,51682147
208107;11;1;1100312;2018;12;9;2;3;1;5;0;1;0;0;0;1;0;0;799236,3099;5827183,321;13,41048872;52,51244835
208108;11;11;11200411;2018;12;9;4;3;5;2;0;1;0;0;0;1;0;0;805701,8751;5831366,412;13,50931473;52,54635362
208109;11;11;11100203;2018;12;9;4;3;5;3;0;1;1;0;0;0;0;0;806710,1403;5833421,197;13,52603543;52,56420205
208110;11;2;2400623;2018;12;9;2;3;5;2;0;1;0;0;0;0;1;0;800506,2492;5827059,255;13,42903389;52,51063817
208111;11;1;1100313;2018;12;18;4;3;2;6;2;0;1;0;0;0;0;1;800200,1484;5826847,81;13,42434631;52,50891145
208112;11;12;12400723;2018;12;8;2;3;2;6;0;0;1;0;0;0;0;0;791422,0367;5838777,818;13,3058565;52,62062134
208113;11;2;2200213;2018;12;15;6;3;1;5;1;1;1;0;0;0;0;1;799631,0816;5825077,087;13,41439329;52,49335246
208114;11;10;10400835;2018;12;8;4;3;5;3;0;1;1;0;0;0;0;1;812929,2958;5829712,903;13,6139958;52,52743369
208115;11;1;1100103;2018;12;7;2;2;5;2;0;1;1;0;0;0;0;0;795592,1252;5825810,573;13,35572731;52,50212985
208116;11;9;9200715;2018;12;8;4;3;5;3;0;1;1;0;0;0;0;0;807821,875;5818872,766;13,52894;52,43319142
208117;11;4;4501148;2018;12;15;6;3;2;2;0;0;1;0;0;0;0;1;793009,5722;5823394,844;13,31566524;52,48186655
208118;11;12;12100102;2018;12;7;2;1;6;4;2;0;1;1;0;0;0;0;796764,6059;5833658,44;13,37995821;52,57184093
208119;11;12;12100205;2018;12;8;4;3;5;2;0;1;1;0;0;0;0;1;794834,331;5833066,451;13,35103259;52,56758329
208120;11;1;1400942;2018;12;7;4;3;5;3;0;0;1;0;0;0;1;0;794845,1137;5830307,941;13,34874107;52,54284965
208121;11;8;8100206;2018;12;6;2;3;2;6;2;0;1;0;0;0;0;0;800467,3872;5823725,905;13,42545641;52,48078159
208122;11;4;4300619;2018;12;17;4;3;5;2;2;0;1;0;0;0;0;0;792975,3334;5827555,525;13,31882289;52,51918402
208123;11;1;1100310;2018;12;23;1;3;2;6;2;0;1;0;0;0;0;0;799571,2896;5828236,963;13,41635882;52,52170876
208124;11;4;4501042;2018;12;14;6;3;5;2;0;1;1;0;0;0;0;1;793527,6714;5825443,169;13,325077;52,4999507
208125;11;3;3601449;2018;12;16;1;3;5;2;2;0;1;0;0;0;0;1;801338,2141;5831003,266;13,4448303;52,54552984
208126;11;1;1100313;2018;12;17;4;3;5;2;2;1;0;0;0;0;1;0;799980,4669;5826936,644;13,42119919;52,50982855
208127;11;7;7300619;2018;12;22;1;3;1;5;2;0;1;0;0;1;0;1;795283,9125;5821906,902;13,34774174;52,46730305
208128;11;1;1100102;2018;12;14;6;2;8;1;0;0;0;0;0;0;1;1;796303,7608;5827555,887;13,36773434;52,51738897
208129;11;7;7601442;2018;12;7;4;3;0;1;0;0;1;0;1;0;0;1;799027,9865;5816501,923;13,39785736;52,41681782
208130;11;2;2100104;2018;12;20;1;3;5;3;2;1;0;0;0;0;1;1;799115,3988;5826269,419;13,40789111;52,50432286
208131;11;1;1401045;2018;12;13;6;3;3;6;0;1;1;0;0;0;0;1;796839,1526;5831562,456;13,3791799;52,55301227
208132;11;4;4501150;2018;12;18;1;2;6;4;2;0;1;1;0;0;0;1;793975,3252;5823932,686;13,33031985;52,48616898
208133;11;3;3601141;2018;12;16;4;2;6;4;1;1;0;1;0;0;0;0;798947,9043;5831449,916;13,41008854;52,55085022
208134;11;2;2300314;2018;12;4;4;2;6;2;2;0;1;1;0;0;0;0;799898,4099;5825982,507;13,41913425;52,50132133
208135;11;3;3701556;2018;12;18;1;2;2;6;1;0;1;0;1;0;0;1;799867,7619;5829782,124;13,42210895;52,53539565
208136;11;1;1100103;2018;12;17;1;3;3;2;2;0;1;0;0;0;0;1;795179,1;5825900,691;13,34974009;52,50316128
208137;11;7;7601341;2018;12;15;4;3;5;2;1;0;1;0;0;0;0;0;797610,1156;5815559,446;13,37623275;52,40914217
208138;11;7;7601341;2018;12;15;1;3;5;3;1;0;1;0;0;0;0;1;798075,8043;5814211,884;13,38185954;52,39680924
208139;11;11;11200514;2018;12;14;1;3;6;7;0;0;0;1;0;0;1;0;803357,7263;5830039,446;13,47364033;52,53577071
208140;11;2;2400625;2018;12;19;6;3;5;7;2;0;1;0;0;0;0;1;801699,0916;5826148,779;13,4457322;52,50181909
208141;11;12;12100204;2018;12;16;4;3;6;4;1;0;1;1;0;0;0;0;795163,6219;5832500,456;13,35537331;52,56233121
208142;11;1;1400938;2018;12;11;1;2;6;4;0;0;1;1;0;0;0;1;794886,9788;5831281,953;13,35022146;52,55155823
208143;11;7;7501031;2018;12;9;4;3;2;6;0;0;1;0;0;0;0;1;799113,7088;5819868,358;13,4021255;52,44694692
208144;11;12;12100204;2018;12;13;6;2;2;4;0;0;1;1;1;0;0;1;793996,8942;5832652,714;13,33834599;52,56432734
208145;11;10;10300734;2018;12;5;1;3;0;7;2;0;1;0;0;0;0;1;809579,5968;5825493,889;13,56085329;52,4915367
208146;11;4;4501147;2018;12;16;4;3;1;5;0;1;1;0;0;0;0;0;793330,4995;5824278,933;13,32115556;52,48961978
208147;11;8;8200833;2018;12;4;1;3;5;3;2;0;1;0;0;0;0;1;802125,8684;5816786,576;13,44352747;52,41766809
208148;11;3;3601245;2018;12;7;4;3;5;2;1;1;1;0;0;0;0;0;800559,7238;5831407,563;13,43375063;52,54958365
208149;11;9;9100407;2018;12;13;6;2;9;1;0;0;1;0;0;0;0;1;805150,1885;5821478,428;13,49214333;52,45804193
208150;11;5;5300736;2018;12;1;1;2;6;4;2;0;1;1;0;0;0;1;786652,3984;5829243,858;13,22734929;52,53768167
208151;11;11;11100204;2018;12;7;4;3;5;2;2;1;1;0;0;0;0;1;806852,4118;5832683,49;13,52744565;52,55751055
208152;11;9;9200717;2018;12;1;1;3;1;5;2;0;1;0;0;0;0;1;809699,8079;5819132,87;13,55671611;52,43446253
208153;11;2;2200210;2018;12;0;1;3;5;3;2;0;1;0;0;0;0;1;798794,2045;5824926,451;13,40196828;52,49246096
208154;11;6;6300634;2018;12;6;4;2;6;2;2;0;1;1;0;0;0;1;791907,165;5818944,22;13,29558541;52,44255738
208155;11;9;9100203;2018;12;5;1;3;5;3;2;0;1;0;0;0;0;1;804111,32;5824359,311;13,47952703;52,48444164
208156;11;4;4500937;2018;12;20;7;3;6;4;2;0;1;1;0;0;0;1;791769,6384;5825166,585;13,29900986;52,49841397
208157;11;10;10100311;2018;12;12;6;3;0;3;0;1;0;0;0;1;0;1;806585,2221;5828094,724;13,51928343;52,5165359
208158;11;4;4100102;2018;12;15;3;3;5;3;0;0;1;0;0;0;0;0;791497,3424;5829247,039;13,29858518;52,53514025
208159;11;12;12200414;2018;12;16;7;3;6;2;1;0;1;1;0;0;0;1;791910,0929;5831509,002;13,30664113;52,55519721
208160;11;6;6300633;2018;12;21;3;2;6;4;2;0;1;1;0;0;0;0;793196,9497;5819788,938;13,31524836;52,44944005
208161;11;3;3601142;2018;12;19;3;3;0;5;2;0;1;0;0;0;1;0;798796,3768;5831074,824;13,40752289;52,54757122
208162;11;2;2200210;2018;12;23;7;3;2;6;2;0;1;0;0;0;0;1;798720,1;5824698,315;13,40067551;52,49045658
208163;11;8;8100105;2018;12;17;3;3;6;2;2;0;1;1;0;0;0;0;801039,3779;5822074,783;13,43236354;52,46566706
208164;11;4;4200311;2018;12;21;7;3;3;6;2;0;1;0;0;0;0;1;790347,8513;5825662,292;13,2785567;52,50361636
208165;11;1;1100308;2018;12;18;3;3;5;2;2;1;1;0;0;0;0;0;797244,4862;5829094,05;13,38293211;52,53066492
208166;11;6;6300526;2018;12;18;7;3;6;4;1;0;0;1;0;0;1;0;789486,1342;5817638,658;13,25893514;52,43213953
208167;11;8;8100206;2018;12;17;3;3;2;6;2;1;1;0;0;0;0;0;800588,0803;5823767,68;13,42726594;52,48108961
208168;11;2;2100106;2018;12;18;7;3;5;2;2;0;1;0;0;0;0;1;799063,639;5825597,272;13,40652718;52,49832638
208169;11;1;12100101;2018;12;18;7;3;2;6;2;0;1;0;0;0;0;1;796138,5539;5832289,366;13,36952541;52,55990963
208170;11;8;8401243;2018;12;21;3;3;5;3;2;0;1;0;0;0;0;0;805242,0233;5818122,383;13,49042518;52,42791162
208171;11;1;1400938;2018;12;13;6;3;2;6;1;0;1;0;0;0;0;1;794443,3509;5829904,879;13,34247666;52,53945374
208172;11;1;1100205;2018;12;21;3;2;6;7;2;1;0;1;0;0;0;0;797140,041;5826446,409;13,37903205;52,50698873
208173;11;12;12400723;2018;12;18;7;2;6;4;2;0;1;1;0;0;0;1;791466,1684;5838798,13;13,30652446;52,62077975
208174;11;3;3601453;2018;12;15;3;3;6;4;0;0;1;1;0;0;0;0;802832,7751;5828647,347;13,46465638;52,52358549
208175;11;7;7601544;2018;12;14;3;3;5;7;0;0;1;0;0;0;0;1;798896,8811;5814356,476;13,39402029;52,39765791
208176;11;12;12400618;2018;12;17;4;3;0;3;2;0;1;0;0;0;1;1;786798,3427;5838465,223;13,23747366;52,62027921
208177;11;12;12200412;2018;12;16;7;3;6;2;1;0;1;1;0;0;0;1;790965,9907;5833830,214;13,29479101;52,57651172
208178;11;12;12500927;2018;12;14;3;3;5;3;0;0;1;0;0;0;0;1;792773,8497;5836360,752;13,32362962;52,59822704
208179;11;9;9300920;2018;12;13;7;3;2;2;0;1;1;0;0;0;0;0;808578,7364;5817508,592;13,5387792;52,42053919
208180;11;8;8100521;2018;12;18;6;3;2;6;2;0;1;0;0;0;0;1;802710,615;5822115,331;13,4569262;52,46510717
208181;11;7;7300517;2018;12;14;3;2;5;2;0;0;1;0;1;0;0;0;794395,7853;5822312,919;13,335064;52,47142207
208182;11;5;5100316;2018;12;7;7;3;2;6;2;0;1;0;0;0;0;1;785127,0993;5828973,339;13,20468914;52,53605644
208183;11;8;8200727;2018;12;14;3;3;2;6;0;0;1;0;0;0;0;1;802529,0284;5818985,666;13,45142665;52,43715622
208184;11;4;4200308;2018;12;16;6;3;6;2;2;0;1;1;0;0;0;1;790342,0771;5827318,249;13,27991652;52,51846523
208185;11;7;7100101;2018;12;14;7;3;1;6;0;1;1;0;0;0;1;1;794490,2091;5825832,13;13,33955968;52,50291891
208186;11;6;6200420;2018;12;14;3;3;5;3;0;1;0;0;0;0;1;1;792570,931;5815896,666;13,3026571;52,41488154
208187;11;2;2200208;2018;12;12;3;3;5;2;0;1;1;0;0;0;0;0;797267,2239;5825380,554;13,37994892;52,49736522
208188;11;9;9200819;2018;12;13;7;2;6;4;0;0;0;1;0;0;1;0;810366,7182;5820336,602;13,56761253;52,44487206
208189;11;3;3601141;2018;12;11;3;3;2;1;0;0;1;0;0;0;0;0;799242,0643;5831771,584;13,41470391;52,55357195
208190;11;9;9200715;2018;12;11;3;3;1;5;0;0;1;0;0;0;0;0;808158,6275;5819659,579;13,53460305;52,44005335
208191;11;7;7100102;2018;12;9;7;2;8;1;0;0;1;0;0;0;0;1;795539,2992;5825278,934;13,35447955;52,49739273
208192;11;2;2500835;2018;12;11;3;3;2;1;0;0;1;0;0;0;0;0;803103,9651;5826090,475;13,46631268;52,50051799
208193;11;1;1400940;2018;12;9;3;3;6;7;0;0;1;1;0;0;0;0;795040,3787;5832022,208;13,35313527;52,55811093
208194;11;1;1100309;2018;12;6;7;3;2;6;2;0;1;0;0;0;0;0;798477,4389;5829091,235;13,40105156;52,52996598
208195;11;1;1100206;2018;12;9;3;3;6;4;0;1;0;1;0;0;0;1;798024,339;5827468,758;13,39293811;52,51567047
208196;11;8;8200622;2018;12;11;7;3;1;5;0;0;1;0;0;0;1;0;801238,2795;5821618,83;13,43487102;52,46147059
208197;11;8;8100102;2018;12;8;3;3;2;6;1;0;1;0;0;0;0;1;800595,0862;5823211,419;13,42686736;52,47609978
208198;11;6;6400844;2018;12;2;7;2;9;1;2;0;1;0;0;0;0;1;791161,2922;5820104,151;13,28565385;52,45335395
208199;11;3;3300514;2018;12;5;3;3;4;6;2;0;1;0;0;0;0;1;800895,3675;5836016,289;13,44286685;52,5907067
208200;11;10;10200629;2018;12;2;7;3;0;6;2;0;1;0;0;0;1;1;811097,142;5829165,698;13,58656401;52,52357853
208201;11;11;11501238;2018;12;8;3;3;5;2;0;1;1;0;0;0;0;1;803347,724;5826306,075;13,47008905;52,50231493
208202;11;3;3300516;2018;12;7;6;3;6;4;2;1;0;1;0;0;0;1;801542,981;5833537,516;13,45014301;52,56813101
208203;11;12;12200412;2018;12;19;6;3;6;7;2;0;1;1;0;0;0;1;791017,6935;5833857,989;13,29557622;52,57673307
208204;11;5;5400942;2018;12;8;3;3;6;7;0;1;0;1;0;0;0;0;783944,3793;5823358,478;13,18250789;52,48633009
208205;11;6;6200422;2018;12;16;6;3;5;2;2;1;1;0;0;0;0;1;794440,4191;5817642,747;13,33160219;52,42953207
208206;11;12;12500928;2018;12;7;3;3;5;3;0;1;1;0;0;0;0;1;792107,5419;5836833,018;13,31423677;52,60281903
208207;11;2;2300315;2018;12;18;6;3;5;3;2;1;1;0;0;0;0;1;800678,7942;5825793,11;13,43042525;52,49919427
208208;11;1;1300836;2018;12;18;6;3;5;3;2;0;1;0;0;0;0;1;796689,3146;5830139,695;13,37570543;52,54034045
208209;11;6;6200421;2018;12;6;3;2;6;2;2;0;1;1;0;0;0;1;793302,679;5816962,674;13,3143198;52,42404651
208210;11;1;1300835;2018;12;17;6;3;3;6;2;1;1;0;0;0;0;1;796984,185;5830162,442;13,38006083;52,54038372
208211;11;4;4500936;2018;12;18;6;3;3;6;2;1;1;0;0;0;0;1;792149,2668;5825308,942;13,30471114;52,49948708
208212;11;3;3400830;2018;12;6;3;3;5;3;2;1;1;0;0;0;0;0;800034,51;5833421,877;13,42784899;52,567928
208213;11;7;7601547;2018;12;16;6;3;6;2;1;0;1;1;0;0;0;0;800286,6114;5812789,483;13,41298099;52,38285176
208214;11;10;10300734;2018;12;8;3;3;5;3;0;1;1;0;0;0;0;0;809470,1701;5825897,147;13,55962127;52,49521263
208215;11;1;1100206;2018;12;20;6;3;5;2;2;1;1;0;0;0;0;1;797904,2733;5827374,799;13,39108984;52,51489384
208216;11;1;1200517;2018;12;12;2;3;2;6;0;0;1;0;0;0;0;1;794926,3125;5829538,241;13,34925173;52,53590595
208217;11;1;1401047;2018;12;19;6;3;6;4;2;1;0;1;0;0;0;1;795602,672;5830512,464;13,36006136;52,54427255