OBJECTID;LAND;BEZ;LOR_ab_2021;UJAHR;UMONAT;USTUNDE;UWOCHENTAG;UKATEGORIE;UART;UTYP1;ULICHTVERH;IstRad;IstPKW;IstFuss;IstKrad;IstGkfz;IstSonstig;USTRZUSTAND;LINREFX;LINREFY;XGCSWGS84;YGCSWGS84
208218;11;1;1100309;2018;12;19;6;3;6;2;2;0;1;1;0;0;0;1;798692,4374;5828663,615;13,40382739;52,52601522
208219;11;1;1300733;2018;12;12;2;3;5;2;0;1;0;0;0;1;0;1;797012,5249;5831490,286;13,38166492;52,55227084
208220;11;9;9200715;2018;12;16;6;3;5;3;1;1;1;0;0;0;0;1;808200,8531;5818698,676;13,53433645;52,43141783
208221;11;2;2500833;2018;12;17;6;3;5;2;2;1;1;0;0;0;0;1;802065,394;5827160,95;13,45203057;52,51068857
208222;11;8;8100206;2018;12;11;2;2;6;2;0;0;1;1;0;0;0;1;800861,1478;5823837,515;13,43133782;52,4815652
208223;11;6;6200313;2018;12;17;6;2;6;2;2;0;0;1;0;0;1;1;795728,1665;5818897,262;13,35159718;52,44008343
208224;11;11;11401135;2018;12;10;2;3;5;3;0;0;1;0;0;0;0;1;805968,2391;5825368,893;13,50771444;52,49245256
208225;11;12;12200515;2018;12;17;6;3;6;6;2;0;1;1;0;0;0;1;790431,4803;5835179,448;13,28810784;52,58889297
208226;11;1;1200628;2018;12;9;2;3;3;6;0;0;1;0;0;1;0;1;796288,2843;5828546,997;13,36838981;52,52628171
208227;11;11;11300725;2018;12;17;6;3;0;2;2;0;1;1;0;0;0;1;805170,3688;5827712,746;13,49814717;52,51390594
208228;11;4;4300624;2018;12;8;2;2;6;2;0;0;1;1;0;0;0;1;793343,9776;5826090,384;13,32294887;52,50585149
208229;11;4;4300623;2018;12;19;6;2;6;4;2;0;0;1;0;0;1;1;792273,6429;5825960,876;13,30711039;52,50526492
208230;11;6;6300633;2018;12;10;2;2;5;3;0;0;1;0;0;0;1;1;792688,5585;5818460,403;13,30662513;52,43780234
208231;11;1;1100207;2018;12;21;6;3;6;2;2;0;1;1;0;0;0;1;798109,6371;5826947,261;13,39372423;52,5109493
208232;11;3;3601245;2018;12;11;2;3;5;2;0;0;1;0;0;0;1;1;800230,837;5831186,536;13,42871495;52,54778389
208233;11;6;6400844;2018;12;17;6;2;6;2;2;0;1;1;0;0;0;1;790148,3744;5819783,73;13,27051121;52,4510199
208234;11;2;2200209;2018;12;23;2;3;5;3;2;0;1;0;0;0;1;0;797754,0827;5824034,367;13,38589656;52,4850328
208235;11;6;6300634;2018;12;10;2;3;6;7;0;0;1;1;0;0;0;0;791919,3263;5818850,991;13,29568238;52,44171508
208236;11;9;9200613;2018;12;16;2;3;1;5;2;1;1;0;0;0;0;1;806980,2346;5821076,134;13,51862305;52,45341167
208237;11;12;12200308;2018;12;16;4;2;2;6;2;0;1;0;1;0;0;1;792415,4955;5833308,629;13,31566056;52,57105901
208238;11;1;1200520;2018;12;17;4;3;6;7;1;1;0;1;0;0;0;0;794595,3594;5828452,249;13,34342403;52,52634979
208239;11;10;10200629;2018;12;17;1;3;5;3;2;0;1;0;0;0;0;1;811122,7595;5828418,137;13,58624122;52,51686476
208240;11;1;1100102;2018;12;20;5;3;2;6;2;0;1;0;0;0;0;0;795011,6634;5827227,217;13,34845619;52,51514318
208241;11;1;1100206;2018;12;18;4;3;5;3;1;1;0;0;0;0;1;0;796921,2075;5827634,763;13,37687753;52,5177602
208242;11;12;12500825;2018;12;15;1;3;5;7;1;0;1;0;0;0;1;1;792011,7248;5834795,276;13,31102933;52,58460301
208243;11;4;4501148;2018;12;17;4;2;6;4;1;0;1;1;0;0;0;0;792759,7042;5823162,927;13,31179268;52,47992149
208244;11;7;7400927;2018;12;15;1;3;0;7;0;0;1;0;0;0;0;1;798897,9666;5821346,219;13,40028329;52,46031207
208245;11;12;12500825;2018;12;19;4;3;0;3;2;0;1;0;1;0;0;0;792348,7655;5835050,065;13,31621458;52,58670607
208246;11;3;3601244;2018;12;19;4;3;5;3;2;1;1;0;0;0;0;0;800082,6116;5831671,844;13,42697414;52,55221551
208247;11;1;1100205;2018;12;14;1;3;5;3;0;0;1;0;0;0;1;1;797465,3023;5826813,402;13,38413823;52,51010115
208248;11;2;2500835;2018;12;19;4;3;5;3;2;1;1;0;0;0;0;0;801942,6519;5826202,822;13,44935847;52,50216876
208249;11;2;2500830;2018;12;19;4;3;5;3;2;0;1;0;1;0;0;0;802443,9864;5827422,258;13,45782963;52,51282089
208250;11;8;8401241;2018;12;7;1;3;4;6;0;0;1;0;0;0;1;1;805339,4392;5818695,416;13,4923767;52,43299317
208251;11;11;11400927;2018;12;20;4;3;2;6;2;0;1;0;0;0;0;1;803435,705;5826639,058;13,47168468;52,50525047
208252;11;1;1100308;2018;12;20;4;3;1;5;2;1;1;0;0;0;0;0;797491,9249;5828805,89;13,38631118;52,52794694
208253;11;2;2100106;2018;12;3;1;2;5;2;2;0;1;0;0;0;0;1;799071,1427;5825608,909;13,40664784;52,49842658
208254;11;12;12200515;2018;12;17;4;3;4;6;1;0;1;0;0;0;0;0;790404,0024;5834880,85;13,28744165;52,58623075
208255;11;2;2100101;2018;12;0;1;3;0;1;2;0;0;0;1;0;0;1;797656,6425;5826321,588;13,38650952;52,50558825
208256;11;5;5300737;2018;12;16;4;3;8;1;2;0;1;0;0;0;0;1;786962,8671;5829576,202;13,23220133;52,54049793
208257;11;1;1100206;2018;12;17;1;3;6;4;2;0;1;1;0;0;0;0;797839,6033;5827785,183;13,39050702;52,51860774
208258;11;2;2500832;2018;12;18;4;3;0;1;2;0;0;0;1;0;0;1;803208,7844;5826816,99;13,46851369;52,5069714
208259;11;2;2100104;2018;12;23;7;3;5;3;2;1;1;0;0;0;0;1;799282,1246;5826219,518;13,41029529;52,50378414
208260;11;1;1100310;2018;12;13;4;3;0;1;0;1;0;0;0;0;0;1;799106,7798;5828259,445;13,40955317;52,52216527
208261;11;12;12100205;2018;12;16;4;3;2;6;1;0;1;0;0;0;0;1;794847,73;5833762,767;13,35184875;52,57381791
208262;11;6;6300631;2018;12;16;7;3;0;4;2;0;0;1;0;0;1;0;792384,6878;5816557,242;13,30050368;52,42090312
208263;11;4;4501149;2018;12;19;3;3;2;6;2;0;1;0;0;0;0;0;793442,5988;5824155,503;13,32269314;52,48845304
208264;11;8;8200730;2018;12;18;3;2;1;5;2;0;1;0;0;0;0;0;801475,5048;5817850,351;13,43495193;52,42756171
208265;11;7;7601339;2018;12;21;7;3;6;2;2;0;1;1;0;0;0;1;795812,7184;5816038,487;13,35030901;52,41441059
208266;11;8;8100104;2018;12;16;4;3;6;4;2;0;1;1;0;0;0;1;800925,9938;5822310,621;13,43091223;52,46784341
208267;11;11;11400927;2018;12;21;7;2;6;6;2;0;1;1;0;0;0;1;803627,817;5826571,064;13,47444442;52,50453419
208268;11;4;4200311;2018;12;22;3;2;6;4;2;0;0;1;0;1;0;0;790371,913;5825663,997;13,27891169;52,50361883
208269;11;1;1300836;2018;12;21;7;3;5;3;2;0;1;0;0;0;1;1;796517,0809;5830939,589;13,37388732;52,54760438
208270;11;2;2200208;2018;12;21;7;3;5;3;2;0;1;0;0;0;0;1;797616,0343;5825533,054;13,38520823;52,49854211
208271;11;8;8100103;2018;12;21;3;2;6;7;2;0;1;1;0;0;0;0;800617,7535;5823128,77;13,4271256;52,47534649
208272;11;2;2100102;2018;12;20;7;3;6;2;2;0;1;1;0;0;0;1;798447,2137;5826543,737;13,39832192;52,50714765
208273;11;10;10100210;2018;12;5;3;3;0;3;2;1;1;0;0;0;0;1;808331,6246;5831149,509;13,54777177;52,54292792
208274;11;1;1200629;2018;12;19;7;3;2;6;2;0;1;0;0;0;0;1;794223,5396;5827205,087;13,33685593;52,51537053
208275;11;9;9200510;2018;12;19;3;3;0;1;2;1;0;0;0;0;0;0;806588,6835;5822781,424;13,51444524;52,4689148
208276;11;12;12200309;2018;12;19;7;3;5;2;2;0;1;0;0;0;0;1;793482,0652;5832422,178;13,33056864;52,56253849
208277;11;2;2400521;2018;12;22;7;3;2;2;2;0;1;0;0;0;0;1;800714,8916;5828458,569;13,43336372;52,5230656
208278;11;12;12601031;2018;12;19;3;3;2;2;2;0;1;0;0;0;0;1;793480,7607;5836985,446;13,33459048;52,60344593
208279;11;1;1300733;2018;12;22;7;3;6;2;2;0;1;1;0;0;0;1;797011,7567;5831497,624;13,38166019;52,55233704
208280;11;5;5100316;2018;12;19;7;3;1;5;2;0;1;0;0;0;0;1;784649,257;5828835,031;13,19754463;52,53506617
208281;11;7;7501134;2018;12;11;3;3;2;6;0;0;1;0;0;0;0;0;799373,4823;5819048,741;13,40520207;52,43945795
208282;11;5;5400942;2018;12;18;7;3;1;5;2;0;1;0;0;0;0;1;783792,0885;5823659,62;13,18052758;52,4891094
208283;11;12;12200309;2018;12;18;7;3;6;2;2;0;1;1;0;0;0;1;793304,2067;5832589,626;13,32810036;52,5641354
208284;11;3;3501038;2018;12;17;3;3;6;2;2;0;1;1;0;0;0;1;803831,7069;5832339,415;13,48271082;52,55612041
208285;11;4;4300619;2018;12;17;7;3;2;6;1;0;1;0;0;0;0;1;791736,0797;5827489,104;13,30055253;52,51925296
208286;11;9;9501838;2018;12;17;3;2;6;6;2;0;1;1;0;0;0;1;818576,2772;5820450,018;13,6881058;52,44116758
208287;11;12;12200310;2018;12;16;7;3;3;6;2;0;1;0;0;0;0;0;792317,7837;5833771,932;13,31463133;52,57526481
208288;11;4;4100102;2018;12;5;6;3;9;1;2;0;1;0;0;0;0;1;791121,6639;5829147,276;13,29297474;52,53444669
208289;11;1;1300730;2018;12;16;3;3;0;2;2;0;1;1;0;0;0;0;796162,3628;5832284,125;13,36987093;52,5598497
208290;11;8;8100314;2018;12;15;7;3;0;1;1;1;0;0;0;0;0;0;800975,7644;5824064,712;13,43322562;52,48353847
208291;11;8;8200622;2018;12;16;3;3;5;3;2;0;1;0;0;0;0;1;801617,1758;5821693,779;13,44049872;52,46193339
208292;11;9;9200819;2018;12;13;7;3;0;7;0;0;1;0;0;0;0;0;809788,8839;5820509,871;13,55929856;52,44675253
208293;11;8;8200622;2018;12;16;3;2;4;6;2;0;1;0;0;0;0;0;801269,717;5821505,215;13,4352298;52,46043489
208294;11;6;6300525;2018;12;13;7;3;1;5;0;0;1;0;0;0;0;0;789616,5579;5815650,812;13,25912722;52,41424856
208295;11;1;1100308;2018;12;16;3;3;2;6;0;1;1;0;0;0;0;0;797054,6875;5828171,076;13,37931783;52,52249496
208296;11;5;5100208;2018;12;13;7;2;5;3;0;1;1;0;0;0;0;0;782148,7265;5829922,304;13,16170046;52,54611544
208297;11;4;4501042;2018;12;12;7;3;6;4;0;0;1;1;0;0;0;0;793953,2877;5825918,464;13,3317485;52,50398237
208298;11;4;4501044;2018;12;15;3;3;3;6;1;0;1;0;1;0;1;0;793454,2098;5824921,295;13,32353812;52,49531182
208299;11;11;11300722;2018;12;15;3;3;5;3;1;1;1;0;0;0;0;0;804308,6101;5828168,371;13,4859041;52,51847098
208300;11;12;12500825;2018;12;10;7;3;5;3;0;0;1;0;1;0;0;1;791128,116;5834771,77;13,29800375;52,58486585
208301;11;5;5400944;2018;12;13;3;3;5;3;0;0;0;0;1;0;1;0;781062,6734;5818889,691;13,13641675;52,44775068
208302;11;4;4200207;2018;12;10;3;3;0;7;0;0;1;0;0;0;0;0;785006,0438;5822671,792;13,19751363;52,47962001
208303;11;5;5400942;2018;12;4;7;2;8;1;2;0;1;0;0;0;0;1;783738,9867;5824262,472;13,180261;52,49454233
208304;11;5;5200632;2018;12;16;5;3;6;2;2;0;1;1;0;0;0;1;785965,7882;5827995,384;13,21617937;52,52684886
208305;11;1;1300733;2018;12;9;3;3;5;2;0;0;1;0;0;0;0;1;797365,7646;5831200,985;13,38660039;52,54948489
208306;11;11;11400928;2018;12;1;7;3;5;3;2;0;1;0;0;0;1;1;804117,1042;5826324,676;13,48140588;52,50205341
208307;11;11;11400927;2018;12;8;3;3;3;6;0;0;1;0;0;0;0;1;803456,65;5826557,743;13,47191821;52,50451002
208308;11;12;12500930;2018;12;6;6;3;1;5;2;0;1;0;0;0;1;1;793720,0051;5834339,776;13,33576705;52,57960018
208309;11;2;2100104;2018;12;10;4;3;5;3;0;0;1;0;0;0;0;1;798930,2734;5826343,859;13,40523862;52,50509156
208310;11;5;5400942;2018;12;8;3;3;6;2;0;0;1;1;0;0;0;1;783944,6371;5823335,178;13,18249183;52,48612104
208311;11;8;8200725;2018;12;11;4;3;8;1;0;0;1;0;0;0;0;0;799817,8864;5819024,86;13,4116989;52,43900044
208312;11;1;1300732;2018;12;18;6;3;6;2;2;0;1;1;0;0;0;1;797273,5975;5832216,968;13,38615489;52,55864222
208313;11;8;8200624;2018;12;7;3;2;5;3;0;0;1;0;0;0;0;1;800866,1573;5820935,968;13,42879498;52,45555483
208314;11;2;2500834;2018;12;7;3;3;6;4;1;0;1;1;0;0;0;1;802552,9832;5826722,571;13,4587949;52,5064892
208315;11;4;4501148;2018;12;23;6;2;9;1;2;0;1;0;0;0;0;1;793347,9639;5823059,018;13,32033848;52,4786743
208316;11;8;8100521;2018;12;18;4;2;4;1;2;0;1;0;0;0;0;1;802593,2358;5822555,061;13,45560241;52,46911351
208317;11;4;4300620;2018;12;7;3;3;6;2;2;0;1;1;0;0;0;1;793125,677;5827744,228;13,32119858;52,52079487
208318;11;1;1401045;2018;12;14;4;3;2;6;0;0;1;0;0;0;0;1;796654,4741;5831919,987;13,37678354;52,55631775
208319;11;10;10300731;2018;12;16;6;3;6;4;2;0;1;1;0;0;0;1;809082,7924;5829196,872;13,55699745;52,52500344
208320;11;9;9501737;2018;12;7;3;3;5;2;2;1;1;0;0;0;0;1;814214,5777;5821931,183;13,6255417;52,45696366
208321;11;5;5100104;2018;12;6;3;3;2;2;2;0;1;0;0;0;0;1;785222,4453;5831823,066;13,2085388;52,56155683
208322;11;1;1100101;2018;12;16;6;3;6;4;2;0;1;1;0;0;0;1;795054,4878;5826301,38;13,34826466;52,50682056
208323;11;7;7601442;2018;12;0;5;3;5;3;2;0;1;0;0;0;0;1;798810,094;5815846,038;13,39407751;52,41105754
208324;11;8;8100521;2018;12;6;3;3;2;4;2;0;1;1;0;1;0;1;803052,1154;5822379,89;13,46217795;52,46728911
208325;11;1;1200629;2018;12;16;6;3;5;2;2;1;1;0;0;0;0;1;794497,5732;5827803,729;13,34141253;52,52058907
208326;11;8;8401139;2018;12;6;3;3;5;3;2;1;1;0;0;0;0;1;803027,1916;5819381,573;13,45909149;52,44042899
208327;11;11;11300617;2018;12;16;6;3;5;2;1;0;1;0;0;0;1;1;803067,5524;5829540,65;13,46892047;52,53146155
208328;11;3;3601142;2018;12;3;4;3;5;3;2;0;1;0;0;0;0;0;799147,088;5830366,911;13,41204201;52,54103341
208329;11;3;3200207;2018;12;15;3;3;2;6;0;0;1;0;0;0;0;1;800070,6072;5835841,124;13,43056985;52,58959228
208330;11;1;1401047;2018;12;17;6;3;6;4;2;0;1;1;0;0;0;1;795340,2511;5830382,139;13,35608701;52,5432466
208331;11;3;3601245;2018;12;15;3;3;0;2;0;1;1;0;0;0;0;0;800170,0766;5830963,826;13,4276203;52,54582117
208332;11;3;3400723;2018;12;15;3;2;0;1;0;1;0;0;0;0;0;1;798702,9041;5833102,504;13,40797322;52,5657976
208333;11;2;2300316;2018;12;17;6;3;2;6;2;1;1;0;0;0;0;1;801073,066;5826324,293;13,43669607;52,50373802
208334;11;1;1100309;2018;12;17;6;3;5;3;2;1;1;0;0;0;0;1;797993,0657;5828660,372;13,39354615;52,52636885
208335;11;9;9200510;2018;12;13;3;2;5;2;0;1;1;0;0;0;0;1;805785,1349;5822864,331;13,50272889;52,47010819
208336;11;2;2200210;2018;12;17;6;3;5;3;2;0;1;0;0;0;0;1;798953,2487;5825240,509;13,40458568;52,49518898
208337;11;10;10400836;2018;12;17;6;3;5;2;2;1;1;0;0;0;0;1;811298,8588;5827465,429;13,58793693;52,50822674
208338;11;8;8300935;2018;12;12;3;3;6;7;0;0;1;1;0;0;0;0;802658,6415;5818086,695;13,45251378;52,42902692
208339;11;5;5100317;2018;12;17;6;3;6;2;2;0;1;1;0;0;0;1;785771,0783;5828526,294;13,21377344;52,53171101
208340;11;2;2100102;2018;12;18;6;3;6;2;2;0;1;1;0;0;0;1;798432,67;5826539,665;13,39810462;52,50711911
208341;11;10;10100104;2018;12;12;3;3;6;4;0;0;1;1;0;0;0;0;810270,7097;5834251,832;13,57917324;52,56962842
208342;11;12;12200310;2018;12;18;6;3;1;5;2;0;1;0;0;0;1;1;792245,564;5833845,628;13,31363361;52,57596425
208343;11;1;1100308;2018;12;12;3;3;6;7;0;0;0;1;1;0;0;0;797608,3659;5828375,227;13,38763711;52,52402301
208344;11;9;9200715;2018;12;19;6;3;5;7;2;0;1;0;0;0;1;1;808556,0723;5818094,917;13,53898773;52,42580666
208345;11;1;1100312;2018;12;11;3;3;5;2;0;1;1;0;0;0;0;0;799648,6808;5827039,581;13,41641769;52,51093357
208346;11;6;6200423;2018;12;19;6;3;5;3;2;0;1;0;0;0;0;1;793428,7546;5816129,693;13,31543809;52,41651141
208347;11;6;6400843;2018;12;11;3;3;5;2;0;1;1;0;0;0;0;0;792370,0789;5820769,024;13,30397399;52,45866925
208348;11;3;3701660;2018;12;19;6;3;9;1;2;0;1;0;0;0;0;1;800365,2974;5829057,641;13,4287676;52,52862795
208349;11;9;9401329;2018;12;20;6;3;5;7;2;0;1;0;0;0;0;1;811373,5981;5819727,421;13,58181166;52,43884047
208350;11;7;7400824;2018;12;11;3;3;3;6;0;0;1;0;0;0;1;1;797870,1358;5821928,959;13,38572019;52,4660969
208351;11;1;1100102;2018;12;22;6;3;5;2;2;0;1;0;1;0;0;1;796576,81;5826872,728;13,37113768;52,51111672
208352;11;4;4300621;2018;12;23;6;3;6;7;2;1;0;1;0;0;0;1;792177,8579;5827122,859;13,30672326;52,51573314
208353;11;1;1300730;2018;12;22;3;2;2;6;2;0;1;0;0;0;0;0;796414,2197;5831983,799;13,37330708;52,55702057
208354;11;1;1300836;2018;12;15;4;3;5;3;0;0;1;0;0;0;0;1;796881,0835;5831207,623;13,37947926;52,54980875
208355;11;9;9100306;2018;12;10;3;2;2;6;0;0;1;0;0;1;0;1;803112,9005;5820948,894;13,46177062;52,4544294
208356;11;11;11501238;2018;12;22;6;3;6;2;2;0;1;1;0;0;0;1;803341,594;5826301,439;13,46999479;52,50227678
208357;11;1;1100308;2018;12;12;2;3;2;6;0;1;0;0;0;0;0;1;797572,1795;5828595,857;13,38730274;52,52602045
208358;11;1;1100206;2018;12;14;2;3;2;7;0;1;1;0;0;0;0;0;797680,9912;5827934,365;13,38830984;52,52003157
208359;11;2;2500831;2018;12;11;6;3;5;3;0;0;1;0;0;0;0;1;802859,2513;5827478,279;13,46398118;52,51309259
208360;11;4;4100101;2018;12;22;5;3;6;2;2;0;1;1;0;0;0;1;789757,6484;5829882,098;13,27356226;52,54176135
208361;11;4;4400728;2018;12;17;2;2;6;2;2;0;1;1;0;0;0;0;790674,858;5822688,489;13,28076672;52,47678184
208362;11;1;1401046;2018;12;10;6;3;5;3;0;0;1;0;0;0;0;1;795000,2683;5830277,348;13,35099515;52,54249143
208363;11;4;4500936;2018;12;17;2;3;2;6;2;0;1;0;0;0;0;0;791958,01;5825245,609;13,30184616;52,49902167
208364;11;1;1401046;2018;12;9;6;3;5;2;0;1;0;0;0;0;1;1;794611,3298;5829878,987;13,34492333;52,53913085
208365;11;1;1100205;2018;12;17;2;3;5;2;2;1;1;0;0;0;0;0;797686,9802;5826835,104;13,3874144;52,51017476
208366;11;1;1200628;2018;12;15;6;3;6;4;2;0;1;1;0;0;0;1;795501,9717;5828046,401;13,3563883;52,52222106
208367;11;9;9200511;2018;12;14;6;3;5;3;0;1;1;0;0;0;0;1;807850,2902;5822047,757;13,53228233;52,46163019
208368;11;3;3400725;2018;12;17;2;3;2;6;2;0;1;0;0;0;1;0;800009,2736;5835425,9;13,42929122;52,58590439
208369;11;3;3400725;2018;12;22;3;3;9;1;2;0;1;0;0;0;0;0;799260,4646;5835190,479;13,4180591;52,58420665
208370;11;10;10100315;2018;12;16;2;3;2;6;2;0;1;0;0;0;0;1;809842,661;5831104,134;13,56993979;52,54166419
208371;11;8;8200726;2018;12;14;6;3;6;4;0;1;0;1;0;0;0;1;802368,9827;5819904,553;13,44991082;52,44548086
208372;11;8;8200833;2018;12;16;2;3;1;5;2;0;1;0;0;0;0;0;802046,5934;5817665,867;13,44315912;52,42559317
208373;11;6;6400844;2018;12;16;2;3;6;2;1;0;1;1;0;0;0;0;792468,9595;5821566,484;13,30612393;52,46576546
208374;11;11;11300722;2018;12;13;4;3;0;1;0;0;0;0;1;0;0;1;803866,1034;5828347,745;13,4795665;52,52032538
208375;11;3;3400620;2018;12;13;6;3;5;2;0;1;0;0;0;0;1;1;796412,8169;5834654,405;13,37567305;52,58096031
208376;11;6;6200423;2018;12;14;5;3;6;4;0;0;1;1;0;0;0;0;793609,1701;5815889,621;13,31787266;52,41426246
208377;11;1;1100311;2018;12;16;2;3;2;6;1;0;1;0;0;0;0;1;799524,8074;5828114,739;13,41556572;52,52063874
208378;11;8;8200623;2018;12;16;6;3;6;4;2;0;1;1;0;0;0;1;802264,9779;5820682,305;13,44908897;52,45250947
208379;11;1;1100309;2018;12;11;3;3;0;7;0;1;0;0;0;0;0;1;798664,2881;5828359,832;13,40314087;52,52330765
208380;11;8;8100418;2018;12;16;2;3;3;6;2;1;1;0;0;0;0;0;802179,2287;5823743,637;13,45060307;52,47999599
208381;11;3;3400725;2018;12;14;6;2;6;4;0;0;1;1;0;0;0;1;800034,3024;5835600,5;13,42981764;52,58745555
208382;11;3;3601244;2018;12;13;6;3;0;3;0;0;1;0;1;0;0;1;800205,2235;5831566,509;13,42868186;52,5512038
208383;11;2;2400623;2018;12;16;2;3;2;6;2;0;1;0;0;0;1;0;800363,7312;5827754,773;13,42756797;52,51695082
208384;11;2;2200213;2018;12;8;6;3;6;2;0;0;1;1;0;0;0;1;799885,7359;5825149,688;13,41819829;52,49386337
208385;11;9;9100101;2018;12;15;2;3;5;3;0;1;1;0;0;0;0;0;802328,3987;5825301,483;13,45420598;52,49387646
208386;11;3;3400830;2018;12;10;3;3;5;3;0;1;1;0;0;0;0;1;799977,6258;5833095,096;13,42671674;52,56503033
208387;11;2;2500831;2018;12;15;2;3;2;2;0;0;1;0;0;0;0;1;802905,5097;5827142,479;13,46435513;52,51005718
208388;11;4;4500939;2018;12;12;6;3;5;3;0;0;1;0;0;0;0;1;791820,9178;5824321,967;13,29902324;52,49081466
208389;11;4;4501042;2018;12;14;2;3;5;2;0;0;1;0;0;0;0;0;793939,1087;5826057,06;13,33166256;52,50523244
208390;11;11;11300721;2018;12;13;2;3;1;3;0;0;1;0;0;0;1;1;804531,1097;5828697,649;13,48965764;52,52309046
208391;11;3;3500934;2018;12;7;6;3;5;2;0;1;1;0;0;0;0;1;801311,9577;5831932,036;13,44528701;52,55386897
208392;11;9;9501838;2018;12;21;4;3;5;2;2;0;1;0;0;0;0;1;819871,0351;5819728,975;13,70639963;52,43395138
208393;11;9;9300922;2018;12;13;2;2;5;3;0;0;1;0;1;0;0;1;808186,514;5815759,67;13,53141966;52,40508603
208394;11;2;2500835;2018;12;12;6;3;5;3;0;1;1;0;0;0;0;0;802821,6287;5826108,208;13,46218222;52,50083368
208395;11;1;1300836;2018;12;1;3;3;2;6;2;0;1;0;0;0;0;1;796842,9271;5830626,661;13,37839891;52,54462188
208396;11;1;1200625;2018;12;18;2;3;2;6;2;0;1;0;1;0;0;0;794849,3976;5828450,383;13,34715613;52,52619573
208397;11;6;6100204;2018;12;11;6;3;2;6;0;0;1;0;0;0;0;1;795413,7511;5820106,641;13,34805442;52,45109469
208398;11;10;10100313;2018;12;22;2;3;6;7;2;0;1;1;0;0;0;0;807901,1988;5830438,457;13,54078595;52,53679894
208399;11;2;2100106;2018;12;12;2;3;5;3;0;1;0;0;0;0;0;1;799586,1033;5825642,877;13,41424161;52,4984486
208400;11;12;12100102;2018;12;11;6;2;5;7;0;0;1;0;1;0;0;0;795790,1235;5833153,26;13,36517072;52,56784295
208401;11;4;4500937;2018;12;23;2;2;3;6;2;0;1;0;1;0;0;0;791609,0422;5825125,343;13,29661472;52,49813008
208402;11;1;1200519;2018;12;6;2;3;6;7;2;1;0;1;0;0;0;0;793739,1615;5828872,462;13,33121102;52,53057875
208403;11;3;3701554;2018;12;7;6;3;6;2;2;0;1;1;0;0;0;1;799230,1396;5829427,829;13,41241739;52,53257039
208404;11;1;1300835;2018;12;7;2;3;6;4;0;0;1;1;0;0;0;0;797750,6705;5830019,232;13,39120094;52,53868175
208405;11;4;4501153;2018;12;9;2;3;5;2;0;1;0;0;0;0;1;0;793912,8801;5823083,377;13,3286541;52,47858893
208406;11;5;5100316;2018;12;11;6;3;2;6;0;0;1;0;0;0;0;0;784933,6633;5829478,145;13,20227782;52,54068367
208407;11;12;12400723;2018;12;16;4;3;1;1;2;0;1;0;0;0;0;1;791807,0636;5838981,612;13,31170774;52,6222416
208408;11;6;6200422;2018;12;11;6;3;1;5;0;0;1;0;0;0;1;1;794439,9548;5817306,49;13,33129935;52,42651791
208409;11;1;1100101;2018;12;10;2;3;1;5;0;1;1;0;0;0;1;0;794985,5346;5825966,147;13,34695464;52,50385272
208410;11;2;2100101;2018;12;13;6;3;5;7;0;0;1;0;0;0;0;1;797534,9031;5826244,509;13,38465229;52,50496372
208411;11;10;10400940;2018;12;7;6;2;6;4;2;0;1;1;0;0;0;1;812521,6854;5824987,653;13,60357137;52,48532393
208412;11;2;2100102;2018;12;8;2;3;8;1;0;0;1;0;0;0;0;0;798199,9491;5825522,933;13,39377538;52,49813264
208413;11;11;11300617;2018;12;14;6;2;6;4;0;0;1;1;0;0;0;1;803177,465;5829576,137;13,47056821;52,53171849
208414;11;4;4501153;2018;12;0;1;3;5;3;2;0;1;0;0;0;0;0;794185,0274;5823111,379;13,33267446;52,47869343
208415;11;2;2100104;2018;12;7;6;3;5;3;2;1;1;0;0;0;0;1;799236,4477;5826249,31;13,40965113;52,50407624
208416;11;2;2400623;2018;12;6;1;3;6;4;2;0;1;1;0;0;0;0;801120,1604;5827234,515;13,43821116;52,51187054
208417;11;3;3300412;2018;12;13;6;3;5;3;0;0;1;0;0;0;0;1;802876,8957;5838280,664;13,47409986;52,60990175
208418;11;9;9200819;2018;12;6;6;3;6;4;2;0;0;1;0;0;1;1;810189,2207;5819596,265;13,56432219;52,43833806
208419;11;6;6200312;2018;12;9;1;3;0;7;0;1;0;0;0;0;0;1;795147,5082;5818816,124;13,3430079;52,43966975
208420;11;3;3400721;2018;12;13;6;2;0;7;0;0;1;0;0;0;1;1;797916,635;5833118,604;13,39642185;52,56637274
208421;11;8;8200624;2018;12;15;6;3;0;7;1;0;1;1;0;0;0;1;800589,7328;5821178,821;13,42495779;52,45788372
208422;11;8;8100418;2018;12;2;6;2;1;5;2;1;1;0;0;0;0;0;801740,7349;5824225,143;13,4446017;52,48455425
208423;11;1;1100102;2018;12;16;5;3;2;6;2;0;1;0;0;0;0;0;795194,0818;5827268,119;13,3511729;52,51541113
208424;11;4;4400833;2018;12;10;1;3;1;7;0;0;1;0;0;0;0;0;792254,4019;5822337,799;13,30365027;52,47279501
208425;11;6;6100103;2018;12;7;5;3;6;4;2;0;1;1;0;0;0;0;793390,9675;5821345,44;13,31946282;52,46328954
208426;11;1;1300732;2018;12;22;5;3;5;3;2;0;1;0;0;0;0;1;797509,3003;5832135,451;13,38954843;52,5577828