OBJECTID;LAND;BEZ;LOR_ab_2021;UJAHR;UMONAT;USTUNDE;UWOCHENTAG;UKATEGORIE;UART;UTYP1;ULICHTVERH;IstRad;IstPKW;IstFuss;IstKrad;IstGkfz;IstSonstig;USTRZUSTAND;LINREFX;LINREFY;XGCSWGS84;YGCSWGS84
208427;11;4;4100101;2018;12;11;1;3;5;2;0;0;1;0;1;0;0;0;791293,9877;5830688,088;13,29685912;52,54816775
208428;11;9;9300920;2018;12;21;5;3;0;1;2;0;1;0;0;0;0;1;808374,93;5817216,544;13,53552255;52,41803669
208429;11;7;7200412;2018;12;13;1;3;1;5;0;1;1;0;0;0;1;0;796284,8206;5823028,232;13,36342868;52,47681295
208430;11;1;1100309;2018;12;19;5;3;5;2;2;1;1;0;0;0;0;1;797993,9572;5828901,166;13,39377505;52,52852677
208431;11;11;11200513;2018;12;5;6;3;5;3;2;1;1;0;0;0;0;1;803676,279;5830264,281;13,47852791;52,53760844
208432;11;3;3601244;2018;12;17;1;2;2;6;1;0;1;0;0;0;0;0;799952,7025;5831688,219;13,42507866;52,55243384
208433;11;7;7100205;2018;12;19;5;3;5;3;2;1;1;0;0;0;0;1;796039,4042;5825375,464;13,36191072;52,497987
208434;11;12;12601133;2018;12;21;1;3;5;7;2;0;1;0;0;0;1;0;795329,279;5836717,066;13,36156715;52,60003921
208435;11;9;9501737;2018;12;10;5;3;6;7;0;1;0;1;0;0;0;0;814405,902;5821511,913;13,62795346;52,4530966
208436;11;3;3601245;2018;12;20;1;3;5;3;2;0;1;0;0;0;0;1;800312,204;5831547,272;13,43023753;52,55097241
208437;11;2;2300314;2018;12;21;2;3;0;3;2;0;1;0;0;0;1;1;800285,7655;5826093,324;13,42492355;52,50210161
208438;11;1;1300834;2018;12;18;7;3;5;2;2;0;1;0;0;0;0;1;797506,2718;5831026,192;13,38850989;52,54784136
208439;11;8;8300934;2018;12;9;5;3;5;7;0;0;1;0;0;0;0;0;803141,0959;5818438,334;13,45990677;52,43191158
208440;11;2;2500833;2018;12;20;7;3;4;1;2;1;1;0;0;0;0;0;802168,5714;5827137,096;13,45352462;52,51041762
208441;11;1;1100104;2018;12;20;7;3;2;6;2;0;1;0;0;0;0;0;796542,5927;5825869,721;13,36974151;52,50214435
208442;11;1;1100313;2018;12;22;2;3;5;3;2;0;1;0;0;0;0;1;799902,8884;5826513,911;13,41967866;52,50608207
208443;11;5;5100210;2018;12;20;7;3;2;6;2;0;1;0;0;0;0;0;784193,7401;5830056,252;13,19189164;52,54625344
208444;11;8;8100208;2018;12;9;5;3;3;6;0;0;1;0;1;0;0;0;801627,119;5822646,379;13,44150566;52,47046626
208445;11;10;10200419;2018;12;22;7;3;5;1;2;0;1;0;0;0;1;0;811630,9882;5831513,332;13,59660809;52,54431134
208446;11;5;5300736;2018;12;18;7;3;2;6;2;0;1;0;0;0;0;1;785444,5695;5829252,054;13,20959648;52,53838917
208447;11;1;1100104;2018;12;9;5;2;0;1;0;1;0;0;0;0;0;0;796642,0827;5826174,63;13,37147457;52,50482348
208448;11;11;11200411;2018;12;18;5;3;5;3;2;0;1;0;0;0;0;1;804781,2214;5831466,035;13,49587138;52,54776229
208449;11;4;4500939;2018;12;16;7;3;2;2;1;0;1;0;0;0;0;0;792516,3871;5824498,541;13,30939227;52,49202537
208450;11;1;1100207;2018;12;9;5;3;5;3;0;0;1;0;0;0;0;0;798154,027;5826812,608;13,39425576;52,50971804
208451;11;3;3400827;2018;12;17;2;3;1;5;2;1;1;0;0;0;0;0;799397,3533;5832471,781;13,41761905;52,55976274
208452;11;10;10100208;2018;12;13;7;2;6;7;0;0;1;1;0;0;0;0;809046,1703;5832604,178;13,55962854;52,55555935
208453;11;5;5100316;2018;12;9;5;3;2;6;0;0;1;0;0;0;0;0;784954,4193;5829417,922;13,20253139;52,54013286
208454;11;1;1100206;2018;12;9;7;2;0;1;0;1;0;0;0;0;0;0;796934,4303;5827496,309;13,37694825;52,5165119
208455;11;7;7100102;2018;12;14;2;3;1;5;0;0;1;0;0;0;0;0;794968,8059;5825166,87;13,34600095;52,49669679
208456;11;3;3200205;2018;12;14;4;3;5;3;0;0;1;0;0;0;0;1;797897,6548;5835180,326;13,39799506;52,58486356
208457;11;1;1100207;2018;12;8;5;3;0;3;0;1;0;0;1;0;0;0;798642,7437;5827120,648;13,4017119;52,51221188
208458;11;2;2500835;2018;12;1;7;3;8;1;2;1;0;0;0;0;0;0;803387,6951;5826576,735;13,47092271;52,50471858
208459;11;7;7400823;2018;12;14;7;3;0;1;0;0;0;0;1;0;0;1;797317,2641;5821724,077;13,37742322;52,46456148
208460;11;7;7400720;2018;12;7;5;3;2;6;0;0;1;0;0;0;0;1;797174,2701;5823737,608;13,37711851;52,48268855
208461;11;12;12500927;2018;12;19;4;3;8;1;2;0;1;0;0;0;0;1;793080,2742;5836525,188;13,32828636;52,59953605
208462;11;7;7300517;2018;12;15;6;3;6;7;0;0;1;1;0;0;0;0;794539,4576;5822541,491;13,33737486;52,47339365
208463;11;2;2200213;2018;12;7;5;2;3;6;0;0;1;0;0;0;0;0;799646,204;5824874,903;13,41443354;52,49153187
208464;11;6;6100102;2018;12;13;2;3;1;5;0;0;1;0;0;0;0;0;793767,3748;5820774,242;13,32448467;52,45796673
208465;11;6;6400844;2018;12;7;5;3;2;7;1;0;1;0;0;0;0;0;790333,3008;5820530,195;13,27387383;52,45761396
208466;11;8;8100415;2018;12;11;5;3;2;6;0;0;1;0;0;0;1;0;802054,3144;5823471,643;13,44852294;52,47762717
208467;11;10;10200421;2018;12;17;6;3;0;4;2;0;0;1;0;0;1;0;812228,1847;5830717,643;13,60463824;52,53683923
208468;11;5;5100104;2018;12;6;5;2;5;3;2;1;0;0;0;1;0;0;785918,224;5831718,835;13,21868519;52,56025739
208469;11;10;10100315;2018;12;12;2;3;2;6;0;0;1;0;0;0;0;0;809922,7019;5831564,115;13,57154538;52,54574079
208470;11;4;4300413;2018;12;18;6;3;6;6;2;0;1;1;0;0;0;0;790850,5633;5827166,584;13,28725671;52,5168346
208471;11;11;11300826;2018;12;6;5;3;2;6;2;0;1;0;0;0;0;0;803876,207;5826836,758;13,47833521;52,50677725
208472;11;9;9401431;2018;12;10;2;3;6;2;0;0;1;1;0;0;0;1;811708,0286;5819993,314;13,58696361;52,44103277
208473;11;8;8100207;2018;12;5;5;3;5;3;2;0;1;0;0;0;0;1;800723,4735;5823418,272;13,42893851;52,4778832
208474;11;7;7100102;2018;12;16;6;3;6;2;2;0;1;1;0;0;0;0;794949,9707;5825394,144;13,34592557;52,49874433
208475;11;1;1200626;2018;12;17;6;3;2;6;2;0;1;0;1;0;0;0;795163,3021;5828247,953;13,35159005;52,52421125
208476;11;4;4300412;2018;12;15;4;3;2;6;1;0;1;0;0;0;0;1;790945,327;5827406,948;13,28885953;52,5189389
208477;11;7;7200410;2018;12;1;5;3;2;2;2;1;0;0;0;0;0;1;795714,0587;5824031,066;13,35593888;52,48611193
208478;11;10;10100312;2018;12;16;5;3;0;1;1;0;0;0;1;0;0;1;808194,0786;5829232,909;13,54397283;52,52582946
208479;11;2;2500831;2018;12;17;6;2;6;4;1;0;1;1;0;0;0;0;802921,8825;5827153,693;13,46460585;52,5101486
208480;11;4;4500936;2018;12;12;5;3;5;2;0;1;1;0;0;0;0;0;791867,9243;5825710,506;13,30093032;52,50323759
208481;11;4;4501151;2018;12;16;5;3;0;2;1;1;1;0;0;0;0;0;793766,043;5823430,977;13,32680449;52,48178402
208482;11;12;12100103;2018;12;9;1;3;5;3;0;1;1;0;0;0;0;0;795977,7162;5833372,513;13,36812605;52,56970637
208483;11;4;4501042;2018;12;16;6;3;2;2;2;0;1;0;0;0;0;0;793997,9171;5826164,089;13,33262102;52,50616022
208484;11;11;11100307;2018;12;16;5;2;6;4;1;0;0;1;0;0;1;0;805453,374;5833506,603;13,50763083;52,565674
208485;11;9;9100409;2018;12;16;6;3;2;6;2;0;1;0;0;0;0;0;806468,6712;5821150,543;13,5111867;52,45436558
208486;11;7;7400720;2018;12;22;1;3;5;2;2;0;1;0;0;0;0;1;797448,2826;5823748,951;13,38115178;52,48264104
208487;11;12;12400723;2018;12;17;5;3;2;6;2;0;1;0;0;0;0;1;792243,59;5838310,85;13,31754513;52,61599395
208488;11;4;4501148;2018;12;14;6;3;6;6;0;1;0;1;0;0;0;0;793036,3818;5823373,675;13,31604029;52,48166239
208489;11;1;1200519;2018;12;15;5;3;5;2;0;0;1;1;0;0;0;0;794049,8432;5828470,461;13,33542226;52,52680755
208490;11;11;11300619;2018;12;13;6;2;6;7;0;0;0;1;0;0;1;0;803836,176;5828673,436;13,47942428;52,52326113
208491;11;2;2100102;2018;12;21;1;3;5;2;2;0;1;0;0;0;0;1;798334,1937;5825557,154;13,39577771;52,49836602
208492;11;3;3300411;2018;12;15;5;3;6;4;1;0;1;1;0;0;0;0;803786,4265;5839364,297;13,4884858;52,61910618
208493;11;5;5300840;2018;12;12;6;3;8;1;0;0;1;0;0;0;0;0;788363,5395;5829061,707;13,25235062;52,53514585
208494;11;4;4200311;2018;12;15;5;3;2;7;0;0;1;0;0;0;0;0;790311,2395;5825635,883;13,2779958;52,50339908
208495;11;12;12400618;2018;12;14;5;3;5;2;0;0;1;0;1;0;0;1;786683,737;5838552,167;13,23586077;52,62111919
208496;11;1;1401046;2018;12;11;6;3;5;2;0;1;0;0;0;0;1;0;794726,0215;5830011,296;13,34672688;52,54025489
208497;11;1;1100205;2018;12;13;5;3;5;3;0;1;1;0;0;0;0;1;796974,6759;5826858,692;13,37697058;52,51077444
208498;11;4;4300624;2018;12;13;5;3;5;3;0;1;1;0;0;0;0;0;792989,3148;5826515,678;13,31811275;52,50985467
208499;11;5;5100316;2018;12;21;1;3;6;2;2;0;1;1;0;0;0;1;783602,3933;5829161,894;13,18243094;52,53854266
208500;11;8;8200623;2018;12;11;6;2;5;2;0;1;1;0;0;0;0;0;802792,4863;5820807,728;13,45694168;52,45334171
208501;11;3;3400725;2018;12;13;5;3;2;6;0;0;1;0;0;0;1;0;799903,3888;5835630,947;13,42791862;52,58780064
208502;11;10;10400837;2018;12;11;6;2;5;3;0;1;1;0;0;0;0;0;810707,0838;5826306,808;13,57816453;52,49818113
208503;11;3;3701660;2018;12;8;6;3;6;7;0;1;0;1;0;0;0;0;800555,4954;5829438,55;13,43190724;52,5319373
208504;11;6;6100103;2018;12;13;5;3;5;3;0;0;1;0;0;0;0;0;794083,2886;5821513,281;13,32977188;52,464422
208505;11;5;5200629;2018;12;7;6;3;6;2;2;0;1;1;0;0;0;1;783588,0311;5828663,615;13,18179451;52,53408248
208506;11;4;4400728;2018;12;9;6;3;2;6;0;0;1;0;0;0;0;0;790106,686;5822949,958;13,27265203;52,47942807
208507;11;10;10200524;2018;12;10;5;3;5;3;0;1;1;0;0;0;0;0;812315,5849;5830590,703;13,60580338;52,53565163
208508;11;3;3300412;2018;12;9;6;3;5;3;0;1;1;0;0;0;0;0;803079,0112;5838398,206;13,47718327;52,61084257
208509;11;9;9200715;2018;12;15;5;3;6;2;2;0;1;1;0;0;0;0;809042,322;5818755,761;13,54672687;52,43145474
208510;11;1;1200628;2018;12;9;6;3;5;2;0;1;1;0;0;0;0;0;795542,7424;5828196,355;13,35712072;52,52354318
208511;11;3;3701554;2018;12;18;5;3;1;5;2;1;1;0;0;0;0;1;799114,8099;5829948,752;13,41119105;52,53730298
208512;11;1;1100310;2018;12;18;5;3;5;2;2;1;1;0;0;0;0;0;798965,4661;5827834,124;13,4070943;52,51843038
208513;11;2;2400623;2018;12;7;6;3;5;2;2;1;1;0;0;0;0;0;800366,9268;5827192,412;13,42710731;52,51190844
208514;11;4;4501045;2018;12;20;1;2;6;4;2;0;1;1;0;0;0;1;793983,6177;5825518,149;13,33184063;52,50037741
208515;11;5;5300841;2018;12;15;5;3;5;3;0;0;1;0;0;0;0;0;789669,9092;5829345,657;13,27180444;52,53699874
208516;11;11;11501339;2018;12;17;5;3;5;3;2;1;1;0;0;0;0;0;807121,5668;5825059,824;13,52436369;52,48903498
208517;11;3;3501038;2018;12;7;5;3;0;3;2;1;1;0;0;0;0;0;803012,3562;5832020,517;13,47037116;52,5537187
208518;11;2;2500834;2018;12;21;5;3;6;2;2;0;0;1;0;0;1;0;801977,2727;5826927,23;13,450524;52,50864251
208519;11;7;7400721;2018;12;17;4;3;2;2;1;0;1;0;0;0;0;1;797911,7402;5823962,012;13,38814678;52,48429822
208520;11;10;10100311;2018;12;17;5;2;6;4;2;0;0;1;0;0;1;1;806553,8127;5829111,582;13,51975911;52,52566683
208521;11;4;4200308;2018;12;15;5;3;1;6;2;0;1;0;0;1;0;1;789210,2771;5827547,611;13,26348243;52,52112294
208522;11;3;3601449;2018;12;20;5;2;6;7;2;0;1;1;0;0;0;1;801301,1304;5830989,491;13,44427259;52,54542688
208523;11;3;3200310;2018;12;17;5;3;5;3;2;0;1;0;0;0;0;1;799919,0635;5838173,242;13,43045215;52,61057902
208524;11;8;8300934;2018;12;19;1;3;5;3;2;0;1;0;0;0;0;1;802973,1608;5818334,094;13,45734973;52,4310703
208525;11;9;9200511;2018;12;20;5;3;6;7;2;0;1;1;0;0;0;1;807616,4152;5821798,094;13,52862076;52,45952437
208526;11;9;9200512;2018;12;17;5;2;8;1;2;0;0;0;1;0;0;0;808607,418;5821641,516;13,5430155;52,45756244
208527;11;3;3701555;2018;12;19;5;3;6;7;2;0;1;1;0;0;0;1;799445,4915;5830221,325;13,41629767;52,53956456
208528;11;9;9200715;2018;12;18;1;3;5;3;2;0;1;0;0;0;0;1;807656,437;5819374,636;13,52697603;52,43778236
208529;11;1;1400938;2018;12;17;5;3;6;2;2;0;1;1;0;0;0;0;794663,3015;5831437,914;13,34707048;52,55307735
208530;11;5;5100316;2018;12;19;5;2;6;2;2;0;1;1;0;0;0;1;784831,4733;5829235,08;13,20056672;52,5385578
208531;11;1;1100312;2018;12;19;5;3;2;6;2;0;1;0;0;0;0;1;799409,5385;5826444,109;13,41236882;52,50572736
208532;11;1;1401043;2018;12;16;5;3;6;2;2;0;0;1;0;0;1;1;795689,8349;5830924,965;13,36171018;52,54792294
208533;11;11;11300721;2018;12;18;5;3;2;6;2;0;1;0;0;0;1;1;806075,6391;5830149,167;13,51368808;52,53523456
208534;11;11;11300620;2018;12;18;5;3;2;6;2;0;1;0;0;0;0;1;803531,7466;5829728,618;13,47591426;52,53288797
208535;11;2;2100102;2018;12;7;4;3;5;2;1;1;1;0;0;0;0;0;798450,5873;5826534,183;13,39836291;52,50706017
208536;11;2;2400521;2018;12;18;5;3;5;3;2;1;1;0;0;0;0;0;800483,8353;5828221,757;13,42975444;52,52107037
208537;11;1;1300834;2018;12;5;5;3;5;2;2;1;1;0;0;0;0;0;798081,4207;5830001,1;13,39604696;52,53833841
208538;11;9;9401329;2018;12;9;4;3;5;3;0;0;1;0;0;0;0;1;812394,4948;5819228,857;13,59631571;52,43379053
208539;11;10;10400835;2018;12;22;4;3;0;1;2;0;0;0;1;0;0;1;811279,3251;5827917,479;13,58807279;52,51228886
208540;11;9;9200715;2018;12;6;5;3;5;3;1;1;1;0;0;0;0;0;807643,8171;5819361,273;13,52677867;52,4376697
208541;11;4;4500936;2018;12;20;4;2;6;4;2;1;0;1;0;0;0;0;791946,297;5825744,742;13,30211169;52,50350258
208542;11;9;9502043;2018;12;6;5;3;5;2;1;1;1;0;0;0;0;0;810364,158;5823538,992;13,57055203;52,47357224
208543;11;6;6100103;2018;12;16;4;3;6;2;1;0;1;1;0;0;0;1;793511,3932;5821560,819;13,32141974;52,46515567
208544;11;8;8401243;2018;12;8;5;3;2;6;0;0;1;0;0;0;0;0;805986,2412;5817284,114;13,50057005;52,4199829
208545;11;8;8100208;2018;12;15;4;3;5;3;0;0;1;0;0;0;0;1;801143,2846;5822844,318;13,434583;52,47250738
208546;11;1;1200628;2018;12;8;5;3;0;2;1;0;1;0;0;0;1;0;796261,5895;5828502,363;13,36795771;52,52589612
208547;11;4;4200311;2018;12;9;4;3;2;6;0;1;1;0;0;0;0;1;790455,7268;5826694,929;13,2810426;52,51281661
208548;11;6;6400841;2018;12;11;4;3;5;3;0;1;1;0;0;0;0;0;790009,9611;5819155,582;13,26793478;52,44546181
208549;11;5;5100211;2018;12;9;5;3;5;3;0;1;1;0;0;0;0;1;783278,6578;5829443,428;13,1779105;52,54123535
208550;11;4;4501042;2018;12;11;4;3;6;4;0;0;1;1;0;0;0;0;794417,9821;5825872,959;13,33853477;52,5033239
208551;11;5;5400944;2018;12;11;5;3;2;6;0;0;1;0;0;0;0;0;781708,5239;5819825,457;13,14668414;52,45580901
208552;11;1;1401049;2018;12;12;4;3;5;2;0;1;0;0;0;0;1;0;795876,2484;5831960,888;13,36537448;52,55710775
208553;11;7;7100205;2018;12;16;4;3;6;2;2;0;1;1;0;0;0;1;796038,1714;5825375,793;13,36189291;52,49799061
208554;11;4;4400726;2018;12;12;4;3;6;4;0;0;1;1;0;0;0;0;791067,9716;5823956,036;13,28764521;52,48793608
208555;11;1;1100205;2018;12;13;5;2;6;4;0;0;1;1;0;0;0;0;796956,0898;5826817,603;13,37666085;52,51041624
208556;11;1;1100207;2018;12;13;4;3;6;4;0;0;1;1;0;0;0;0;797852,4329;5826875,405;13,38988119;52,51044569
208557;11;4;4200308;2018;12;0;4;3;2;6;2;0;1;0;0;0;0;0;790525,4481;5827329,653;13,28262134;52,51846981
208558;11;2;2100103;2018;12;13;5;3;3;6;0;0;1;0;0;0;0;0;798468,1062;5826527,626;13,39861439;52,50699181
208559;11;2;2200209;2018;12;9;4;3;5;2;0;1;1;0;0;0;0;0;797571,957;5824571,745;13,38370219;52,48994909
208560;11;12;12500930;2018;12;14;5;3;6;4;0;0;0;1;1;0;0;1;792666,1691;5834727,351;13,3206012;52,58364243
208561;11;4;4200310;2018;12;13;4;2;2;6;0;0;1;0;0;0;0;0;789555,2236;5826587,775;13,26771687;52,51233475
208562;11;2;2200209;2018;12;12;5;3;0;7;0;1;1;0;0;0;0;0;797178,3776;5824498,591;13,37785731;52,48950774
208563;11;12;12601031;2018;12;14;4;3;5;3;0;1;1;0;0;0;0;1;793231,038;5836714,112;13,33067329;52,60114834
208564;11;11;11100204;2018;12;6;4;3;0;1;2;0;0;0;1;0;0;2;806523,3197;5833007,698;13,52290595;52,56060146
208565;11;5;5400943;2018;12;15;5;3;6;2;0;0;1;1;0;0;0;1;781551,181;5819649,24;13,14422607;52,45430999
208566;11;10;10200629;2018;12;9;4;2;0;1;0;1;0;0;0;0;0;2;811145,0213;5829107,081;13,58721261;52,52302592
208567;11;6;6200313;2018;12;15;4;3;1;5;0;0;1;0;1;0;0;1;795611,0327;5819078,911;13,35003965;52,44177512
208568;11;8;8100313;2018;12;15;4;3;5;2;1;0;1;0;0;0;0;1;801844,651;5824436,661;13,4463189;52,48639269
208569;11;5;5100314;2018;12;15;5;3;6;4;1;0;1;1;0;0;0;0;785178,1826;5829640,861;13,20601318;52,54201465
208570;11;6;6100210;2018;12;8;4;2;0;1;0;1;0;0;0;0;0;2;794983,9946;5821411,795;13,34290191;52,46302672
208571;11;4;4300518;2018;12;15;5;3;1;5;0;1;1;0;0;0;0;1;791962,4948;5828107,834;13,30442307;52,52467856
208572;11;7;7200412;2018;12;6;4;2;0;1;2;0;0;0;1;0;0;2;796260,1772;5822952,658;13,36299976;52,47614886
208573;11;6;6100210;2018;12;16;5;2;3;6;1;0;1;0;1;0;0;1;795265,6468;5820983,095;13,34665637;52,45903158
208574;11;8;8100102;2018;12;5;4;3;9;1;2;0;1;0;0;0;0;2;799817,2177;5823664,332;13,4158559;52,48058703
208575;11;4;4300622;2018;12;17;5;2;2;1;1;0;1;0;0;0;0;1;793365,255;5827331,34;13,32435535;52,51696468
208576;11;3;3400830;2018;12;13;4;2;6;4;0;0;1;1;0;0;0;1;799438,3469;5833263,043;13,41893604;52,56683256
208577;11;7;7400825;2018;12;2;6;3;1;1;2;0;1;0;0;0;0;1;797503,6613;5820793,477;13,37932948;52,45611815
208578;11;8;8100417;2018;12;17;5;3;5;3;1;0;1;0;0;0;1;0;802277,0625;5822846,303;13,45122599;52,47189896
208579;11;5;5100105;2018;12;16;4;3;5;2;1;1;1;0;0;0;0;1;784440,9232;5831830,845;13,19704757;52,56203541
208580;11;1;1100309;2018;12;21;4;3;1;5;2;0;1;0;0;0;0;0;798810,0912;5829041,317;13,4058959;52,5293363
208581;11;3;3300412;2018;12;9;4;3;5;3;0;0;1;0;0;0;0;0;802878,9033;5838280,421;13,4741292;52,60989845
208582;11;5;5100105;2018;12;20;4;3;0;1;2;0;0;0;1;0;0;1;784596,3314;5831092,303;13,19870065;52,55533247
208583;11;1;1100102;2018;12;18;4;3;5;3;2;1;1;0;0;0;0;1;796672,8266;5827941,372;13,37350121;52,5206438
208584;11;9;9200613;2018;12;18;4;3;5;3;2;1;1;0;0;0;0;0;805826,5407;5821878,462;13,50243309;52,46124919
208585;11;6;6400841;2018;12;12;5;3;5;2;0;1;1;0;0;0;0;1;789605,7509;5818068,152;13,26106172;52,43592681
208765;11;9;9200715;2018;12;18;2;3;2;2;2;0;1;0;0;0;0;1;808651,5878;5819178,161;13,5413878;52,43546088
208768;11;8;8100102;2018;12;18;2;2;5;3;2;1;1;0;0;0;0;1;800025,755;5823615,837;13,41887378;52,48003781
208769;11;8;8100521;2018;12;23;2;3;5;3;2;0;1;0;0;0;0;1;803652,2014;5821881,104;13,47053068;52,46248538
208771;11;1;1300733;2018;12;22;2;3;2;6;2;0;1;0;0;0;0;0;797156,5948;5831391,086;13,38369476;52,55130305
208773;11;2;2100101;2018;12;20;2;3;2;3;2;0;1;0;0;0;0;1;797697,2719;5825813,722;13,3866523;52,50101366
208775;11;3;3601347;2018;12;19;2;3;5;3;2;0;1;0;0;0;0;1;799469,2327;5830650,926;13,41703392;52,5434022
208776;11;1;1401049;2018;12;18;2;3;0;6;2;0;1;0;1;0;0;1;795905,1512;5831899,614;13,36574494;52,55654279
208778;11;1;1300733;2018;12;14;2;3;6;4;0;1;1;1;0;0;0;0;797068,8698;5831457,448;13,38246412;52,55194576
208780;11;5;5200630;2018;12;14;2;3;2;6;0;0;1;0;0;0;0;0;784158,0343;5827326,746;13,18903279;52,52179908
208782;11;6;6100101;2018;12;14;2;2;0;1;0;1;0;0;0;0;0;0;792466,3267;5820804,281;13,3054174;52,45893383
208784;11;6;6400844;2018;12;13;2;3;5;3;0;1;1;0;0;0;0;0;790574,1963;5819763,715;13,27674225;52,45061428
208786;11;3;3300516;2018;12;13;2;3;5;2;0;1;1;0;0;0;0;0;800718,913;5833630,552;13,43810556;52,56942074
208787;11;7;7400927;2018;12;12;2;2;5;3;0;0;1;0;0;0;0;0;799071,9782;5821704,622;13,40315795;52,46342949
208789;11;5;5100211;2018;12;12;2;3;6;2;0;0;1;1;0;0;0;0;783238,3267;5830292,381;13,17804137;52,54886821
208792;11;1;1401047;2018;12;11;2;3;3;6;0;1;1;0;0;0;0;0;795594,138;5830507,342;13,35993133;52,54423126
208794;11;4;1200522;2018;12;11;2;3;2;6;0;0;1;0;0;0;0;0;793632,588;5827960,17;13,32883884;52,52245795
208796;11;9;9501736;2018;12;16;1;3;5;3;1;0;1;0;0;0;1;0;813637,6225;5821689,52;13,61685135;52,45512946
208797;11;12;12601031;2018;12;23;1;2;6;2;2;0;1;1;0;0;0;0;792920,1402;5837068,306;13,32640937;52,60449106
208799;11;1;1300730;2018;12;22;1;3;5;3;2;0;1;0;0;0;0;0;796235,7579;5832161,816;13,37084127;52,55871341
208800;11;2;2500833;2018;12;1;1;3;0;1;2;1;0;0;0;0;0;1;802180,7115;5827134,287;13,45370041;52,51038572
208802;11;2;2100105;2018;12;1;7;3;5;2;2;1;1;0;0;0;0;0;799148,0138;5825786,315;13,4079362;52,49997464
208804;11;12;12400618;2018;12;0;7;3;2;6;2;0;1;0;0;0;0;0;786095,0141;5839105,646;13,22766691;52,62639175
208806;11;9;9200512;2018;12;15;7;3;5;7;0;0;1;0;0;0;0;1;809405,73;5821504,449;13,55460018;52,45588274
208808;11;6;6100101;2018;12;11;7;3;8;1;0;0;1;0;0;0;0;1;793335,1225;5820330,594;13,31775146;52,45422173
208809;11;9;9501838;2018;12;10;7;3;8;7;0;0;1;0;0;0;0;1;819961,0537;5820581,791;13,7085355;52,4415399
208811;11;10;10100311;2018;12;23;7;2;6;6;2;0;1;1;0;0;0;1;807567,9932;5830663,291;13,53609683;52,53900203
208812;11;7;7100102;2018;12;23;7;3;6;2;2;0;1;1;0;0;0;1;795550,96;5825251,295;13,3546263;52,49713866
208814;11;8;8200832;2018;12;21;7;3;6;4;2;0;1;1;0;0;0;1;800631,1719;5816226,214;13,42111206;52,4134683
208815;11;11;11200411;2018;12;21;7;3;6;4;2;0;1;1;0;0;0;1;805848,5957;5831870,276;13,5119357;52,55078702
208817;11;11;11501238;2018;12;20;7;2;1;7;2;1;0;0;0;0;0;1;804938,3628;5825180,458;13,49241997;52,49133999
208819;11;1;1300836;2018;12;20;7;3;2;6;2;0;1;0;0;0;0;1;796938,3425;5830134,404;13,37936182;52,54015738
208821;11;1;1300836;2018;12;20;7;2;6;4;2;0;1;1;0;0;0;1;796788,4814;5830548,27;13,37752835;52,54394886
208823;11;8;8100207;2018;12;19;7;2;5;3;2;1;1;0;0;0;0;0;801299,6084;5823075,973;13,43708675;52,47449756
208825;11;11;11400930;2018;12;10;7;2;0;1;0;1;0;0;0;0;0;1;805511,1745;5826402,14;13,50195094;52,50196897
208826;11;4;4300620;2018;12;10;7;3;5;7;0;1;1;0;0;0;0;1;793133,2429;5827751,134;13,32131586;52,52085271
208828;11;1;1300733;2018;12;2;7;1;8;1;2;0;1;1;0;0;0;1;797160,546;5831876,157;13,38418705;52,55564897
208830;11;10;10200421;2018;12;17;6;3;6;2;2;0;1;1;0;0;0;1;812181,037;5830916,787;13,60413243;52,53865079
208832;11;11;11200512;2018;12;14;6;2;5;2;1;0;1;0;0;0;0;0;802888,2371;5831203,278;13,46780064;52,54646301
208834;11;1;1401046;2018;12;14;6;3;2;4;0;0;1;1;0;0;0;1;794624,3414;5829877,114;13,34511297;52,53910702
208836;11;6;6300525;2018;12;13;6;3;5;3;0;0;1;0;0;0;0;0;790288,472;5814825,282;13,26826291;52,40649146
208838;11;1;1100206;2018;12;12;6;3;3;6;0;0;1;0;0;0;0;1;797739,332;5827586,205;13,38885554;52,5168789
208840;11;8;8100102;2018;12;12;6;3;5;3;0;0;1;0;0;0;0;1;800537,4094;5823365,694;13,42615973;52,47751435
208842;11;2;2100102;2018;12;10;6;3;5;3;0;0;1;0;0;0;0;1;798215,389;5826241,296;13,39464545;52,50456342
208844;11;11;11100308;2018;12;10;6;3;9;7;0;0;1;0;0;0;0;1;804900,5096;5833317,975;13,49932614;52,56429335
208846;11;4;4200310;2018;12;10;6;3;5;3;0;0;1;0;0;0;0;0;789485,0143;5826798,422;13,26686844;52,51426051
208848;11;3;3501037;2018;12;10;6;3;5;7;0;1;1;0;0;0;0;1;802289,3817;5833109,289;13,46073187;52,56387893
208850;11;2;2500726;2018;12;9;6;3;2;6;0;0;1;0;0;0;0;1;801882,5599;5829015,474;13,45102757;52,52741195
208851;11;11;11300618;2018;12;9;6;2;0;7;1;1;0;0;0;0;0;1;802589,0571;5828801,391;13,46121525;52,52510148
208853;11;7;7400927;2018;12;7;6;3;5;3;1;0;1;0;0;0;0;1;799071,0488;5821704,541;13,40314424;52,46342927